a,b,stake,gtype,fill,d_a,d_b,d_both,synergy,synergy_rel
wall_hanger,mirror,s001,six_max,naked,147.8399999999997,0,147.8399999999997,0,0
wall_hanger,corkboard,s001,six_max,naked,147.8399999999997,523.2849999999994,688.7250000000004,17.600000000001273,0.026224622834794258
wall_hanger,stack_of_books,s001,six_max,naked,147.8399999999997,163.79999999999973,311.6399999999999,4.547473508864641e-13,1.4592072612195642e-15
wall_hanger,throw_pillow,s001,six_max,naked,147.8399999999997,43.02149999999938,190.86149999999952,4.547473508864641e-13,2.382603882325489e-15
wall_hanger,lava_lamp,s001,six_max,naked,147.8399999999997,460.404,608.2439999999997,0,0
wall_hanger,comfort_bed,s001,six_max,naked,147.8399999999997,1.104899999999816,148.94489999999996,4.547473508864641e-13,3.0531246849436644e-15
wall_hanger,sticky_notes,s001,six_max,naked,147.8399999999997,973.5599999999995,1158.3599999999997,36.96000000000049,0.032958801498127806
wall_hanger,calculator,s001,six_max,naked,147.8399999999997,0,147.8399999999997,0,0
wall_hanger,space_heater,s001,six_max,naked,147.8399999999997,138.4692,286.30920000000015,4.547473508864641e-13,1.5883085520355777e-15
wall_hanger,desk_plant,s001,six_max,naked,147.8399999999997,627.9420000000005,796.902,21.11999999999989,0.027224142864876844
wall_hanger,headset,s001,six_max,naked,147.8399999999997,0,147.8399999999997,0,0
wall_hanger,nes_console,s001,six_max,naked,147.8399999999997,0,147.8399999999997,0,0
wall_hanger,gameboy,s001,six_max,naked,147.8399999999997,0,147.8399999999997,0,0
wall_hanger,red_rug,s001,six_max,naked,147.8399999999997,0,147.8399999999997,0,0
wall_hanger,second_monitor,s001,six_max,naked,147.8399999999997,0,147.8399999999997,0,0
wall_hanger,toaster,s001,six_max,naked,147.8399999999997,625.1428799999994,903.0820800000001,130.09920000000102,0.16830799667904828
wall_hanger,nightstand,s001,six_max,naked,147.8399999999997,0,147.8399999999997,0,0
wall_hanger,desk_speakers,s001,six_max,naked,147.8399999999997,0,147.8399999999997,0,0
wall_hanger,bookshelf,s001,six_max,naked,147.8399999999997,0,147.8399999999997,0,0
mirror,corkboard,s001,six_max,naked,0,523.2849999999994,523.2849999999994,0,0
mirror,stack_of_books,s001,six_max,naked,0,163.79999999999973,163.79999999999973,0,0
mirror,throw_pillow,s001,six_max,naked,0,43.02149999999938,43.02149999999938,0,0
mirror,lava_lamp,s001,six_max,naked,0,460.404,460.404,0,0
mirror,comfort_bed,s001,six_max,naked,0,1.104899999999816,1.104899999999816,0,0
mirror,sticky_notes,s001,six_max,naked,0,973.5599999999995,973.5599999999995,0,0
mirror,calculator,s001,six_max,naked,0,0,0,0,0
mirror,space_heater,s001,six_max,naked,0,138.4692,138.4692,0,0
mirror,desk_plant,s001,six_max,naked,0,627.9420000000005,627.9420000000005,0,0
mirror,headset,s001,six_max,naked,0,0,0,0,0
mirror,nes_console,s001,six_max,naked,0,0,0,0,0
mirror,gameboy,s001,six_max,naked,0,0,0,0,0
mirror,red_rug,s001,six_max,naked,0,0,0,0,0
mirror,second_monitor,s001,six_max,naked,0,0,0,0,0
mirror,toaster,s001,six_max,naked,0,625.1428799999994,625.1428799999994,0,0
mirror,nightstand,s001,six_max,naked,0,0,0,0,0
mirror,desk_speakers,s001,six_max,naked,0,0,0,0,0
mirror,bookshelf,s001,six_max,naked,0,0,0,0,0
corkboard,stack_of_books,s001,six_max,naked,523.2849999999994,163.79999999999973,706.585,19.50000000000091,0.028380768027246896
corkboard,throw_pillow,s001,six_max,naked,523.2849999999994,43.02149999999938,562.597749999999,-3.7087499999997817,-0.006549015418328749
corkboard,lava_lamp,s001,six_max,naked,523.2849999999994,460.404,1038.4989999999998,54.8100000000004,0.05571882983341324
corkboard,comfort_bed,s001,six_max,naked,523.2849999999994,1.104899999999816,524.2946500000003,-0.09524999999894135,-0.00018163965400352198
corkboard,sticky_notes,s001,six_max,naked,523.2849999999994,973.5599999999995,1612.744999999999,115.90000000000009,0.0774295267713091
corkboard,calculator,s001,six_max,naked,523.2849999999994,0,523.2849999999994,0,0
corkboard,space_heater,s001,six_max,naked,523.2849999999994,138.4692,649.8171999999995,-11.936999999999898,-0.01803841970326733
corkboard,desk_plant,s001,six_max,naked,523.2849999999994,627.9420000000005,1151.2269999999999,0,0
corkboard,headset,s001,six_max,naked,523.2849999999994,0,523.2849999999994,0,0
corkboard,nes_console,s001,six_max,naked,523.2849999999994,0,523.2849999999994,0,0
corkboard,gameboy,s001,six_max,naked,523.2849999999994,0,523.2849999999994,0,0
corkboard,red_rug,s001,six_max,naked,523.2849999999994,0,523.2849999999994,0,0
corkboard,second_monitor,s001,six_max,naked,523.2849999999994,0,523.2849999999994,0,0
corkboard,toaster,s001,six_max,naked,523.2849999999994,625.1428799999994,1251.2810799999997,102.85320000000092,0.08955999918776009
corkboard,nightstand,s001,six_max,naked,523.2849999999994,0,523.2849999999994,0,0
corkboard,desk_speakers,s001,six_max,naked,523.2849999999994,0,523.2849999999994,0,0
corkboard,bookshelf,s001,six_max,naked,523.2849999999994,0,523.2849999999994,0,0
stack_of_books,throw_pillow,s001,six_max,naked,163.79999999999973,43.02149999999938,206.82150000000001,9.094947017729282e-13,4.397486246705164e-15
stack_of_books,lava_lamp,s001,six_max,naked,163.79999999999973,460.404,752.0939999999996,127.88999999999987,0.20488494146144517
stack_of_books,comfort_bed,s001,six_max,naked,163.79999999999973,1.104899999999816,164.90489999999954,0,0
stack_of_books,sticky_notes,s001,six_max,naked,163.79999999999973,973.5599999999995,1178.3099999999995,40.95000000000027,0.0360044313146236
stack_of_books,calculator,s001,six_max,naked,163.79999999999973,0,163.79999999999973,0,0
stack_of_books,space_heater,s001,six_max,naked,163.79999999999973,138.4692,302.2691999999997,0,0
stack_of_books,desk_plant,s001,six_max,naked,163.79999999999973,627.9420000000005,815.1419999999998,23.399999999999636,0.029555082337427634
stack_of_books,headset,s001,six_max,naked,163.79999999999973,0,163.79999999999973,0,0
stack_of_books,nes_console,s001,six_max,naked,163.79999999999973,0,163.79999999999973,0,0
stack_of_books,gameboy,s001,six_max,naked,163.79999999999973,0,163.79999999999973,0,0
stack_of_books,red_rug,s001,six_max,naked,163.79999999999973,0,163.79999999999973,0,0
stack_of_books,second_monitor,s001,six_max,naked,163.79999999999973,0,163.79999999999973,0,0
stack_of_books,toaster,s001,six_max,naked,163.79999999999973,625.1428799999994,844.0468799999994,55.10400000000027,0.06984536066793623
stack_of_books,nightstand,s001,six_max,naked,163.79999999999973,0,163.79999999999973,0,0
stack_of_books,desk_speakers,s001,six_max,naked,163.79999999999973,0,163.79999999999973,0,0
stack_of_books,bookshelf,s001,six_max,naked,163.79999999999973,0,163.79999999999973,0,0
throw_pillow,lava_lamp,s001,six_max,naked,43.02149999999938,460.404,503.42549999999983,4.547473508864641e-13,9.033061513301664e-16
throw_pillow,comfort_bed,s001,six_max,naked,43.02149999999938,1.104899999999816,44.126399999999194,0,0
throw_pillow,sticky_notes,s001,six_max,naked,43.02149999999938,973.5599999999995,1016.5815000000002,1.3642420526593924e-12,1.341989847994867e-15
throw_pillow,calculator,s001,six_max,naked,43.02149999999938,0,43.02149999999938,0,0
throw_pillow,space_heater,s001,six_max,naked,43.02149999999938,138.4692,172.88639999999987,-8.604299999999512,-0.04740904079382327
throw_pillow,desk_plant,s001,six_max,naked,43.02149999999938,627.9420000000005,666.5129999999999,-4.45049999999992,-0.006632998665352021
throw_pillow,headset,s001,six_max,naked,43.02149999999938,0,43.02149999999938,0,0
throw_pillow,nes_console,s001,six_max,naked,43.02149999999938,0,43.02149999999938,0,0
throw_pillow,gameboy,s001,six_max,naked,43.02149999999938,0,43.02149999999938,0,0
throw_pillow,red_rug,s001,six_max,naked,43.02149999999938,0,43.02149999999938,0,0
throw_pillow,second_monitor,s001,six_max,naked,43.02149999999938,0,43.02149999999938,0,0
throw_pillow,toaster,s001,six_max,naked,43.02149999999938,625.1428799999994,674.8877400000001,6.723360000001321,0.010062434037566225
throw_pillow,nightstand,s001,six_max,naked,43.02149999999938,0,43.02149999999938,0,0
throw_pillow,desk_speakers,s001,six_max,naked,43.02149999999938,0,43.02149999999938,0,0
throw_pillow,bookshelf,s001,six_max,naked,43.02149999999938,0,43.02149999999938,0,0
lava_lamp,comfort_bed,s001,six_max,naked,460.404,1.104899999999816,461.5088999999998,0,0
lava_lamp,sticky_notes,s001,six_max,naked,460.404,973.5599999999995,1549.0649999999996,115.10100000000011,0.08026770546540928
lava_lamp,calculator,s001,six_max,naked,460.404,0,460.404,0,0
lava_lamp,space_heater,s001,six_max,naked,460.404,138.4692,598.8731999999995,-4.547473508864641e-13,-7.593382887837761e-16
lava_lamp,desk_plant,s001,six_max,naked,460.404,627.9420000000005,1154.1179999999995,65.77199999999903,0.06043298730366905
lava_lamp,headset,s001,six_max,naked,460.404,0,460.404,0,0
lava_lamp,nes_console,s001,six_max,naked,460.404,0,460.404,0,0
lava_lamp,gameboy,s001,six_max,naked,460.404,0,460.404,0,0
lava_lamp,red_rug,s001,six_max,naked,460.404,0,460.404,0,0
lava_lamp,second_monitor,s001,six_max,naked,460.404,0,460.404,0,0
lava_lamp,toaster,s001,six_max,naked,460.404,625.1428799999994,1163.0217599999996,77.47488000000021,0.07136944652265985
lava_lamp,nightstand,s001,six_max,naked,460.404,0,460.404,0,0
lava_lamp,desk_speakers,s001,six_max,naked,460.404,0,460.404,0,0
lava_lamp,bookshelf,s001,six_max,naked,460.404,0,460.404,0,0
comfort_bed,sticky_notes,s001,six_max,naked,1.104899999999816,973.5599999999995,974.6648999999998,4.547473508864641e-13,4.66567895167318e-16
comfort_bed,calculator,s001,six_max,naked,1.104899999999816,0,1.104899999999816,0,0
comfort_bed,space_heater,s001,six_max,naked,1.104899999999816,138.4692,139.35311999999976,-0.22098000000005413,-0.0015832450289849937
comfort_bed,desk_plant,s001,six_max,naked,1.104899999999816,627.9420000000005,628.9326000000001,-0.11430000000018481,-0.00018170346281045938
comfort_bed,headset,s001,six_max,naked,1.104899999999816,0,1.104899999999816,0,0
comfort_bed,nes_console,s001,six_max,naked,1.104899999999816,0,1.104899999999816,0,0
comfort_bed,gameboy,s001,six_max,naked,1.104899999999816,0,1.104899999999816,0,0
comfort_bed,red_rug,s001,six_max,naked,1.104899999999816,0,1.104899999999816,0,0
comfort_bed,second_monitor,s001,six_max,naked,1.104899999999816,0,1.104899999999816,0,0
comfort_bed,toaster,s001,six_max,naked,1.104899999999816,625.1428799999994,626.159388,-0.08839199999920311,-0.000141145410526171
comfort_bed,nightstand,s001,six_max,naked,1.104899999999816,0,1.104899999999816,0,0
comfort_bed,desk_speakers,s001,six_max,naked,1.104899999999816,0,1.104899999999816,0,0
comfort_bed,bookshelf,s001,six_max,naked,1.104899999999816,0,1.104899999999816,0,0
sticky_notes,calculator,s001,six_max,naked,973.5599999999995,0,973.5599999999995,0,0
sticky_notes,space_heater,s001,six_max,naked,973.5599999999995,138.4692,1112.0292,4.547473508864641e-13,4.089347212163712e-16
sticky_notes,desk_plant,s001,six_max,naked,973.5599999999995,627.9420000000005,1740.5819999999994,139.07999999999947,0.08684347568719832
sticky_notes,headset,s001,six_max,naked,973.5599999999995,0,973.5599999999995,0,0
sticky_notes,nes_console,s001,six_max,naked,973.5599999999995,0,973.5599999999995,0,0
sticky_notes,gameboy,s001,six_max,naked,973.5599999999995,0,973.5599999999995,0,0
sticky_notes,red_rug,s001,six_max,naked,973.5599999999995,0,973.5599999999995,0,0
sticky_notes,second_monitor,s001,six_max,naked,973.5599999999995,0,973.5599999999995,0,0
sticky_notes,toaster,s001,six_max,naked,973.5599999999995,625.1428799999994,1789.6180799999993,190.91520000000037,0.11941881283156286
sticky_notes,nightstand,s001,six_max,naked,973.5599999999995,0,973.5599999999995,0,0
sticky_notes,desk_speakers,s001,six_max,naked,973.5599999999995,0,973.5599999999995,0,0
sticky_notes,bookshelf,s001,six_max,naked,973.5599999999995,0,973.5599999999995,0,0
calculator,space_heater,s001,six_max,naked,0,138.4692,138.4692,0,0
calculator,desk_plant,s001,six_max,naked,0,627.9420000000005,627.9420000000005,0,0
calculator,headset,s001,six_max,naked,0,0,0,0,0
calculator,nes_console,s001,six_max,naked,0,0,0,0,0
calculator,gameboy,s001,six_max,naked,0,0,0,0,0
calculator,red_rug,s001,six_max,naked,0,0,0,0,0
calculator,second_monitor,s001,six_max,naked,0,0,0,0,0
calculator,toaster,s001,six_max,naked,0,625.1428799999994,625.1428799999994,0,0
calculator,nightstand,s001,six_max,naked,0,0,0,0,0
calculator,desk_speakers,s001,six_max,naked,0,0,0,0,0
calculator,bookshelf,s001,six_max,naked,0,0,0,0,0
space_heater,desk_plant,s001,six_max,naked,138.4692,627.9420000000005,752.0867999999996,-14.324400000000878,-0.01869022790898785
space_heater,headset,s001,six_max,naked,138.4692,0,138.4692,0,0
space_heater,nes_console,s001,six_max,naked,138.4692,0,138.4692,0,0
space_heater,gameboy,s001,six_max,naked,138.4692,0,138.4692,0,0
space_heater,red_rug,s001,six_max,naked,138.4692,0,138.4692,0,0
space_heater,second_monitor,s001,six_max,naked,138.4692,0,138.4692,0,0
space_heater,toaster,s001,six_max,naked,138.4692,625.1428799999994,791.3156639999993,27.703583999999864,0.036279656550221
space_heater,nightstand,s001,six_max,naked,138.4692,0,138.4692,0,0
space_heater,desk_speakers,s001,six_max,naked,138.4692,0,138.4692,0,0
space_heater,bookshelf,s001,six_max,naked,138.4692,0,138.4692,0,0
desk_plant,headset,s001,six_max,naked,627.9420000000005,0,627.9420000000005,0,0
desk_plant,nes_console,s001,six_max,naked,627.9420000000005,0,627.9420000000005,0,0
desk_plant,gameboy,s001,six_max,naked,627.9420000000005,0,627.9420000000005,0,0
desk_plant,red_rug,s001,six_max,naked,627.9420000000005,0,627.9420000000005,0,0
desk_plant,second_monitor,s001,six_max,naked,627.9420000000005,0,627.9420000000005,0,0
desk_plant,toaster,s001,six_max,naked,627.9420000000005,625.1428799999994,1376.5087199999998,123.42383999999993,0.09849599334404222
desk_plant,nightstand,s001,six_max,naked,627.9420000000005,0,627.9420000000005,0,0
desk_plant,desk_speakers,s001,six_max,naked,627.9420000000005,0,627.9420000000005,0,0
desk_plant,bookshelf,s001,six_max,naked,627.9420000000005,0,627.9420000000005,0,0
headset,nes_console,s001,six_max,naked,0,0,0,0,0
headset,gameboy,s001,six_max,naked,0,0,0,0,0
headset,red_rug,s001,six_max,naked,0,0,0,0,0
headset,second_monitor,s001,six_max,naked,0,0,0,0,0
headset,toaster,s001,six_max,naked,0,625.1428799999994,625.1428799999994,0,0
headset,nightstand,s001,six_max,naked,0,0,0,0,0
headset,desk_speakers,s001,six_max,naked,0,0,0,0,0
headset,bookshelf,s001,six_max,naked,0,0,0,0,0
nes_console,gameboy,s001,six_max,naked,0,0,0,0,0
nes_console,red_rug,s001,six_max,naked,0,0,0,0,0
nes_console,second_monitor,s001,six_max,naked,0,0,0,0,0
nes_console,toaster,s001,six_max,naked,0,625.1428799999994,625.1428799999994,0,0
nes_console,nightstand,s001,six_max,naked,0,0,0,0,0
nes_console,desk_speakers,s001,six_max,naked,0,0,0,0,0
nes_console,bookshelf,s001,six_max,naked,0,0,0,0,0
gameboy,red_rug,s001,six_max,naked,0,0,0,0,0
gameboy,second_monitor,s001,six_max,naked,0,0,0,0,0
gameboy,toaster,s001,six_max,naked,0,625.1428799999994,625.1428799999994,0,0
gameboy,nightstand,s001,six_max,naked,0,0,0,0,0
gameboy,desk_speakers,s001,six_max,naked,0,0,0,0,0
gameboy,bookshelf,s001,six_max,naked,0,0,0,0,0
red_rug,second_monitor,s001,six_max,naked,0,0,0,0,0
red_rug,toaster,s001,six_max,naked,0,625.1428799999994,625.1428799999994,0,0
red_rug,nightstand,s001,six_max,naked,0,0,0,0,0
red_rug,desk_speakers,s001,six_max,naked,0,0,0,0,0
red_rug,bookshelf,s001,six_max,naked,0,0,0,0,0
second_monitor,toaster,s001,six_max,naked,0,625.1428799999994,625.1428799999994,0,0
second_monitor,nightstand,s001,six_max,naked,0,0,0,0,0
second_monitor,desk_speakers,s001,six_max,naked,0,0,0,0,0
second_monitor,bookshelf,s001,six_max,naked,0,0,0,0,0
toaster,nightstand,s001,six_max,naked,625.1428799999994,0,625.1428799999994,0,0
toaster,desk_speakers,s001,six_max,naked,625.1428799999994,0,625.1428799999994,0,0
toaster,bookshelf,s001,six_max,naked,625.1428799999994,0,625.1428799999994,0,0
nightstand,desk_speakers,s001,six_max,naked,0,0,0,0,0
nightstand,bookshelf,s001,six_max,naked,0,0,0,0,0
desk_speakers,bookshelf,s001,six_max,naked,0,0,0,0,0
wall_hanger,mirror,s001,six_max,capped,5896,0,5896,0,0
wall_hanger,corkboard,s001,six_max,capped,5896,2580.9349999999977,8916.934999999998,440,0.051905553127398064
wall_hanger,stack_of_books,s001,six_max,capped,5896,65.32500000000437,5961.325000000004,0,0
wall_hanger,throw_pillow,s001,six_max,capped,5896,3.192750000001979,5899.192750000002,0,0
wall_hanger,lava_lamp,s001,six_max,capped,5896,306.0224999999991,6202.022500000006,7.275957614183426e-12,1.1731588549031266e-15
wall_hanger,comfort_bed,s001,six_max,capped,5896,0.6286499999987427,5896.628650000006,7.275957614183426e-12,1.233918234648103e-15
wall_hanger,sticky_notes,s001,six_max,capped,5896,8548.362500000003,15918.362500000003,1474,0.10204673276511855
wall_hanger,calculator,s001,six_max,capped,5896,6394.563375000005,13517.107375,1226.5439999999944,0.09979558809280327
wall_hanger,space_heater,s001,six_max,capped,5896,38.52419999999984,5934.5242,0,0
wall_hanger,desk_plant,s001,six_max,capped,5896,3097.122000000003,9521.122000000003,528,0.058711535326664066
wall_hanger,headset,s001,six_max,capped,5896,0,5896,0,0
wall_hanger,nes_console,s001,six_max,capped,5896,0,5896,0,0
wall_hanger,gameboy,s001,six_max,capped,5896,0,5896,0,0
wall_hanger,red_rug,s001,six_max,capped,5896,0,5896,0,0
wall_hanger,second_monitor,s001,six_max,capped,5896,0,5896,0,0
wall_hanger,toaster,s001,six_max,capped,5896,978.4912800000093,7110.331280000006,235.8399999999965,0.034306538534149715
wall_hanger,nightstand,s001,six_max,capped,5896,-6562.079444443996,-1917.4394444439968,-1251.3600000000006,-0.10044565902636599
wall_hanger,desk_speakers,s001,six_max,capped,5896,0,5896,0,0
wall_hanger,bookshelf,s001,six_max,capped,5896,0,5896,0,0
mirror,corkboard,s001,six_max,capped,0,2580.9349999999977,2580.9349999999977,0,0
mirror,stack_of_books,s001,six_max,capped,0,65.32500000000437,65.32500000000437,0,0
mirror,throw_pillow,s001,six_max,capped,0,3.192750000001979,3.192750000001979,0,0
mirror,lava_lamp,s001,six_max,capped,0,306.0224999999991,306.0224999999991,0,0
mirror,comfort_bed,s001,six_max,capped,0,0.6286499999987427,0.6286499999987427,0,0
mirror,sticky_notes,s001,six_max,capped,0,8548.362500000003,8548.362500000003,0,0
mirror,calculator,s001,six_max,capped,0,6394.563375000005,6394.563375000005,0,0
mirror,space_heater,s001,six_max,capped,0,38.52419999999984,38.52419999999984,0,0
mirror,desk_plant,s001,six_max,capped,0,3097.122000000003,3097.122000000003,0,0
mirror,headset,s001,six_max,capped,0,0,0,0,0
mirror,nes_console,s001,six_max,capped,0,0,0,0,0
mirror,gameboy,s001,six_max,capped,0,0,0,0,0
mirror,red_rug,s001,six_max,capped,0,0,0,0,0
mirror,second_monitor,s001,six_max,capped,0,0,0,0,0
mirror,toaster,s001,six_max,capped,0,978.4912800000093,978.4912800000093,0,0
mirror,nightstand,s001,six_max,capped,0,-6562.079444443996,-6562.079444443996,0,0
mirror,desk_speakers,s001,six_max,capped,0,0,0,0,0
mirror,bookshelf,s001,six_max,capped,0,0,0,0,0
corkboard,stack_of_books,s001,six_max,capped,2580.9349999999977,65.32500000000437,2651.135000000002,4.875,0.0018422226085116338
corkboard,throw_pillow,s001,six_max,capped,2580.9349999999977,3.192750000001979,2583.6440000000075,-0.48374999999214197,-0.00018720049734079208
corkboard,lava_lamp,s001,six_max,capped,2580.9349999999977,306.0224999999991,2909.7950000000055,22.83750000000873,0.00791057713873819
corkboard,comfort_bed,s001,six_max,capped,2580.9349999999977,0.6286499999987427,2581.468400000005,-0.09524999999121064,-0.00003689624309329378
corkboard,sticky_notes,s001,six_max,capped,2580.9349999999977,8548.362500000003,11767.235,637.9375,0.05732055414998116
corkboard,calculator,s001,six_max,capped,2580.9349999999977,6394.563375000005,9284.145875000002,308.6474999999991,0.03438778406552818
corkboard,space_heater,s001,six_max,capped,2580.9349999999977,38.52419999999984,2613.6222000000053,-5.836999999992258,-0.002228322548407039
corkboard,desk_plant,s001,six_max,capped,2580.9349999999977,3097.122000000003,5678.057000000001,0,0
corkboard,headset,s001,six_max,capped,2580.9349999999977,0,2580.9349999999977,0,0
corkboard,nes_console,s001,six_max,capped,2580.9349999999977,0,2580.9349999999977,0,0
corkboard,gameboy,s001,six_max,capped,2580.9349999999977,0,2580.9349999999977,0,0
corkboard,red_rug,s001,six_max,capped,2580.9349999999977,0,2580.9349999999977,0,0
corkboard,second_monitor,s001,six_max,capped,2580.9349999999977,0,2580.9349999999977,0,0
corkboard,toaster,s001,six_max,capped,2580.9349999999977,978.4912800000093,3643.715480000006,84.28919999999925,0.023680557867881757
corkboard,nightstand,s001,six_max,capped,2580.9349999999977,-6562.079444443996,-4324.086111112003,-342.9416666680045,-0.03750859946157063
corkboard,desk_speakers,s001,six_max,capped,2580.9349999999977,0,2580.9349999999977,0,0
corkboard,bookshelf,s001,six_max,capped,2580.9349999999977,0,2580.9349999999977,0,0
stack_of_books,throw_pillow,s001,six_max,capped,65.32500000000437,3.192750000001979,68.51774999999907,-7.275957614183426e-12,-1.0619084272590318e-13
stack_of_books,lava_lamp,s001,six_max,capped,65.32500000000437,306.0224999999991,422.351250000007,51.00375000000349,0.13734776725305275
stack_of_books,comfort_bed,s001,six_max,capped,65.32500000000437,0.6286499999987427,65.95365000000311,0,0
stack_of_books,sticky_notes,s001,six_max,capped,65.32500000000437,8548.362500000003,8630.018749999996,16.33124999998836,0.0018959649975679226
stack_of_books,calculator,s001,six_max,capped,65.32500000000437,6394.563375000005,6432.5030625,-27.385312500009604,-0.004239285713665225
stack_of_books,space_heater,s001,six_max,capped,65.32500000000437,38.52419999999984,103.84919999999693,-7.275957614183426e-12,-7.006272185229286e-14
stack_of_books,desk_plant,s001,six_max,capped,65.32500000000437,3097.122000000003,3168.297000000006,5.849999999998545,0.0018498333727011175
stack_of_books,headset,s001,six_max,capped,65.32500000000437,0,65.32500000000437,0,0
stack_of_books,nes_console,s001,six_max,capped,65.32500000000437,0,65.32500000000437,0,0
stack_of_books,gameboy,s001,six_max,capped,65.32500000000437,0,65.32500000000437,0,0
stack_of_books,red_rug,s001,six_max,capped,65.32500000000437,0,65.32500000000437,0,0
stack_of_books,second_monitor,s001,six_max,capped,65.32500000000437,0,65.32500000000437,0,0
stack_of_books,toaster,s001,six_max,capped,65.32500000000437,978.4912800000093,1065.7922799999942,21.97599999998056,0.021053513363463033
stack_of_books,nightstand,s001,six_max,capped,65.32500000000437,-6562.079444443996,-6470.185694444001,26.56874999999127,0.004008922380203435
stack_of_books,desk_speakers,s001,six_max,capped,65.32500000000437,0,65.32500000000437,0,0
stack_of_books,bookshelf,s001,six_max,capped,65.32500000000437,0,65.32500000000437,0,0
throw_pillow,lava_lamp,s001,six_max,capped,3.192750000001979,306.0224999999991,309.2152500000011,0,0
throw_pillow,comfort_bed,s001,six_max,capped,3.192750000001979,0.6286499999987427,3.8214000000079977,7.275957614183426e-12,1.904003143921613e-12
throw_pillow,sticky_notes,s001,six_max,capped,3.192750000001979,8548.362500000003,8551.555250000005,0,0
throw_pillow,calculator,s001,six_max,capped,3.192750000001979,6394.563375000005,6394.563375000005,-3.192750000001979,-0.0004990421544087812
throw_pillow,space_heater,s001,six_max,capped,3.192750000001979,38.52419999999984,41.07839999999851,-0.6385500000033062,-0.01530672784092026
throw_pillow,desk_plant,s001,six_max,capped,3.192750000001979,3097.122000000003,3099.7342500000013,-0.5805000000036671,-0.00018723905371339028
throw_pillow,headset,s001,six_max,capped,3.192750000001979,0,3.192750000001979,0,0
throw_pillow,nes_console,s001,six_max,capped,3.192750000001979,0,3.192750000001979,0,0
throw_pillow,gameboy,s001,six_max,capped,3.192750000001979,0,3.192750000001979,0,0
throw_pillow,red_rug,s001,six_max,capped,3.192750000001979,0,3.192750000001979,0,0
throw_pillow,second_monitor,s001,six_max,capped,3.192750000001979,0,3.192750000001979,0,0
throw_pillow,toaster,s001,six_max,capped,3.192750000001979,978.4912800000093,982.1829900000012,0.4989599999898928,0.0005082694479504644
throw_pillow,nightstand,s001,six_max,capped,3.192750000001979,-6562.079444443996,-6554.488152777994,4.398541665999801,0.000669970952571039
throw_pillow,desk_speakers,s001,six_max,capped,3.192750000001979,0,3.192750000001979,0,0
throw_pillow,bookshelf,s001,six_max,capped,3.192750000001979,0,3.192750000001979,0,0
lava_lamp,comfort_bed,s001,six_max,capped,306.0224999999991,0.6286499999987427,306.65114999999787,0,0
lava_lamp,sticky_notes,s001,six_max,capped,306.0224999999991,8548.362500000003,8930.890625,76.50562499999796,0.00864042223147039
lava_lamp,calculator,s001,six_max,capped,306.0224999999991,6394.563375000005,6649.852368750006,-50.733506249998754,-0.007571503029203207
lava_lamp,space_heater,s001,six_max,capped,306.0224999999991,38.52419999999984,344.54670000000624,7.275957614183426e-12,2.111747874579396e-14
lava_lamp,desk_plant,s001,six_max,capped,306.0224999999991,3097.122000000003,3430.549500000001,27.404999999998836,0.008052846418951301
lava_lamp,headset,s001,six_max,capped,306.0224999999991,0,306.0224999999991,0,0
lava_lamp,nes_console,s001,six_max,capped,306.0224999999991,0,306.0224999999991,0,0
lava_lamp,gameboy,s001,six_max,capped,306.0224999999991,0,306.0224999999991,0,0
lava_lamp,red_rug,s001,six_max,capped,306.0224999999991,0,306.0224999999991,0,0
lava_lamp,second_monitor,s001,six_max,capped,306.0224999999991,0,306.0224999999991,0,0
lava_lamp,toaster,s001,six_max,capped,306.0224999999991,978.4912800000093,1336.0099800000025,51.49619999999413,0.040090033132999005
lava_lamp,nightstand,s001,six_max,capped,306.0224999999991,-6562.079444443996,-6208.123569444,47.933374999996886,0.006979129807293115
lava_lamp,desk_speakers,s001,six_max,capped,306.0224999999991,0,306.0224999999991,0,0
lava_lamp,bookshelf,s001,six_max,capped,306.0224999999991,0,306.0224999999991,0,0
comfort_bed,sticky_notes,s001,six_max,capped,0.6286499999987427,8548.362500000003,8548.991150000002,0,0
comfort_bed,calculator,s001,six_max,capped,0.6286499999987427,6394.563375000005,6395.120587500001,-0.07143750000250293,-0.00001117050117076084
comfort_bed,space_heater,s001,six_max,capped,0.6286499999987427,38.52419999999984,39.02712000000611,-0.12572999999247259,-0.0032112604827612074
comfort_bed,desk_plant,s001,six_max,capped,0.6286499999987427,3097.122000000003,3097.6363500000007,-0.1143000000010943,-0.00003689774062386017
comfort_bed,headset,s001,six_max,capped,0.6286499999987427,0,0.6286499999987427,0,0
comfort_bed,nes_console,s001,six_max,capped,0.6286499999987427,0,0.6286499999987427,0,0
comfort_bed,gameboy,s001,six_max,capped,0.6286499999987427,0,0.6286499999987427,0,0
comfort_bed,red_rug,s001,six_max,capped,0.6286499999987427,0,0.6286499999987427,0,0
comfort_bed,second_monitor,s001,six_max,capped,0.6286499999987427,0,0.6286499999987427,0,0
comfort_bed,toaster,s001,six_max,capped,0.6286499999987427,978.4912800000093,979.0696380000009,-0.050292000007175375,-0.000051364494242472386
comfort_bed,nightstand,s001,six_max,capped,0.6286499999987427,-6562.079444443996,-6561.371419443996,0.07937500000116415,0.000012094854572057414
comfort_bed,desk_speakers,s001,six_max,capped,0.6286499999987427,0,0.6286499999987427,0,0
comfort_bed,bookshelf,s001,six_max,capped,0.6286499999987427,0,0.6286499999987427,0,0
sticky_notes,calculator,s001,six_max,capped,8548.362500000003,6394.563375000005,16529.40359375,1586.477718749993,0.1061691486674789
sticky_notes,space_heater,s001,six_max,capped,8548.362500000003,38.52419999999984,8586.886700000003,0,0
sticky_notes,desk_plant,s001,six_max,capped,8548.362500000003,3097.122000000003,12411.0095,765.5249999999942,0.06573577939157395
sticky_notes,headset,s001,six_max,capped,8548.362500000003,0,8548.362500000003,0,0
sticky_notes,nes_console,s001,six_max,capped,8548.362500000003,0,8548.362500000003,0,0
sticky_notes,gameboy,s001,six_max,capped,8548.362500000003,0,8548.362500000003,0,0
sticky_notes,red_rug,s001,six_max,capped,8548.362500000003,0,8548.362500000003,0,0
sticky_notes,second_monitor,s001,six_max,capped,8548.362500000003,0,8548.362500000003,0,0
sticky_notes,toaster,s001,six_max,capped,8548.362500000003,978.4912800000093,9783.932780000003,257.07899999999063,0.026984669434066858
sticky_notes,nightstand,s001,six_max,capped,8548.362500000003,-6562.079444443996,361.2899305559986,-1624.9931250000081,-0.10754107199343077
sticky_notes,desk_speakers,s001,six_max,capped,8548.362500000003,0,8548.362500000003,0,0
sticky_notes,bookshelf,s001,six_max,capped,8548.362500000003,0,8548.362500000003,0,0
calculator,space_heater,s001,six_max,capped,6394.563375000005,38.52419999999984,6423.357075000007,-9.730499999997846,-0.00151257073474518
calculator,desk_plant,s001,six_max,capped,6394.563375000005,3097.122000000003,9862.062375000001,370.37699999999313,0.03902120491430562
calculator,headset,s001,six_max,capped,6394.563375000005,0,6394.563375000005,0,0
calculator,nes_console,s001,six_max,capped,6394.563375000005,0,6394.563375000005,0,0
calculator,gameboy,s001,six_max,capped,6394.563375000005,0,6394.563375000005,0,0
calculator,red_rug,s001,six_max,capped,6394.563375000005,0,6394.563375000005,0,0
calculator,second_monitor,s001,six_max,capped,6394.563375000005,0,6394.563375000005,0,0
calculator,toaster,s001,six_max,capped,6394.563375000005,978.4912800000093,7410.045465000003,36.990809999988414,0.0050170264199660055
calculator,nightstand,s001,six_max,capped,6394.563375000005,-6562.079444443996,-1694.1044965280016,-1526.5884270840106,-0.117822837933995
calculator,desk_speakers,s001,six_max,capped,6394.563375000005,0,6394.563375000005,0,0
calculator,bookshelf,s001,six_max,capped,6394.563375000005,0,6394.563375000005,0,0
space_heater,desk_plant,s001,six_max,capped,38.52419999999984,3097.122000000003,3128.641800000005,-7.004399999997986,-0.002233797932942173
space_heater,headset,s001,six_max,capped,38.52419999999984,0,38.52419999999984,0,0
space_heater,nes_console,s001,six_max,capped,38.52419999999984,0,38.52419999999984,0,0
space_heater,gameboy,s001,six_max,capped,38.52419999999984,0,38.52419999999984,0,0
space_heater,red_rug,s001,six_max,capped,38.52419999999984,0,38.52419999999984,0,0
space_heater,second_monitor,s001,six_max,capped,38.52419999999984,0,38.52419999999984,0,0
space_heater,toaster,s001,six_max,capped,38.52419999999984,978.4912800000093,1026.9804240000012,9.964943999992101,0.00979822254032162
space_heater,nightstand,s001,six_max,capped,38.52419999999984,-6562.079444443996,-6511.133855556,12.421388887996727,0.0018818565023901003
space_heater,desk_speakers,s001,six_max,capped,38.52419999999984,0,38.52419999999984,0,0
space_heater,bookshelf,s001,six_max,capped,38.52419999999984,0,38.52419999999984,0,0
desk_plant,headset,s001,six_max,capped,3097.122000000003,0,3097.122000000003,0,0
desk_plant,nes_console,s001,six_max,capped,3097.122000000003,0,3097.122000000003,0,0
desk_plant,gameboy,s001,six_max,capped,3097.122000000003,0,3097.122000000003,0,0
desk_plant,red_rug,s001,six_max,capped,3097.122000000003,0,3097.122000000003,0,0
desk_plant,second_monitor,s001,six_max,capped,3097.122000000003,0,3097.122000000003,0,0
desk_plant,toaster,s001,six_max,capped,3097.122000000003,978.4912800000093,4176.760320000001,101.14703999998892,0.02481762450238866
desk_plant,nightstand,s001,six_max,capped,3097.122000000003,-6562.079444443996,-3876.4874444439993,-411.5300000000061,-0.042604971266720956
desk_plant,desk_speakers,s001,six_max,capped,3097.122000000003,0,3097.122000000003,0,0
desk_plant,bookshelf,s001,six_max,capped,3097.122000000003,0,3097.122000000003,0,0
headset,nes_console,s001,six_max,capped,0,0,0,0,0
headset,gameboy,s001,six_max,capped,0,0,0,0,0
headset,red_rug,s001,six_max,capped,0,0,0,0,0
headset,second_monitor,s001,six_max,capped,0,0,0,0,0
headset,toaster,s001,six_max,capped,0,978.4912800000093,978.4912800000093,0,0
headset,nightstand,s001,six_max,capped,0,-6562.079444443996,-6562.079444443996,0,0
headset,desk_speakers,s001,six_max,capped,0,0,0,0,0
headset,bookshelf,s001,six_max,capped,0,0,0,0,0
nes_console,gameboy,s001,six_max,capped,0,0,0,0,0
nes_console,red_rug,s001,six_max,capped,0,0,0,0,0
nes_console,second_monitor,s001,six_max,capped,0,0,0,0,0
nes_console,toaster,s001,six_max,capped,0,978.4912800000093,978.4912800000093,0,0
nes_console,nightstand,s001,six_max,capped,0,-6562.079444443996,-6562.079444443996,0,0
nes_console,desk_speakers,s001,six_max,capped,0,0,0,0,0
nes_console,bookshelf,s001,six_max,capped,0,0,0,0,0
gameboy,red_rug,s001,six_max,capped,0,0,0,0,0
gameboy,second_monitor,s001,six_max,capped,0,0,0,0,0
gameboy,toaster,s001,six_max,capped,0,978.4912800000093,978.4912800000093,0,0
gameboy,nightstand,s001,six_max,capped,0,-6562.079444443996,-6562.079444443996,0,0
gameboy,desk_speakers,s001,six_max,capped,0,0,0,0,0
gameboy,bookshelf,s001,six_max,capped,0,0,0,0,0
red_rug,second_monitor,s001,six_max,capped,0,0,0,0,0
red_rug,toaster,s001,six_max,capped,0,978.4912800000093,978.4912800000093,0,0
red_rug,nightstand,s001,six_max,capped,0,-6562.079444443996,-6562.079444443996,0,0
red_rug,desk_speakers,s001,six_max,capped,0,0,0,0,0
red_rug,bookshelf,s001,six_max,capped,0,0,0,0,0
second_monitor,toaster,s001,six_max,capped,0,978.4912800000093,978.4912800000093,0,0
second_monitor,nightstand,s001,six_max,capped,0,-6562.079444443996,-6562.079444443996,0,0
second_monitor,desk_speakers,s001,six_max,capped,0,0,0,0,0
second_monitor,bookshelf,s001,six_max,capped,0,0,0,0,0
toaster,nightstand,s001,six_max,capped,978.4912800000093,-6562.079444443996,-5629.587897777998,-45.99973333401067,-0.0061002986398489625
toaster,desk_speakers,s001,six_max,capped,978.4912800000093,0,978.4912800000093,0,0
toaster,bookshelf,s001,six_max,capped,978.4912800000093,0,978.4912800000093,0,0
nightstand,desk_speakers,s001,six_max,capped,-6562.079444443996,0,-6562.079444443996,0,0
nightstand,bookshelf,s001,six_max,capped,-6562.079444443996,0,-6562.079444443996,0,0
desk_speakers,bookshelf,s001,six_max,capped,0,0,0,0,0
wall_hanger,mirror,s001,hu,naked,747.9999999999995,3510.9249999999997,4445.924999999999,187,0.04390779363336993
wall_hanger,corkboard,s001,hu,naked,747.9999999999995,1755.4625,2596.962499999999,93.49999999999955,0.037348272642390115
wall_hanger,stack_of_books,s001,hu,naked,747.9999999999995,220,967.9999999999995,0,0
wall_hanger,throw_pillow,s001,hu,naked,747.9999999999995,272.5124999999998,1020.5124999999994,0,0
wall_hanger,lava_lamp,s001,hu,naked,747.9999999999995,292.49999999999955,1040.5,9.094947017729282e-13,8.740938988687448e-16
wall_hanger,comfort_bed,s001,hu,naked,747.9999999999995,431.4824999999996,1179.4825,9.094947017729282e-13,7.710963933529568e-16
wall_hanger,sticky_notes,s001,hu,naked,747.9999999999995,2387.4999999999995,3322.4999999999995,187.00000000000045,0.05963961090735146
wall_hanger,calculator,s001,hu,naked,747.9999999999995,0,747.9999999999995,0,0
wall_hanger,space_heater,s001,hu,naked,747.9999999999995,1348.1100000000001,2096.109999999999,-4.547473508864641e-13,-2.1694822833079572e-16
wall_hanger,desk_plant,s001,hu,naked,747.9999999999995,0,747.9999999999995,0,0
wall_hanger,headset,s001,hu,naked,747.9999999999995,0,747.9999999999995,0,0
wall_hanger,nes_console,s001,hu,naked,747.9999999999995,1053.2774999999997,1857.3775,56.10000000000082,0.03114456267843286
wall_hanger,gameboy,s001,hu,naked,747.9999999999995,0,747.9999999999995,0,0
wall_hanger,red_rug,s001,hu,naked,747.9999999999995,0,747.9999999999995,0,0
wall_hanger,second_monitor,s001,hu,naked,747.9999999999995,0,747.9999999999995,0,0
wall_hanger,toaster,s001,hu,naked,747.9999999999995,-117.63600000000042,717.4039999999995,87.04000000000042,0.10055034679703757
wall_hanger,nightstand,s001,hu,naked,747.9999999999995,0,747.9999999999995,0,0
wall_hanger,desk_speakers,s001,hu,naked,747.9999999999995,0,747.9999999999995,0,0
wall_hanger,bookshelf,s001,hu,naked,747.9999999999995,0,747.9999999999995,0,0
mirror,corkboard,s001,hu,naked,3510.9249999999997,1755.4625,5266.387500000001,9.094947017729282e-13,1.726980215134052e-16
mirror,stack_of_books,s001,hu,naked,3510.9249999999997,220,3785.924999999999,54.99999999999909,0.014741652539249406
mirror,throw_pillow,s001,hu,naked,3510.9249999999997,272.5124999999998,3738.0187499999997,-45.41874999999982,-0.012004625423308784
mirror,lava_lamp,s001,hu,naked,3510.9249999999997,292.49999999999955,3876.549999999999,73.12499999999955,0.019226092272096745
mirror,comfort_bed,s001,hu,naked,3510.9249999999997,431.4824999999996,3870.4937499999983,-71.91375000000107,-0.018241074774741343
mirror,sticky_notes,s001,hu,naked,3510.9249999999997,2387.4999999999995,6495.299999999999,596.875,0.10119226742732171
mirror,calculator,s001,hu,naked,3510.9249999999997,0,3510.9249999999997,0,0
mirror,space_heater,s001,hu,naked,3510.9249999999997,1348.1100000000001,4634.35,-224.6849999999995,-0.04624066301230584
mirror,desk_plant,s001,hu,naked,3510.9249999999997,0,3510.9249999999997,0,0
mirror,headset,s001,hu,naked,3510.9249999999997,0,3510.9249999999997,0,0
mirror,nes_console,s001,hu,naked,3510.9249999999997,1053.2774999999997,4564.202499999999,0,0
mirror,gameboy,s001,hu,naked,3510.9249999999997,0,3510.9249999999997,0,0
mirror,red_rug,s001,hu,naked,3510.9249999999997,0,3510.9249999999997,0,0
mirror,second_monitor,s001,hu,naked,3510.9249999999997,0,3510.9249999999997,0,0
mirror,toaster,s001,hu,naked,3510.9249999999997,-117.63600000000042,3549.894999999999,156.60599999999977,0.043159257898654525
mirror,nightstand,s001,hu,naked,3510.9249999999997,0,3510.9249999999997,0,0
mirror,desk_speakers,s001,hu,naked,3510.9249999999997,0,3510.9249999999997,0,0
mirror,bookshelf,s001,hu,naked,3510.9249999999997,0,3510.9249999999997,0,0
corkboard,stack_of_books,s001,hu,naked,1755.4625,220,2002.9624999999992,27.49999999999909,0.01392079070091135
corkboard,throw_pillow,s001,hu,naked,1755.4625,272.5124999999998,2005.2656249999995,-22.709375000000364,-0.011198054709747588
corkboard,lava_lamp,s001,hu,naked,1755.4625,292.49999999999955,2084.525,36.562500000000455,0.017853110103334638
corkboard,comfort_bed,s001,hu,naked,1755.4625,431.4824999999996,2150.9881249999994,-35.95687500000031,-0.016441600040238924
corkboard,sticky_notes,s001,hu,naked,1755.4625,2387.4999999999995,4441.4,298.4375,0.07203480601139886
corkboard,calculator,s001,hu,naked,1755.4625,0,1755.4625,0,0
corkboard,space_heater,s001,hu,naked,1755.4625,1348.1100000000001,2991.23,-112.3425000000002,-0.03619780108246229
corkboard,desk_plant,s001,hu,naked,1755.4625,0,1755.4625,0,0
corkboard,headset,s001,hu,naked,1755.4625,0,1755.4625,0,0
corkboard,nes_console,s001,hu,naked,1755.4625,1053.2774999999997,2808.7399999999993,-4.547473508864641e-13,-1.619043951688174e-16
corkboard,gameboy,s001,hu,naked,1755.4625,0,1755.4625,0,0
corkboard,red_rug,s001,hu,naked,1755.4625,0,1755.4625,0,0
corkboard,second_monitor,s001,hu,naked,1755.4625,0,1755.4625,0,0
corkboard,toaster,s001,hu,naked,1755.4625,-117.63600000000042,1716.1294999999996,78.30299999999988,0.041803994824618065
corkboard,nightstand,s001,hu,naked,1755.4625,0,1755.4625,0,0
corkboard,desk_speakers,s001,hu,naked,1755.4625,0,1755.4625,0,0
corkboard,bookshelf,s001,hu,naked,1755.4625,0,1755.4625,0,0
stack_of_books,throw_pillow,s001,hu,naked,220,272.5124999999998,492.5124999999998,0,0
stack_of_books,lava_lamp,s001,hu,naked,220,292.49999999999955,568.7499999999995,56.25,0.10975609756097571
stack_of_books,comfort_bed,s001,hu,naked,220,431.4824999999996,651.4824999999996,0,0
stack_of_books,sticky_notes,s001,hu,naked,220,2387.4999999999995,2662.4999999999995,55,0.021093000958772774
stack_of_books,calculator,s001,hu,naked,220,0,220,0,0
stack_of_books,space_heater,s001,hu,naked,220,1348.1100000000001,1568.1100000000001,0,0
stack_of_books,desk_plant,s001,hu,naked,220,0,220,0,0
stack_of_books,headset,s001,hu,naked,220,0,220,0,0
stack_of_books,nes_console,s001,hu,naked,220,1053.2774999999997,1289.7774999999997,16.5,0.01295868339776679
stack_of_books,gameboy,s001,hu,naked,220,0,220,0,0
stack_of_books,red_rug,s001,hu,naked,220,0,220,0,0
stack_of_books,second_monitor,s001,hu,naked,220,0,220,0,0
stack_of_books,toaster,s001,hu,naked,220,-117.63600000000042,114.76400000000012,12.400000000000546,0.03672594154651912
stack_of_books,nightstand,s001,hu,naked,220,0,220,0,0
stack_of_books,desk_speakers,s001,hu,naked,220,0,220,0,0
stack_of_books,bookshelf,s001,hu,naked,220,0,220,0,0
throw_pillow,lava_lamp,s001,hu,naked,272.5124999999998,292.49999999999955,565.0124999999998,4.547473508864641e-13,8.04844761640609e-16
throw_pillow,comfort_bed,s001,hu,naked,272.5124999999998,431.4824999999996,703.9949999999994,0,0
throw_pillow,sticky_notes,s001,hu,naked,272.5124999999998,2387.4999999999995,2660.0124999999994,0,0
throw_pillow,calculator,s001,hu,naked,272.5124999999998,0,272.5124999999998,0,0
throw_pillow,space_heater,s001,hu,naked,272.5124999999998,1348.1100000000001,1566.1199999999994,-54.50250000000051,-0.03363059565074563
throw_pillow,desk_plant,s001,hu,naked,272.5124999999998,0,272.5124999999998,0,0
throw_pillow,headset,s001,hu,naked,272.5124999999998,0,272.5124999999998,0,0
throw_pillow,nes_console,s001,hu,naked,272.5124999999998,1053.2774999999997,1312.1643749999998,-13.625624999999673,-0.01027736293078065
throw_pillow,gameboy,s001,hu,naked,272.5124999999998,0,272.5124999999998,0,0
throw_pillow,red_rug,s001,hu,naked,272.5124999999998,0,272.5124999999998,0,0
throw_pillow,second_monitor,s001,hu,naked,272.5124999999998,0,272.5124999999998,0,0
throw_pillow,toaster,s001,hu,naked,272.5124999999998,-117.63600000000042,197.4644999999996,42.58800000000019,0.10915843582635885
throw_pillow,nightstand,s001,hu,naked,272.5124999999998,0,272.5124999999998,0,0
throw_pillow,desk_speakers,s001,hu,naked,272.5124999999998,0,272.5124999999998,0,0
throw_pillow,bookshelf,s001,hu,naked,272.5124999999998,0,272.5124999999998,0,0
lava_lamp,comfort_bed,s001,hu,naked,292.49999999999955,431.4824999999996,723.9824999999996,4.547473508864641e-13,6.281192582506686e-16
lava_lamp,sticky_notes,s001,hu,naked,292.49999999999955,2387.4999999999995,2753.1249999999995,73.12500000000045,0.02728544776119421
lava_lamp,calculator,s001,hu,naked,292.49999999999955,0,292.49999999999955,0,0
lava_lamp,space_heater,s001,hu,naked,292.49999999999955,1348.1100000000001,1640.6099999999992,-4.547473508864641e-13,-2.771818719174357e-16
lava_lamp,desk_plant,s001,hu,naked,292.49999999999955,0,292.49999999999955,0,0
lava_lamp,headset,s001,hu,naked,292.49999999999955,0,292.49999999999955,0,0
lava_lamp,nes_console,s001,hu,naked,292.49999999999955,1053.2774999999997,1367.7149999999988,21.937499999999545,0.016300985861332617
lava_lamp,gameboy,s001,hu,naked,292.49999999999955,0,292.49999999999955,0,0
lava_lamp,red_rug,s001,hu,naked,292.49999999999955,0,292.49999999999955,0,0
lava_lamp,second_monitor,s001,hu,naked,292.49999999999955,0,292.49999999999955,0,0
lava_lamp,toaster,s001,hu,naked,292.49999999999955,-117.63600000000042,163.9439999999995,-10.919999999999618,-0.026625314529813572
lava_lamp,nightstand,s001,hu,naked,292.49999999999955,0,292.49999999999955,0,0
lava_lamp,desk_speakers,s001,hu,naked,292.49999999999955,0,292.49999999999955,0,0
lava_lamp,bookshelf,s001,hu,naked,292.49999999999955,0,292.49999999999955,0,0
comfort_bed,sticky_notes,s001,hu,naked,431.4824999999996,2387.4999999999995,2818.9824999999996,4.547473508864641e-13,1.613161312233986e-16
comfort_bed,calculator,s001,hu,naked,431.4824999999996,0,431.4824999999996,0,0
comfort_bed,space_heater,s001,hu,naked,431.4824999999996,1348.1100000000001,1693.2959999999998,-86.29649999999992,-0.048492281238541934
comfort_bed,desk_plant,s001,hu,naked,431.4824999999996,0,431.4824999999996,0,0
comfort_bed,headset,s001,hu,naked,431.4824999999996,0,431.4824999999996,0,0
comfort_bed,nes_console,s001,hu,naked,431.4824999999996,1053.2774999999997,1463.1858749999997,-21.57412499999964,-0.014530378647053834
comfort_bed,gameboy,s001,hu,naked,431.4824999999996,0,431.4824999999996,0,0
comfort_bed,red_rug,s001,hu,naked,431.4824999999996,0,431.4824999999996,0,0
comfort_bed,second_monitor,s001,hu,naked,431.4824999999996,0,431.4824999999996,0,0
comfort_bed,toaster,s001,hu,naked,431.4824999999996,-117.63600000000042,279.3278999999998,-34.518599999999424,-0.06286184129654969
comfort_bed,nightstand,s001,hu,naked,431.4824999999996,0,431.4824999999996,0,0
comfort_bed,desk_speakers,s001,hu,naked,431.4824999999996,0,431.4824999999996,0,0
comfort_bed,bookshelf,s001,hu,naked,431.4824999999996,0,431.4824999999996,0,0
sticky_notes,calculator,s001,hu,naked,2387.4999999999995,0,2387.4999999999995,0,0
sticky_notes,space_heater,s001,hu,naked,2387.4999999999995,1348.1100000000001,3735.609999999999,-4.547473508864641e-13,-1.2173309068303814e-16
sticky_notes,desk_plant,s001,hu,naked,2387.4999999999995,0,2387.4999999999995,0,0
sticky_notes,headset,s001,hu,naked,2387.4999999999995,0,2387.4999999999995,0,0
sticky_notes,nes_console,s001,hu,naked,2387.4999999999995,1053.2774999999997,3619.8399999999997,179.06250000000045,0.05204129008632511
sticky_notes,gameboy,s001,hu,naked,2387.4999999999995,0,2387.4999999999995,0,0
sticky_notes,red_rug,s001,hu,naked,2387.4999999999995,0,2387.4999999999995,0,0
sticky_notes,second_monitor,s001,hu,naked,2387.4999999999995,0,2387.4999999999995,0,0
sticky_notes,toaster,s001,hu,naked,2387.4999999999995,-117.63600000000042,2352.064,82.20000000000073,0.032812589815483365
sticky_notes,nightstand,s001,hu,naked,2387.4999999999995,0,2387.4999999999995,0,0
sticky_notes,desk_speakers,s001,hu,naked,2387.4999999999995,0,2387.4999999999995,0,0
sticky_notes,bookshelf,s001,hu,naked,2387.4999999999995,0,2387.4999999999995,0,0
calculator,space_heater,s001,hu,naked,0,1348.1100000000001,1348.1100000000001,0,0
calculator,desk_plant,s001,hu,naked,0,0,0,0,0
calculator,headset,s001,hu,naked,0,0,0,0,0
calculator,nes_console,s001,hu,naked,0,1053.2774999999997,1053.2774999999997,0,0
calculator,gameboy,s001,hu,naked,0,0,0,0,0
calculator,red_rug,s001,hu,naked,0,0,0,0,0
calculator,second_monitor,s001,hu,naked,0,0,0,0,0
calculator,toaster,s001,hu,naked,0,-117.63600000000042,-117.63600000000042,0,0
calculator,nightstand,s001,hu,naked,0,0,0,0,0
calculator,desk_speakers,s001,hu,naked,0,0,0,0,0
calculator,bookshelf,s001,hu,naked,0,0,0,0,0
space_heater,desk_plant,s001,hu,naked,1348.1100000000001,0,1348.1100000000001,0,0
space_heater,headset,s001,hu,naked,1348.1100000000001,0,1348.1100000000001,0,0
space_heater,nes_console,s001,hu,naked,1348.1100000000001,1053.2774999999997,2333.9819999999995,-67.4055000000003,-0.028069397379640024
space_heater,gameboy,s001,hu,naked,1348.1100000000001,0,1348.1100000000001,0,0
space_heater,red_rug,s001,hu,naked,1348.1100000000001,0,1348.1100000000001,0,0
space_heater,second_monitor,s001,hu,naked,1348.1100000000001,0,1348.1100000000001,0,0
space_heater,toaster,s001,hu,naked,1348.1100000000001,-117.63600000000042,1319.7611999999995,89.28719999999976,0.06091587491966529
space_heater,nightstand,s001,hu,naked,1348.1100000000001,0,1348.1100000000001,0,0
space_heater,desk_speakers,s001,hu,naked,1348.1100000000001,0,1348.1100000000001,0,0
space_heater,bookshelf,s001,hu,naked,1348.1100000000001,0,1348.1100000000001,0,0
desk_plant,headset,s001,hu,naked,0,0,0,0,0
desk_plant,nes_console,s001,hu,naked,0,1053.2774999999997,1053.2774999999997,0,0
desk_plant,gameboy,s001,hu,naked,0,0,0,0,0
desk_plant,red_rug,s001,hu,naked,0,0,0,0,0
desk_plant,second_monitor,s001,hu,naked,0,0,0,0,0
desk_plant,toaster,s001,hu,naked,0,-117.63600000000042,-117.63600000000042,0,0
desk_plant,nightstand,s001,hu,naked,0,0,0,0,0
desk_plant,desk_speakers,s001,hu,naked,0,0,0,0,0
desk_plant,bookshelf,s001,hu,naked,0,0,0,0,0
headset,nes_console,s001,hu,naked,0,1053.2774999999997,1053.2774999999997,0,0
headset,gameboy,s001,hu,naked,0,0,0,0,0
headset,red_rug,s001,hu,naked,0,0,0,0,0
headset,second_monitor,s001,hu,naked,0,0,0,0,0
headset,toaster,s001,hu,naked,0,-117.63600000000042,-117.63600000000042,0,0
headset,nightstand,s001,hu,naked,0,0,0,0,0
headset,desk_speakers,s001,hu,naked,0,0,0,0,0
headset,bookshelf,s001,hu,naked,0,0,0,0,0
nes_console,gameboy,s001,hu,naked,1053.2774999999997,0,1053.2774999999997,0,0
nes_console,red_rug,s001,hu,naked,1053.2774999999997,0,1053.2774999999997,0,0
nes_console,second_monitor,s001,hu,naked,1053.2774999999997,0,1053.2774999999997,0,0
nes_console,toaster,s001,hu,naked,1053.2774999999997,-117.63600000000042,982.6232999999997,46.981800000000476,0.0401240569862765
nes_console,nightstand,s001,hu,naked,1053.2774999999997,0,1053.2774999999997,0,0
nes_console,desk_speakers,s001,hu,naked,1053.2774999999997,0,1053.2774999999997,0,0
nes_console,bookshelf,s001,hu,naked,1053.2774999999997,0,1053.2774999999997,0,0
gameboy,red_rug,s001,hu,naked,0,0,0,0,0
gameboy,second_monitor,s001,hu,naked,0,0,0,0,0
gameboy,toaster,s001,hu,naked,0,-117.63600000000042,-117.63600000000042,0,0
gameboy,nightstand,s001,hu,naked,0,0,0,0,0
gameboy,desk_speakers,s001,hu,naked,0,0,0,0,0
gameboy,bookshelf,s001,hu,naked,0,0,0,0,0
red_rug,second_monitor,s001,hu,naked,0,0,0,0,0
red_rug,toaster,s001,hu,naked,0,-117.63600000000042,-117.63600000000042,0,0
red_rug,nightstand,s001,hu,naked,0,0,0,0,0
red_rug,desk_speakers,s001,hu,naked,0,0,0,0,0
red_rug,bookshelf,s001,hu,naked,0,0,0,0,0
second_monitor,toaster,s001,hu,naked,0,-117.63600000000042,-117.63600000000042,0,0
second_monitor,nightstand,s001,hu,naked,0,0,0,0,0
second_monitor,desk_speakers,s001,hu,naked,0,0,0,0,0
second_monitor,bookshelf,s001,hu,naked,0,0,0,0,0
toaster,nightstand,s001,hu,naked,-117.63600000000042,0,-117.63600000000042,0,0
toaster,desk_speakers,s001,hu,naked,-117.63600000000042,0,-117.63600000000042,0,0
toaster,bookshelf,s001,hu,naked,-117.63600000000042,0,-117.63600000000042,0,0
nightstand,desk_speakers,s001,hu,naked,0,0,0,0,0
nightstand,bookshelf,s001,hu,naked,0,0,0,0,0
desk_speakers,bookshelf,s001,hu,naked,0,0,0,0,0
wall_hanger,mirror,s001,hu,capped,3515.9090909089937,4772.061363635996,8828.879545454496,540.9090909095066,0.06526436042166159
wall_hanger,corkboard,s001,hu,capped,3515.9090909089937,2386.030681817996,6172.3943181814975,270.45454545450775,0.0458246874534852
wall_hanger,stack_of_books,s001,hu,capped,3515.9090909089937,0,3515.9090909089937,0,0
wall_hanger,throw_pillow,s001,hu,capped,3515.9090909089937,102.52812499999709,3618.437215908998,7.275957614183426e-12,2.01080112215119e-15
wall_hanger,lava_lamp,s001,hu,capped,3515.9090909089937,83.09659090899368,3599.0056818179983,1.0913936421275139e-11,3.0324865771709802e-15
wall_hanger,comfort_bed,s001,hu,capped,3515.9090909089937,251.6981249999917,3767.6072159089963,1.0913936421275139e-11,2.8967819084723793e-15
wall_hanger,sticky_notes,s001,hu,capped,3515.9090909089937,6176.846590908994,10571.732954545496,878.9772727275085,0.09068393979808292
wall_hanger,calculator,s001,hu,capped,3515.9090909089937,2504.6179033564986,6444.683405539996,424.1564112745036,0.07045170824389783
wall_hanger,space_heater,s001,hu,capped,3515.9090909089937,679.6474999999955,4195.556590909,1.0913936421275139e-11,2.6013083567800425e-15
wall_hanger,desk_plant,s001,hu,capped,3515.9090909089937,0,3515.9090909089937,0,0
wall_hanger,headset,s001,hu,capped,3515.9090909089937,0,3515.9090909089937,0,0
wall_hanger,nes_console,s001,hu,capped,3515.9090909089937,1431.6184090909956,5109.800227272499,162.27272727250966,0.032798751956913834
wall_hanger,gameboy,s001,hu,capped,3515.9090909089937,0,3515.9090909089937,0,0
wall_hanger,red_rug,s001,hu,capped,3515.9090909089937,0,3515.9090909089937,0,0
wall_hanger,second_monitor,s001,hu,capped,3515.9090909089937,0,3515.9090909089937,0,0
wall_hanger,toaster,s001,hu,capped,3515.9090909089937,26.211727272497228,3682.7571818179968,140.63636363650585,0.03970399962492187
wall_hanger,nightstand,s001,hu,capped,3515.9090909089937,-2771.953327922005,281.30064033199596,-462.65512265499274,-0.07357907852268288
wall_hanger,desk_speakers,s001,hu,capped,3515.9090909089937,0,3515.9090909089937,0,0
wall_hanger,bookshelf,s001,hu,capped,3515.9090909089937,0,3515.9090909089937,0,0
mirror,corkboard,s001,hu,capped,4772.061363635996,2386.030681817996,7158.092045454494,5.020410753786564e-10,7.013615809781266e-14
mirror,stack_of_books,s001,hu,capped,4772.061363635996,0,4772.061363635996,0,0
mirror,throw_pillow,s001,hu,capped,4772.061363635996,102.52812499999709,4845.295738635996,-29.29374999999709,-0.006009480402050032
mirror,lava_lamp,s001,hu,capped,4772.061363635996,83.09659090899368,4867.942045454496,12.78409090950663,0.002633094747728906
mirror,comfort_bed,s001,hu,capped,4772.061363635996,251.6981249999917,4951.845738635995,-71.91374999999243,-0.014314727877133684
mirror,sticky_notes,s001,hu,capped,4772.061363635996,6176.846590908994,11899.192045454496,950.2840909095066,0.086792591083482
mirror,calculator,s001,hu,capped,4772.061363635996,2504.6179033564986,7344.8238916304945,68.1446246380001,0.009364797064384669
mirror,space_heater,s001,hu,capped,4772.061363635996,679.6474999999955,5257.523863635997,-194.18499999999403,-0.035619106752975666
mirror,desk_plant,s001,hu,capped,4772.061363635996,0,4772.061363635996,0,0
mirror,headset,s001,hu,capped,4772.061363635996,0,4772.061363635996,0,0
mirror,nes_console,s001,hu,capped,4772.061363635996,1431.6184090909956,6203.679772726995,3.637978807091713e-12,5.864227265703212e-16
mirror,gameboy,s001,hu,capped,4772.061363635996,0,4772.061363635996,0,0
mirror,red_rug,s001,hu,capped,4772.061363635996,0,4772.061363635996,0,0
mirror,second_monitor,s001,hu,capped,4772.061363635996,0,4772.061363635996,0,0
mirror,toaster,s001,hu,capped,4772.061363635996,26.211727272497228,4882.991818181494,84.7187272730007,0.017656087027126725
mirror,nightstand,s001,hu,capped,4772.061363635996,-2771.953327922005,1913.0788149349974,-87.02922077899348,-0.011536194498187023
mirror,desk_speakers,s001,hu,capped,4772.061363635996,0,4772.061363635996,0,0
mirror,bookshelf,s001,hu,capped,4772.061363635996,0,4772.061363635996,0,0
corkboard,stack_of_books,s001,hu,capped,2386.030681817996,0,2386.030681817996,0,0
corkboard,throw_pillow,s001,hu,capped,2386.030681817996,102.52812499999709,2473.9119318179983,-14.646874999994907,-0.005885685706870315
corkboard,lava_lamp,s001,hu,capped,2386.030681817996,83.09659090899368,2475.519318181494,6.392045454504114,0.002588787352158043
corkboard,comfort_bed,s001,hu,capped,2386.030681817996,251.6981249999917,2601.771931817999,-35.95687499998894,-0.013631755814717494
corkboard,sticky_notes,s001,hu,capped,2386.030681817996,6176.846590908994,9038.019318181494,475.1420454545041,0.055488596919150666
corkboard,calculator,s001,hu,capped,2386.030681817996,2504.6179033564986,4924.720897493498,34.072312319003686,0.006966828985073769
corkboard,space_heater,s001,hu,capped,2386.030681817996,679.6474999999955,2968.585681818,-97.09249999999156,-0.03167080634093638
corkboard,desk_plant,s001,hu,capped,2386.030681817996,0,2386.030681817996,0,0
corkboard,headset,s001,hu,capped,2386.030681817996,0,2386.030681817996,0,0
corkboard,nes_console,s001,hu,capped,2386.030681817996,1431.6184090909956,3817.6490909089916,0,0
corkboard,gameboy,s001,hu,capped,2386.030681817996,0,2386.030681817996,0,0
corkboard,red_rug,s001,hu,capped,2386.030681817996,0,2386.030681817996,0,0
corkboard,second_monitor,s001,hu,capped,2386.030681817996,0,2386.030681817996,0,0
corkboard,toaster,s001,hu,capped,2386.030681817996,26.211727272497228,2454.6017727269973,42.359363636503986,0.01756016040381077
corkboard,nightstand,s001,hu,capped,2386.030681817996,-2771.953327922005,-429.4372564935038,-43.51461038949492,-0.00843636007931098
corkboard,desk_speakers,s001,hu,capped,2386.030681817996,0,2386.030681817996,0,0
corkboard,bookshelf,s001,hu,capped,2386.030681817996,0,2386.030681817996,0,0
stack_of_books,throw_pillow,s001,hu,capped,0,102.52812499999709,102.52812499999709,0,0
stack_of_books,lava_lamp,s001,hu,capped,0,83.09659090899368,83.09659090899368,0,0
stack_of_books,comfort_bed,s001,hu,capped,0,251.6981249999917,251.6981249999917,0,0
stack_of_books,sticky_notes,s001,hu,capped,0,6176.846590908994,6176.846590908994,0,0
stack_of_books,calculator,s001,hu,capped,0,2504.6179033564986,2504.6179033564986,0,0
stack_of_books,space_heater,s001,hu,capped,0,679.6474999999955,679.6474999999955,0,0
stack_of_books,desk_plant,s001,hu,capped,0,0,0,0,0
stack_of_books,headset,s001,hu,capped,0,0,0,0,0
stack_of_books,nes_console,s001,hu,capped,0,1431.6184090909956,1431.6184090909956,0,0
stack_of_books,gameboy,s001,hu,capped,0,0,0,0,0
stack_of_books,red_rug,s001,hu,capped,0,0,0,0,0
stack_of_books,second_monitor,s001,hu,capped,0,0,0,0,0
stack_of_books,toaster,s001,hu,capped,0,26.211727272497228,26.211727272497228,0,0
stack_of_books,nightstand,s001,hu,capped,0,-2771.953327922005,-2771.953327922005,0,0
stack_of_books,desk_speakers,s001,hu,capped,0,0,0,0,0
stack_of_books,bookshelf,s001,hu,capped,0,0,0,0,0
throw_pillow,lava_lamp,s001,hu,capped,102.52812499999709,83.09659090899368,185.62471590899804,7.275957614183426e-12,3.919713804572624e-14
throw_pillow,comfort_bed,s001,hu,capped,102.52812499999709,251.6981249999917,354.2262499999997,1.0913936421275139e-11,3.081063704701581e-14
throw_pillow,sticky_notes,s001,hu,capped,102.52812499999709,6176.846590908994,6279.374715908998,7.275957614183426e-12,1.1587073464097567e-15
throw_pillow,calculator,s001,hu,capped,102.52812499999709,2504.6179033564986,2588.267679252993,-18.878349103502842,-0.007241001807406799
throw_pillow,space_heater,s001,hu,capped,102.52812499999709,679.6474999999955,761.6699999999946,-20.505624999997963,-0.026216139118370195
throw_pillow,desk_plant,s001,hu,capped,102.52812499999709,0,102.52812499999709,0,0
throw_pillow,headset,s001,hu,capped,102.52812499999709,0,102.52812499999709,0,0
throw_pillow,nes_console,s001,hu,capped,102.52812499999709,1431.6184090909956,1525.3584090909972,-8.788124999995489,-0.005728347849902486
throw_pillow,gameboy,s001,hu,capped,102.52812499999709,0,102.52812499999709,0,0
throw_pillow,red_rug,s001,hu,capped,102.52812499999709,0,102.52812499999709,0,0
throw_pillow,second_monitor,s001,hu,capped,102.52812499999709,0,102.52812499999709,0,0
throw_pillow,toaster,s001,hu,capped,102.52812499999709,26.211727272497228,144.76285227249537,16.023000000001048,0.12446029506144161
throw_pillow,nightstand,s001,hu,capped,102.52812499999709,-2771.953327922005,-2646.693432089003,22.731770833004703,0.007908129241848867
throw_pillow,desk_speakers,s001,hu,capped,102.52812499999709,0,102.52812499999709,0,0
throw_pillow,bookshelf,s001,hu,capped,102.52812499999709,0,102.52812499999709,0,0
lava_lamp,comfort_bed,s001,hu,capped,83.09659090899368,251.6981249999917,334.7947159089963,1.0913936421275139e-11,3.259889091033956e-14
lava_lamp,sticky_notes,s001,hu,capped,83.09659090899368,6176.846590908994,6280.717329545496,20.774147727508534,0.0033185840708342324
lava_lamp,calculator,s001,hu,capped,83.09659090899368,2504.6179033564986,2535.8593744264945,-51.85511983899778,-0.020038964867998915
lava_lamp,space_heater,s001,hu,capped,83.09659090899368,679.6474999999955,762.7440909090001,1.0913936421275139e-11,1.4308778725861533e-14
lava_lamp,desk_plant,s001,hu,capped,83.09659090899368,0,83.09659090899368,0,0
lava_lamp,headset,s001,hu,capped,83.09659090899368,0,83.09659090899368,0,0
lava_lamp,nes_console,s001,hu,capped,83.09659090899368,1431.6184090909956,1518.550227272499,3.8352272725096554,0.002531979463139721
lava_lamp,gameboy,s001,hu,capped,83.09659090899368,0,83.09659090899368,0,0
lava_lamp,red_rug,s001,hu,capped,83.09659090899368,0,83.09659090899368,0,0
lava_lamp,second_monitor,s001,hu,capped,83.09659090899368,0,83.09659090899368,0,0
lava_lamp,toaster,s001,hu,capped,83.09659090899368,26.211727272497228,106.20604545449896,-3.1022727269919415,-0.02838093915086187
lava_lamp,nightstand,s001,hu,capped,83.09659090899368,-2771.953327922005,-2633.448863636506,55.40787337650545,0.01940697183998528
lava_lamp,desk_speakers,s001,hu,capped,83.09659090899368,0,83.09659090899368,0,0
lava_lamp,bookshelf,s001,hu,capped,83.09659090899368,0,83.09659090899368,0,0
comfort_bed,sticky_notes,s001,hu,capped,251.6981249999917,6176.846590908994,6428.544715908996,1.0913936421275139e-11,1.6977304978941764e-15
comfort_bed,calculator,s001,hu,capped,251.6981249999917,2504.6179033564986,2728.453031593497,-27.862996762993134,-0.010108781604265827
comfort_bed,space_heater,s001,hu,capped,251.6981249999917,679.6474999999955,881.0059999999976,-50.33962499998961,-0.054050423010244236
comfort_bed,desk_plant,s001,hu,capped,251.6981249999917,0,251.6981249999917,0,0
comfort_bed,headset,s001,hu,capped,251.6981249999917,0,251.6981249999917,0,0
comfort_bed,nes_console,s001,hu,capped,251.6981249999917,1431.6184090909956,1661.7424090909954,-21.57412499999191,-0.012816439786021715
comfort_bed,gameboy,s001,hu,capped,251.6981249999917,0,251.6981249999917,0,0
comfort_bed,red_rug,s001,hu,capped,251.6981249999917,0,251.6981249999917,0,0
comfort_bed,second_monitor,s001,hu,capped,251.6981249999917,0,251.6981249999917,0,0
comfort_bed,toaster,s001,hu,capped,251.6981249999917,26.211727272497228,257.77400227249746,-20.13584999999148,-0.07245461013828469
comfort_bed,nightstand,s001,hu,capped,251.6981249999917,-2771.953327922005,-2490.291140422003,29.964062500010186,0.009909893043741371
comfort_bed,desk_speakers,s001,hu,capped,251.6981249999917,0,251.6981249999917,0,0
comfort_bed,bookshelf,s001,hu,capped,251.6981249999917,0,251.6981249999917,0,0
sticky_notes,calculator,s001,hu,capped,6176.846590908994,2504.6179033564986,9197.329079666499,515.8645854010065,0.05942137824116643
sticky_notes,space_heater,s001,hu,capped,6176.846590908994,679.6474999999955,6856.494090909,1.0913936421275139e-11,1.5917663278884618e-15
sticky_notes,desk_plant,s001,hu,capped,6176.846590908994,0,6176.846590908994,0,0
sticky_notes,headset,s001,hu,capped,6176.846590908994,0,6176.846590908994,0,0
sticky_notes,nes_console,s001,hu,capped,6176.846590908994,1431.6184090909956,7893.550227272499,285.08522727250966,0.03746948001633839
sticky_notes,gameboy,s001,hu,capped,6176.846590908994,0,6176.846590908994,0,0
sticky_notes,red_rug,s001,hu,capped,6176.846590908994,0,6176.846590908994,0,0
sticky_notes,second_monitor,s001,hu,capped,6176.846590908994,0,6176.846590908994,0,0
sticky_notes,toaster,s001,hu,capped,6176.846590908994,26.211727272497228,6255.501499999995,52.443181818503945,0.008454407346903416
sticky_notes,nightstand,s001,hu,capped,6176.846590908994,-2771.953327922005,2837.930104617495,-566.9631583694936,-0.0633563342025818
sticky_notes,desk_speakers,s001,hu,capped,6176.846590908994,0,6176.846590908994,0,0
sticky_notes,bookshelf,s001,hu,capped,6176.846590908994,0,6176.846590908994,0,0
calculator,space_heater,s001,hu,capped,2504.6179033564986,679.6474999999955,3096.0334910059937,-88.23191235050035,-0.027708718079057167
calculator,desk_plant,s001,hu,capped,2504.6179033564986,0,2504.6179033564986,0,0
calculator,headset,s001,hu,capped,2504.6179033564986,0,2504.6179033564986,0,0
calculator,nes_console,s001,hu,capped,2504.6179033564986,1431.6184090909956,3956.679699838998,20.443387391504075,0.0051936382292029305
calculator,gameboy,s001,hu,capped,2504.6179033564986,0,2504.6179033564986,0,0
calculator,red_rug,s001,hu,capped,2504.6179033564986,0,2504.6179033564986,0,0
calculator,second_monitor,s001,hu,capped,2504.6179033564986,0,2504.6179033564986,0,0
calculator,toaster,s001,hu,capped,2504.6179033564986,26.211727272497228,2537.5050991149947,6.675468485998863,0.0026376601590284788
calculator,nightstand,s001,hu,capped,2504.6179033564986,-2771.953327922005,-693.5876178270082,-426.2521932615018,-0.08078204094635555
calculator,desk_speakers,s001,hu,capped,2504.6179033564986,0,2504.6179033564986,0,0
calculator,bookshelf,s001,hu,capped,2504.6179033564986,0,2504.6179033564986,0,0
space_heater,desk_plant,s001,hu,capped,679.6474999999955,0,679.6474999999955,0,0
space_heater,headset,s001,hu,capped,679.6474999999955,0,679.6474999999955,0,0
space_heater,nes_console,s001,hu,capped,679.6474999999955,1431.6184090909956,2053.010409090999,-58.255499999992026,-0.02759268728261426
space_heater,gameboy,s001,hu,capped,679.6474999999955,0,679.6474999999955,0,0
space_heater,red_rug,s001,hu,capped,679.6474999999955,0,679.6474999999955,0,0
space_heater,second_monitor,s001,hu,capped,679.6474999999955,0,679.6474999999955,0,0
space_heater,toaster,s001,hu,capped,679.6474999999955,26.211727272497228,742.5714272724981,36.712200000005396,0.05201065393997162
space_heater,nightstand,s001,hu,capped,679.6474999999955,-2771.953327922005,-1991.4856890335031,100.82013888850634,0.02920967513766765
space_heater,desk_speakers,s001,hu,capped,679.6474999999955,0,679.6474999999955,0,0
space_heater,bookshelf,s001,hu,capped,679.6474999999955,0,679.6474999999955,0,0
desk_plant,headset,s001,hu,capped,0,0,0,0,0
desk_plant,nes_console,s001,hu,capped,0,1431.6184090909956,1431.6184090909956,0,0
desk_plant,gameboy,s001,hu,capped,0,0,0,0,0
desk_plant,red_rug,s001,hu,capped,0,0,0,0,0
desk_plant,second_monitor,s001,hu,capped,0,0,0,0,0
desk_plant,toaster,s001,hu,capped,0,26.211727272497228,26.211727272497228,0,0
desk_plant,nightstand,s001,hu,capped,0,-2771.953327922005,-2771.953327922005,0,0
desk_plant,desk_speakers,s001,hu,capped,0,0,0,0,0
desk_plant,bookshelf,s001,hu,capped,0,0,0,0,0
headset,nes_console,s001,hu,capped,0,1431.6184090909956,1431.6184090909956,0,0
headset,gameboy,s001,hu,capped,0,0,0,0,0
headset,red_rug,s001,hu,capped,0,0,0,0,0
headset,second_monitor,s001,hu,capped,0,0,0,0,0
headset,toaster,s001,hu,capped,0,26.211727272497228,26.211727272497228,0,0
headset,nightstand,s001,hu,capped,0,-2771.953327922005,-2771.953327922005,0,0
headset,desk_speakers,s001,hu,capped,0,0,0,0,0
headset,bookshelf,s001,hu,capped,0,0,0,0,0
nes_console,gameboy,s001,hu,capped,1431.6184090909956,0,1431.6184090909956,0,0
nes_console,red_rug,s001,hu,capped,1431.6184090909956,0,1431.6184090909956,0,0
nes_console,second_monitor,s001,hu,capped,1431.6184090909956,0,1431.6184090909956,0,0
nes_console,toaster,s001,hu,capped,1431.6184090909956,26.211727272497228,1483.2457545455,25.415618182007165,0.017433868012500794
nes_console,nightstand,s001,hu,capped,1431.6184090909956,-2771.953327922005,-1366.4436850650018,-26.108766233992355,-0.006211090916827051
nes_console,desk_speakers,s001,hu,capped,1431.6184090909956,0,1431.6184090909956,0,0
nes_console,bookshelf,s001,hu,capped,1431.6184090909956,0,1431.6184090909956,0,0
gameboy,red_rug,s001,hu,capped,0,0,0,0,0
gameboy,second_monitor,s001,hu,capped,0,0,0,0,0
gameboy,toaster,s001,hu,capped,0,26.211727272497228,26.211727272497228,0,0
gameboy,nightstand,s001,hu,capped,0,-2771.953327922005,-2771.953327922005,0,0
gameboy,desk_speakers,s001,hu,capped,0,0,0,0,0
gameboy,bookshelf,s001,hu,capped,0,0,0,0,0
red_rug,second_monitor,s001,hu,capped,0,0,0,0,0
red_rug,toaster,s001,hu,capped,0,26.211727272497228,26.211727272497228,0,0
red_rug,nightstand,s001,hu,capped,0,-2771.953327922005,-2771.953327922005,0,0
red_rug,desk_speakers,s001,hu,capped,0,0,0,0,0
red_rug,bookshelf,s001,hu,capped,0,0,0,0,0
second_monitor,toaster,s001,hu,capped,0,26.211727272497228,26.211727272497228,0,0
second_monitor,nightstand,s001,hu,capped,0,-2771.953327922005,-2771.953327922005,0,0
second_monitor,desk_speakers,s001,hu,capped,0,0,0,0,0
second_monitor,bookshelf,s001,hu,capped,0,0,0,0,0
toaster,nightstand,s001,hu,capped,26.211727272497228,-2771.953327922005,-2757.9280183985065,-12.186417748998792,-0.004355146143497138
toaster,desk_speakers,s001,hu,capped,26.211727272497228,0,26.211727272497228,0,0
toaster,bookshelf,s001,hu,capped,26.211727272497228,0,26.211727272497228,0,0
nightstand,desk_speakers,s001,hu,capped,-2771.953327922005,0,-2771.953327922005,0,0
nightstand,bookshelf,s001,hu,capped,-2771.953327922005,0,-2771.953327922005,0,0
desk_speakers,bookshelf,s001,hu,capped,0,0,0,0,0
wall_hanger,mirror,s001,zoom,naked,0,0,0,0,0
wall_hanger,corkboard,s001,zoom,naked,0,757.6888055913,757.6888055913,0,0
wall_hanger,stack_of_books,s001,zoom,naked,0,538.0434782608495,538.0434782608495,0,0
wall_hanger,throw_pillow,s001,zoom,naked,0,101.16554456621179,101.16554456621179,0,0
wall_hanger,lava_lamp,s001,zoom,naked,0,951.328125,951.328125,0,0
wall_hanger,comfort_bed,s001,zoom,naked,0,0,0,0,0
wall_hanger,sticky_notes,s001,zoom,naked,0,1356.8783967391496,1356.8783967391496,0,0
wall_hanger,calculator,s001,zoom,naked,0,0,0,0,0
wall_hanger,space_heater,s001,zoom,naked,0,475.7012631077623,475.7012631077623,0,0
wall_hanger,desk_plant,s001,zoom,naked,0,0,0,0,0
wall_hanger,headset,s001,zoom,naked,0,909.2265667095371,909.2265667095371,0,0
wall_hanger,nes_console,s001,zoom,naked,0,0,0,0,0
wall_hanger,gameboy,s001,zoom,naked,0,454.6132833547126,454.6132833547126,0,0
wall_hanger,red_rug,s001,zoom,naked,0,0,0,0,0
wall_hanger,second_monitor,s001,zoom,naked,0,0,0,0,0
wall_hanger,toaster,s001,zoom,naked,0,2342.5000518091497,2830.3261387656744,487.8260869565247,0.20825019260075103
wall_hanger,nightstand,s001,zoom,naked,0,0,0,0,0
wall_hanger,desk_speakers,s001,zoom,naked,0,0,0,0,0
wall_hanger,bookshelf,s001,zoom,naked,0,0,0,0,0
mirror,corkboard,s001,zoom,naked,0,757.6888055913,757.6888055913,0,0
mirror,stack_of_books,s001,zoom,naked,0,538.0434782608495,538.0434782608495,0,0
mirror,throw_pillow,s001,zoom,naked,0,101.16554456621179,101.16554456621179,0,0
mirror,lava_lamp,s001,zoom,naked,0,951.328125,951.328125,0,0
mirror,comfort_bed,s001,zoom,naked,0,0,0,0,0
mirror,sticky_notes,s001,zoom,naked,0,1356.8783967391496,1356.8783967391496,0,0
mirror,calculator,s001,zoom,naked,0,0,0,0,0
mirror,space_heater,s001,zoom,naked,0,475.7012631077623,475.7012631077623,0,0
mirror,desk_plant,s001,zoom,naked,0,0,0,0,0
mirror,headset,s001,zoom,naked,0,909.2265667095371,909.2265667095371,0,0
mirror,nes_console,s001,zoom,naked,0,0,0,0,0
mirror,gameboy,s001,zoom,naked,0,454.6132833547126,454.6132833547126,0,0
mirror,red_rug,s001,zoom,naked,0,0,0,0,0
mirror,second_monitor,s001,zoom,naked,0,0,0,0,0
mirror,toaster,s001,zoom,naked,0,2342.5000518091497,2342.5000518091497,0,0
mirror,nightstand,s001,zoom,naked,0,0,0,0,0
mirror,desk_speakers,s001,zoom,naked,0,0,0,0,0
mirror,bookshelf,s001,zoom,naked,0,0,0,0,0
corkboard,stack_of_books,s001,zoom,naked,757.6888055913,538.0434782608495,1344.6453273303373,48.913043478187774,0.03774934381720556
corkboard,throw_pillow,s001,zoom,naked,757.6888055913,101.16554456621179,847.6137340945875,-11.240616062924346,-0.01308791887805289
corkboard,lava_lamp,s001,zoom,naked,757.6888055913,951.328125,1795.5013055912991,86.48437499999909,0.050604750281833956
corkboard,comfort_bed,s001,zoom,naked,757.6888055913,0,757.6888055913,0,0
corkboard,sticky_notes,s001,zoom,naked,757.6888055913,1356.8783967391496,2237.919783852149,123.35258152169945,0.05833467074763736
corkboard,calculator,s001,zoom,naked,757.6888055913,0,757.6888055913,0,0
corkboard,space_heater,s001,zoom,naked,757.6888055913,475.7012631077623,1180.5343727981622,-52.85569590090017,-0.04285399829483835
corkboard,desk_plant,s001,zoom,naked,757.6888055913,0,757.6888055913,0,0
corkboard,headset,s001,zoom,naked,757.6888055913,909.2265667095371,1666.9153723007244,-1.127773430198431e-10,-6.765630990862899e-14
corkboard,nes_console,s001,zoom,naked,757.6888055913,0,757.6888055913,0,0
corkboard,gameboy,s001,zoom,naked,757.6888055913,454.6132833547126,1212.3020889460117,-9.094947017729282e-13,-7.502211784223287e-16
corkboard,red_rug,s001,zoom,naked,757.6888055913,0,757.6888055913,0,0
corkboard,second_monitor,s001,zoom,naked,757.6888055913,0,757.6888055913,0,0
corkboard,toaster,s001,zoom,naked,757.6888055913,2342.5000518091497,3417.5922332863506,317.4033758859009,0.10238194848298628
corkboard,nightstand,s001,zoom,naked,757.6888055913,0,757.6888055913,0,0
corkboard,desk_speakers,s001,zoom,naked,757.6888055913,0,757.6888055913,0,0
corkboard,bookshelf,s001,zoom,naked,757.6888055913,0,757.6888055913,0,0
stack_of_books,throw_pillow,s001,zoom,naked,538.0434782608495,101.16554456621179,639.209022827175,1.1368683772161603e-10,1.7785549587333364e-13
stack_of_books,lava_lamp,s001,zoom,naked,538.0434782608495,951.328125,1953.4341032608495,464.0625,0.31158275005645036
stack_of_books,comfort_bed,s001,zoom,naked,538.0434782608495,0,538.0434782608495,0,0
stack_of_books,sticky_notes,s001,zoom,naked,538.0434782608495,1356.8783967391496,2029.432744565212,134.51086956521294,0.07098491570541028
stack_of_books,calculator,s001,zoom,naked,538.0434782608495,0,538.0434782608495,0,0
stack_of_books,space_heater,s001,zoom,naked,538.0434782608495,475.7012631077623,1013.7447413686123,4.547473508864641e-13,4.48581711282201e-16
stack_of_books,desk_plant,s001,zoom,naked,538.0434782608495,0,538.0434782608495,0,0
stack_of_books,headset,s001,zoom,naked,538.0434782608495,909.2265667095371,1505.965697144325,58.69565217393847,0.04055611623961959
stack_of_books,nes_console,s001,zoom,naked,538.0434782608495,0,538.0434782608495,0,0
stack_of_books,gameboy,s001,zoom,naked,538.0434782608495,454.6132833547126,1022.0045877025868,29.347826087024714,0.029564928404114968
stack_of_books,red_rug,s001,zoom,naked,538.0434782608495,0,538.0434782608495,0,0
stack_of_books,second_monitor,s001,zoom,naked,538.0434782608495,0,538.0434782608495,0,0
stack_of_books,toaster,s001,zoom,naked,538.0434782608495,2342.5000518091497,3085.0000518091497,204.4565217391505,0.07097845236665529
stack_of_books,nightstand,s001,zoom,naked,538.0434782608495,0,538.0434782608495,0,0
stack_of_books,desk_speakers,s001,zoom,naked,538.0434782608495,0,538.0434782608495,0,0
stack_of_books,bookshelf,s001,zoom,naked,538.0434782608495,0,538.0434782608495,0,0
throw_pillow,lava_lamp,s001,zoom,naked,101.16554456621179,951.328125,1052.4936695662122,4.547473508864641e-13,4.32066590076394e-16
throw_pillow,comfort_bed,s001,zoom,naked,101.16554456621179,0,101.16554456621179,0,0
throw_pillow,sticky_notes,s001,zoom,naked,101.16554456621179,1356.8783967391496,1458.0439413053614,0,0
throw_pillow,calculator,s001,zoom,naked,101.16554456621179,0,101.16554456621179,0,0
throw_pillow,space_heater,s001,zoom,naked,101.16554456621179,475.7012631077623,556.6336987606878,-20.233108913286287,-0.03507414301555961
throw_pillow,desk_plant,s001,zoom,naked,101.16554456621179,0,101.16554456621179,0,0
throw_pillow,headset,s001,zoom,naked,101.16554456621179,909.2265667095371,996.9033720002626,-13.488739275486296,-0.013350004542746322
throw_pillow,nes_console,s001,zoom,naked,101.16554456621179,0,101.16554456621179,0,0
throw_pillow,gameboy,s001,zoom,naked,101.16554456621179,454.6132833547126,549.0344582832377,-6.744369637686759,-0.012134988414215628
throw_pillow,red_rug,s001,zoom,naked,101.16554456621179,0,101.16554456621179,0,0
throw_pillow,second_monitor,s001,zoom,naked,101.16554456621179,0,101.16554456621179,0,0
throw_pillow,toaster,s001,zoom,naked,101.16554456621179,2342.5000518091497,2459.4756535727997,15.810057197438255,0.006469812081034731
throw_pillow,nightstand,s001,zoom,naked,101.16554456621179,0,101.16554456621179,0,0
throw_pillow,desk_speakers,s001,zoom,naked,101.16554456621179,0,101.16554456621179,0,0
throw_pillow,bookshelf,s001,zoom,naked,101.16554456621179,0,101.16554456621179,0,0
lava_lamp,comfort_bed,s001,zoom,naked,951.328125,0,951.328125,0,0
lava_lamp,sticky_notes,s001,zoom,naked,951.328125,1356.8783967391496,2546.0385529891496,237.83203125,0.10303758741258656
lava_lamp,calculator,s001,zoom,naked,951.328125,0,951.328125,0,0
lava_lamp,space_heater,s001,zoom,naked,951.328125,475.7012631077623,1427.0293881077619,-4.547473508864641e-13,-3.1866712394021407e-16
lava_lamp,desk_plant,s001,zoom,naked,951.328125,0,951.328125,0,0
lava_lamp,headset,s001,zoom,naked,951.328125,909.2265667095371,1964.3359417095376,103.78125000000045,0.05577973625953609
lava_lamp,nes_console,s001,zoom,naked,951.328125,0,951.328125,0,0
lava_lamp,gameboy,s001,zoom,naked,951.328125,454.6132833547126,1457.8320333547122,51.890624999999545,0.03690809922208919
lava_lamp,red_rug,s001,zoom,naked,951.328125,0,951.328125,0,0
lava_lamp,second_monitor,s001,zoom,naked,951.328125,0,951.328125,0,0
lava_lamp,toaster,s001,zoom,naked,951.328125,2342.5000518091497,4006.3591550701126,712.5309782609629,0.2163230563384206
lava_lamp,nightstand,s001,zoom,naked,951.328125,0,951.328125,0,0
lava_lamp,desk_speakers,s001,zoom,naked,951.328125,0,951.328125,0,0
lava_lamp,bookshelf,s001,zoom,naked,951.328125,0,951.328125,0,0
comfort_bed,sticky_notes,s001,zoom,naked,0,1356.8783967391496,1356.8783967391496,0,0
comfort_bed,calculator,s001,zoom,naked,0,0,0,0,0
comfort_bed,space_heater,s001,zoom,naked,0,475.7012631077623,475.7012631077623,0,0
comfort_bed,desk_plant,s001,zoom,naked,0,0,0,0,0
comfort_bed,headset,s001,zoom,naked,0,909.2265667095371,909.2265667095371,0,0
comfort_bed,nes_console,s001,zoom,naked,0,0,0,0,0
comfort_bed,gameboy,s001,zoom,naked,0,454.6132833547126,454.6132833547126,0,0
comfort_bed,red_rug,s001,zoom,naked,0,0,0,0,0
comfort_bed,second_monitor,s001,zoom,naked,0,0,0,0,0
comfort_bed,toaster,s001,zoom,naked,0,2342.5000518091497,2342.5000518091497,0,0
comfort_bed,nightstand,s001,zoom,naked,0,0,0,0,0
comfort_bed,desk_speakers,s001,zoom,naked,0,0,0,0,0
comfort_bed,bookshelf,s001,zoom,naked,0,0,0,0,0
sticky_notes,calculator,s001,zoom,naked,1356.8783967391496,0,1356.8783967391496,0,0
sticky_notes,space_heater,s001,zoom,naked,1356.8783967391496,475.7012631077623,1832.5796598469128,9.094947017729282e-13,4.962920421417886e-16
sticky_notes,desk_plant,s001,zoom,naked,1356.8783967391496,0,1356.8783967391496,0,0
sticky_notes,headset,s001,zoom,naked,1356.8783967391496,909.2265667095371,2414.12806127475,148.02309782606335,0.06532049495218148
sticky_notes,nes_console,s001,zoom,naked,1356.8783967391496,0,1356.8783967391496,0,0
sticky_notes,gameboy,s001,zoom,naked,1356.8783967391496,454.6132833547126,1885.5032290069507,74.01154891308852,0.04085668718569749
sticky_notes,red_rug,s001,zoom,naked,1356.8783967391496,0,1356.8783967391496,0,0
sticky_notes,second_monitor,s001,zoom,naked,1356.8783967391496,0,1356.8783967391496,0,0
sticky_notes,toaster,s001,zoom,naked,1356.8783967391496,2342.5000518091497,4414.258883330887,714.880434782588,0.19324339067367374
sticky_notes,nightstand,s001,zoom,naked,1356.8783967391496,0,1356.8783967391496,0,0
sticky_notes,desk_speakers,s001,zoom,naked,1356.8783967391496,0,1356.8783967391496,0,0
sticky_notes,bookshelf,s001,zoom,naked,1356.8783967391496,0,1356.8783967391496,0,0
calculator,space_heater,s001,zoom,naked,0,475.7012631077623,475.7012631077623,0,0
calculator,desk_plant,s001,zoom,naked,0,0,0,0,0
calculator,headset,s001,zoom,naked,0,909.2265667095371,909.2265667095371,0,0
calculator,nes_console,s001,zoom,naked,0,0,0,0,0
calculator,gameboy,s001,zoom,naked,0,454.6132833547126,454.6132833547126,0,0
calculator,red_rug,s001,zoom,naked,0,0,0,0,0
calculator,second_monitor,s001,zoom,naked,0,0,0,0,0
calculator,toaster,s001,zoom,naked,0,2342.5000518091497,2342.5000518091497,0,0
calculator,nightstand,s001,zoom,naked,0,0,0,0,0
calculator,desk_speakers,s001,zoom,naked,0,0,0,0,0
calculator,bookshelf,s001,zoom,naked,0,0,0,0,0
space_heater,desk_plant,s001,zoom,naked,475.7012631077623,0,475.7012631077623,0,0
space_heater,headset,s001,zoom,naked,475.7012631077623,909.2265667095371,1321.5009947361746,-63.426835081124864,-0.04579793525377577
space_heater,nes_console,s001,zoom,naked,475.7012631077623,0,475.7012631077623,0,0
space_heater,gameboy,s001,zoom,naked,475.7012631077623,454.6132833547126,898.6011289219123,-31.71341754056266,-0.03408891934577726
space_heater,red_rug,s001,zoom,naked,475.7012631077623,0,475.7012631077623,0,0
space_heater,second_monitor,s001,zoom,naked,475.7012631077623,0,475.7012631077623,0,0
space_heater,toaster,s001,zoom,naked,475.7012631077623,2342.5000518091497,2921.6056523811744,103.40433746426243,0.03669160784112084
space_heater,nightstand,s001,zoom,naked,475.7012631077623,0,475.7012631077623,0,0
space_heater,desk_speakers,s001,zoom,naked,475.7012631077623,0,475.7012631077623,0,0
space_heater,bookshelf,s001,zoom,naked,475.7012631077623,0,475.7012631077623,0,0
desk_plant,headset,s001,zoom,naked,0,909.2265667095371,909.2265667095371,0,0
desk_plant,nes_console,s001,zoom,naked,0,0,0,0,0
desk_plant,gameboy,s001,zoom,naked,0,454.6132833547126,454.6132833547126,0,0
desk_plant,red_rug,s001,zoom,naked,0,0,0,0,0
desk_plant,second_monitor,s001,zoom,naked,0,0,0,0,0
desk_plant,toaster,s001,zoom,naked,0,2342.5000518091497,2342.5000518091497,0,0
desk_plant,nightstand,s001,zoom,naked,0,0,0,0,0
desk_plant,desk_speakers,s001,zoom,naked,0,0,0,0,0
desk_plant,bookshelf,s001,zoom,naked,0,0,0,0,0
headset,nes_console,s001,zoom,naked,909.2265667095371,0,909.2265667095371,0,0
headset,gameboy,s001,zoom,naked,909.2265667095371,454.6132833547126,1363.8398500642502,4.547473508864641e-13,3.334316348543718e-16
headset,red_rug,s001,zoom,naked,909.2265667095371,0,909.2265667095371,0,0
headset,second_monitor,s001,zoom,naked,909.2265667095371,0,909.2265667095371,0,0
headset,toaster,s001,zoom,naked,909.2265667095371,2342.5000518091497,3632.610669581811,380.8840510631244,0.1171328637819605
headset,nightstand,s001,zoom,naked,909.2265667095371,0,909.2265667095371,0,0
headset,desk_speakers,s001,zoom,naked,909.2265667095371,0,909.2265667095371,0,0
headset,bookshelf,s001,zoom,naked,909.2265667095371,0,909.2265667095371,0,0
nes_console,gameboy,s001,zoom,naked,0,454.6132833547126,454.6132833547126,0,0
nes_console,red_rug,s001,zoom,naked,0,0,0,0,0
nes_console,second_monitor,s001,zoom,naked,0,0,0,0,0
nes_console,toaster,s001,zoom,naked,0,2342.5000518091497,2342.5000518091497,0,0
nes_console,nightstand,s001,zoom,naked,0,0,0,0,0
nes_console,desk_speakers,s001,zoom,naked,0,0,0,0,0
nes_console,bookshelf,s001,zoom,naked,0,0,0,0,0
gameboy,red_rug,s001,zoom,naked,454.6132833547126,0,454.6132833547126,0,0
gameboy,second_monitor,s001,zoom,naked,454.6132833547126,0,454.6132833547126,0,0
gameboy,toaster,s001,zoom,naked,454.6132833547126,2342.5000518091497,2987.5553606955377,190.44202553167543,0.06808520167471828
gameboy,nightstand,s001,zoom,naked,454.6132833547126,0,454.6132833547126,0,0
gameboy,desk_speakers,s001,zoom,naked,454.6132833547126,0,454.6132833547126,0,0
gameboy,bookshelf,s001,zoom,naked,454.6132833547126,0,454.6132833547126,0,0
red_rug,second_monitor,s001,zoom,naked,0,0,0,0,0
red_rug,toaster,s001,zoom,naked,0,2342.5000518091497,2342.5000518091497,0,0
red_rug,nightstand,s001,zoom,naked,0,0,0,0,0
red_rug,desk_speakers,s001,zoom,naked,0,0,0,0,0
red_rug,bookshelf,s001,zoom,naked,0,0,0,0,0
second_monitor,toaster,s001,zoom,naked,0,2342.5000518091497,2342.5000518091497,0,0
second_monitor,nightstand,s001,zoom,naked,0,0,0,0,0
second_monitor,desk_speakers,s001,zoom,naked,0,0,0,0,0
second_monitor,bookshelf,s001,zoom,naked,0,0,0,0,0
toaster,nightstand,s001,zoom,naked,2342.5000518091497,0,2342.5000518091497,0,0
toaster,desk_speakers,s001,zoom,naked,2342.5000518091497,0,2342.5000518091497,0,0
toaster,bookshelf,s001,zoom,naked,2342.5000518091497,0,2342.5000518091497,0,0
nightstand,desk_speakers,s001,zoom,naked,0,0,0,0,0
nightstand,bookshelf,s001,zoom,naked,0,0,0,0,0
desk_speakers,bookshelf,s001,zoom,naked,0,0,0,0,0
wall_hanger,mirror,s001,zoom,capped,3063.829787233877,0,3063.829787233877,0,0
wall_hanger,corkboard,s001,zoom,capped,3063.829787233877,1755.2035692978752,5010.522718234504,191.48936170275192,0.039736052344025774
wall_hanger,stack_of_books,s001,zoom,capped,3063.829787233877,718.085106382503,3781.914893616373,-7.275957614183426e-12,-1.9238819007970687e-15
wall_hanger,throw_pillow,s001,zoom,capped,3063.829787233877,0,3063.829787233877,0,0
wall_hanger,lava_lamp,s001,zoom,capped,3063.829787233877,990.9574468087521,4054.7872340426293,0,0
wall_hanger,comfort_bed,s001,zoom,capped,3063.829787233877,0,3063.829787233877,0,0
wall_hanger,sticky_notes,s001,zoom,capped,3063.829787233877,6486.702127659002,10316.489361701631,765.9574468087521,0.08020050125316432
wall_hanger,calculator,s001,zoom,capped,3063.829787233877,5825.449670891627,9792.554934048752,903.2754759232485,0.10161402621869237
wall_hanger,space_heater,s001,zoom,capped,3063.829787233877,106.82242990650411,3170.6522171403776,-3.637978807091713e-12,-1.1473913119278704e-15
wall_hanger,desk_plant,s001,zoom,capped,3063.829787233877,0,3063.829787233877,0,0
wall_hanger,headset,s001,zoom,capped,3063.829787233877,2106.2442831570006,5399.8613044346275,229.78723404374978,0.04444563673850362
wall_hanger,nes_console,s001,zoom,capped,3063.829787233877,0,3063.829787233877,0,0
wall_hanger,gameboy,s001,zoom,capped,3063.829787233877,1053.122141578504,4231.8455458342505,114.89361702186943,0.02790744682195326
wall_hanger,red_rug,s001,zoom,capped,3063.829787233877,0,3063.829787233877,0,0
wall_hanger,second_monitor,s001,zoom,capped,3063.829787233877,0,3063.829787233877,0,0
wall_hanger,toaster,s001,zoom,capped,3063.829787233877,6079.53847683375,10368.900178961627,1225.5319148939998,0.13403506011129374
wall_hanger,nightstand,s001,zoom,capped,3063.829787233877,-7525.096154542123,-5717.1491346746225,-1255.8827673663764,-0.11860341400742072
wall_hanger,desk_speakers,s001,zoom,capped,3063.829787233877,0,3063.829787233877,0,0
wall_hanger,bookshelf,s001,zoom,capped,3063.829787233877,0,3063.829787233877,0,0
mirror,corkboard,s001,zoom,capped,0,1755.2035692978752,1755.2035692978752,0,0
mirror,stack_of_books,s001,zoom,capped,0,718.085106382503,718.085106382503,0,0
mirror,throw_pillow,s001,zoom,capped,0,0,0,0,0
mirror,lava_lamp,s001,zoom,capped,0,990.9574468087521,990.9574468087521,0,0
mirror,comfort_bed,s001,zoom,capped,0,0,0,0,0
mirror,sticky_notes,s001,zoom,capped,0,6486.702127659002,6486.702127659002,0,0
mirror,calculator,s001,zoom,capped,0,5825.449670891627,5825.449670891627,0,0
mirror,space_heater,s001,zoom,capped,0,106.82242990650411,106.82242990650411,0,0
mirror,desk_plant,s001,zoom,capped,0,0,0,0,0
mirror,headset,s001,zoom,capped,0,2106.2442831570006,2106.2442831570006,0,0
mirror,nes_console,s001,zoom,capped,0,0,0,0,0
mirror,gameboy,s001,zoom,capped,0,1053.122141578504,1053.122141578504,0,0
mirror,red_rug,s001,zoom,capped,0,0,0,0,0
mirror,second_monitor,s001,zoom,capped,0,0,0,0,0
mirror,toaster,s001,zoom,capped,0,6079.53847683375,6079.53847683375,0,0
mirror,nightstand,s001,zoom,capped,0,-7525.096154542123,-7525.096154542123,0,0
mirror,desk_speakers,s001,zoom,capped,0,0,0,0,0
mirror,bookshelf,s001,zoom,capped,0,0,0,0,0
corkboard,stack_of_books,s001,zoom,capped,1755.2035692978752,718.085106382503,2518.168994830128,44.880319149749994,0.018146009235013316
corkboard,throw_pillow,s001,zoom,capped,1755.2035692978752,0,1755.2035692978752,0,0
corkboard,lava_lamp,s001,zoom,capped,1755.2035692978752,990.9574468087521,2808.0958565317524,61.934840425125,0.022553244351612416
corkboard,comfort_bed,s001,zoom,capped,1755.2035692978752,0,1755.2035692978752,0,0
corkboard,sticky_notes,s001,zoom,capped,1755.2035692978752,6486.702127659002,8647.324579936121,405.4188829792438,0.04918994439950154
corkboard,calculator,s001,zoom,capped,1755.2035692978752,5825.449670891627,7837.689282943498,257.0360427539963,0.03390684610018792
corkboard,space_heater,s001,zoom,capped,1755.2035692978752,106.82242990650411,1835.3203917277533,-26.705607476626028,-0.014342231251355784
corkboard,desk_plant,s001,zoom,capped,1755.2035692978752,0,1755.2035692978752,0,0
corkboard,headset,s001,zoom,capped,1755.2035692978752,2106.2442831570006,3861.447852456,1.1241354513913393e-9,2.9111760519481875e-13
corkboard,nes_console,s001,zoom,capped,1755.2035692978752,0,1755.2035692978752,0,0
corkboard,gameboy,s001,zoom,capped,1755.2035692978752,1053.122141578504,2808.3257108763755,-3.637978807091713e-12,-1.295426236708287e-15
corkboard,red_rug,s001,zoom,capped,1755.2035692978752,0,1755.2035692978752,0,0
corkboard,second_monitor,s001,zoom,capped,1755.2035692978752,0,1755.2035692978752,0,0
corkboard,toaster,s001,zoom,capped,1755.2035692978752,6079.53847683375,8263.261682242872,428.51963611124665,0.05469479832113
corkboard,nightstand,s001,zoom,capped,1755.2035692978752,-7525.096154542123,-6154.422949963122,-384.5303647188739,-0.04143512345092267
corkboard,desk_speakers,s001,zoom,capped,1755.2035692978752,0,1755.2035692978752,0,0
corkboard,bookshelf,s001,zoom,capped,1755.2035692978752,0,1755.2035692978752,0,0
stack_of_books,throw_pillow,s001,zoom,capped,718.085106382503,0,718.085106382503,0,0
stack_of_books,lava_lamp,s001,zoom,capped,718.085106382503,990.9574468087521,2328.3909574470017,619.3484042557466,0.362394957983493
stack_of_books,comfort_bed,s001,zoom,capped,718.085106382503,0,718.085106382503,0,0
stack_of_books,sticky_notes,s001,zoom,capped,718.085106382503,6486.702127659002,7384.308510638246,179.5212765967408,0.024916943521736564
stack_of_books,calculator,s001,zoom,capped,718.085106382503,5825.449670891627,6561.196774724249,17.661997450119088,0.0026991523773144256
stack_of_books,space_heater,s001,zoom,capped,718.085106382503,106.82242990650411,824.9075362889998,-7.275957614183426e-12,-8.82033112088612e-15
stack_of_books,desk_plant,s001,zoom,capped,718.085106382503,0,718.085106382503,0,0
stack_of_books,headset,s001,zoom,capped,718.085106382503,2106.2442831570006,2878.185772518751,53.85638297924743,0.01906873298090366
stack_of_books,nes_console,s001,zoom,capped,718.085106382503,0,718.085106382503,0,0
stack_of_books,gameboy,s001,zoom,capped,718.085106382503,1053.122141578504,1798.135439450627,26.928191489620076,0.01520329793174655
stack_of_books,red_rug,s001,zoom,capped,718.085106382503,0,718.085106382503,0,0
stack_of_books,second_monitor,s001,zoom,capped,718.085106382503,0,718.085106382503,0,0
stack_of_books,toaster,s001,zoom,capped,718.085106382503,6079.53847683375,7070.495923642498,272.8723404262455,0.04014231401397158
stack_of_books,nightstand,s001,zoom,capped,718.085106382503,-7525.096154542123,-6825.9291429532495,-18.91809479362928,-0.0022949992478398153
stack_of_books,desk_speakers,s001,zoom,capped,718.085106382503,0,718.085106382503,0,0
stack_of_books,bookshelf,s001,zoom,capped,718.085106382503,0,718.085106382503,0,0
throw_pillow,lava_lamp,s001,zoom,capped,0,990.9574468087521,990.9574468087521,0,0
throw_pillow,comfort_bed,s001,zoom,capped,0,0,0,0,0
throw_pillow,sticky_notes,s001,zoom,capped,0,6486.702127659002,6486.702127659002,0,0
throw_pillow,calculator,s001,zoom,capped,0,5825.449670891627,5825.449670891627,0,0
throw_pillow,space_heater,s001,zoom,capped,0,106.82242990650411,106.82242990650411,0,0
throw_pillow,desk_plant,s001,zoom,capped,0,0,0,0,0
throw_pillow,headset,s001,zoom,capped,0,2106.2442831570006,2106.2442831570006,0,0
throw_pillow,nes_console,s001,zoom,capped,0,0,0,0,0
throw_pillow,gameboy,s001,zoom,capped,0,1053.122141578504,1053.122141578504,0,0
throw_pillow,red_rug,s001,zoom,capped,0,0,0,0,0
throw_pillow,second_monitor,s001,zoom,capped,0,0,0,0,0
throw_pillow,toaster,s001,zoom,capped,0,6079.53847683375,6079.53847683375,0,0
throw_pillow,nightstand,s001,zoom,capped,0,-7525.096154542123,-7525.096154542123,0,0
throw_pillow,desk_speakers,s001,zoom,capped,0,0,0,0,0
throw_pillow,bookshelf,s001,zoom,capped,0,0,0,0,0
lava_lamp,comfort_bed,s001,zoom,capped,990.9574468087521,0,990.9574468087521,0,0
lava_lamp,sticky_notes,s001,zoom,capped,990.9574468087521,6486.702127659002,7725.398936170499,247.73936170274465,0.0331306017926576
lava_lamp,calculator,s001,zoom,capped,990.9574468087521,5825.449670891627,6765.467660200127,-50.93945750025159,-0.007473065593159115
lava_lamp,space_heater,s001,zoom,capped,990.9574468087521,106.82242990650411,1097.779876715249,-7.275957614183426e-12,-6.6278839396786236e-15
lava_lamp,desk_plant,s001,zoom,capped,990.9574468087521,0,990.9574468087521,0,0
lava_lamp,headset,s001,zoom,capped,990.9574468087521,2106.2442831570006,3171.5235384761218,74.32180851036901,0.023996437749371533
lava_lamp,nes_console,s001,zoom,capped,990.9574468087521,0,990.9574468087521,0,0
lava_lamp,gameboy,s001,zoom,capped,990.9574468087521,1053.122141578504,2081.2404926430027,37.16090425574657,0.018179773657964998
lava_lamp,red_rug,s001,zoom,capped,990.9574468087521,0,990.9574468087521,0,0
lava_lamp,second_monitor,s001,zoom,capped,990.9574468087521,0,990.9574468087521,0,0
lava_lamp,toaster,s001,zoom,capped,990.9574468087521,6079.53847683375,7812.708689599876,742.2127659573744,0.10497322591977526
lava_lamp,nightstand,s001,zoom,capped,990.9574468087521,-7525.096154542123,-6494.4604188224985,39.67828891087265,0.004659234284831017
lava_lamp,desk_speakers,s001,zoom,capped,990.9574468087521,0,990.9574468087521,0,0
lava_lamp,bookshelf,s001,zoom,capped,990.9574468087521,0,990.9574468087521,0,0
comfort_bed,sticky_notes,s001,zoom,capped,0,6486.702127659002,6486.702127659002,0,0
comfort_bed,calculator,s001,zoom,capped,0,5825.449670891627,5825.449670891627,0,0
comfort_bed,space_heater,s001,zoom,capped,0,106.82242990650411,106.82242990650411,0,0
comfort_bed,desk_plant,s001,zoom,capped,0,0,0,0,0
comfort_bed,headset,s001,zoom,capped,0,2106.2442831570006,2106.2442831570006,0,0
comfort_bed,nes_console,s001,zoom,capped,0,0,0,0,0
comfort_bed,gameboy,s001,zoom,capped,0,1053.122141578504,1053.122141578504,0,0
comfort_bed,red_rug,s001,zoom,capped,0,0,0,0,0
comfort_bed,second_monitor,s001,zoom,capped,0,0,0,0,0
comfort_bed,toaster,s001,zoom,capped,0,6079.53847683375,6079.53847683375,0,0
comfort_bed,nightstand,s001,zoom,capped,0,-7525.096154542123,-7525.096154542123,0,0
comfort_bed,desk_speakers,s001,zoom,capped,0,0,0,0,0
comfort_bed,bookshelf,s001,zoom,capped,0,0,0,0,0
sticky_notes,calculator,s001,zoom,capped,6486.702127659002,5825.449670891627,13735.202669854869,1423.05087130424,0.11558100440832444
sticky_notes,space_heater,s001,zoom,capped,6486.702127659002,106.82242990650411,6593.524557565503,-3.637978807091713e-12,-5.517502475845704e-16
sticky_notes,desk_plant,s001,zoom,capped,6486.702127659002,0,6486.702127659002,0,0
sticky_notes,headset,s001,zoom,capped,6486.702127659002,2106.2442831570006,9079.449070391998,486.5026595759955,0.05661651269739459
sticky_notes,nes_console,s001,zoom,capped,6486.702127659002,0,6486.702127659002,0,0
sticky_notes,gameboy,s001,zoom,capped,6486.702127659002,1053.122141578504,7783.075599025502,243.25132978799593,0.03226220149194481
sticky_notes,red_rug,s001,zoom,capped,6486.702127659002,0,6486.702127659002,0,0
sticky_notes,second_monitor,s001,zoom,capped,6486.702127659002,0,6486.702127659002,0,0
sticky_notes,toaster,s001,zoom,capped,6486.702127659002,6079.53847683375,14124.96400874962,1558.723404256867,0.12404055065598407
sticky_notes,nightstand,s001,zoom,capped,6486.702127659002,-7525.096154542123,-2877.930772713,-1839.5367458298788,-0.13128484358546622
sticky_notes,desk_speakers,s001,zoom,capped,6486.702127659002,0,6486.702127659002,0,0
sticky_notes,bookshelf,s001,zoom,capped,6486.702127659002,0,6486.702127659002,0,0
calculator,space_heater,s001,zoom,capped,5825.449670891627,106.82242990650411,5905.622863662753,-26.649237135377916,-0.004492247941862363
calculator,desk_plant,s001,zoom,capped,5825.449670891627,0,5825.449670891627,0,0
calculator,headset,s001,zoom,capped,5825.449670891627,2106.2442831570006,8240.137205353876,308.44325130524885,0.03888743729803242
calculator,nes_console,s001,zoom,capped,5825.449670891627,0,5825.449670891627,0,0
calculator,gameboy,s001,zoom,capped,5825.449670891627,1053.122141578504,7032.79343812275,154.22162565261897,0.02242058814782326
calculator,red_rug,s001,zoom,capped,5825.449670891627,0,5825.449670891627,0,0
calculator,second_monitor,s001,zoom,capped,5825.449670891627,0,5825.449670891627,0,0
calculator,toaster,s001,zoom,capped,5825.449670891627,6079.53847683375,12745.476465714,840.4883179886237,0.07059967700591213
calculator,nightstand,s001,zoom,capped,5825.449670891627,-7525.096154542123,-4114.253374876123,-2414.606891225627,-0.18086203536529774
calculator,desk_speakers,s001,zoom,capped,5825.449670891627,0,5825.449670891627,0,0
calculator,bookshelf,s001,zoom,capped,5825.449670891627,0,5825.449670891627,0,0
space_heater,desk_plant,s001,zoom,capped,106.82242990650411,0,106.82242990650411,0,0
space_heater,headset,s001,zoom,capped,106.82242990650411,2106.2442831570006,2181.019984092007,-32.04672897149794,-0.014480688170098715
space_heater,nes_console,s001,zoom,capped,106.82242990650411,0,106.82242990650411,0,0
space_heater,gameboy,s001,zoom,capped,106.82242990650411,1053.122141578504,1143.92120699925,-16.023364485758066,-0.013813905318979428
space_heater,red_rug,s001,zoom,capped,106.82242990650411,0,106.82242990650411,0,0
space_heater,second_monitor,s001,zoom,capped,106.82242990650411,0,106.82242990650411,0,0
space_heater,toaster,s001,zoom,capped,106.82242990650411,6079.53847683375,6217.431934777876,31.071028037622455,0.005022504911371966
space_heater,nightstand,s001,zoom,capped,106.82242990650411,-7525.096154542123,-7384.883890391997,33.38983424362232,0.004375024952658688
space_heater,desk_speakers,s001,zoom,capped,106.82242990650411,0,106.82242990650411,0,0
space_heater,bookshelf,s001,zoom,capped,106.82242990650411,0,106.82242990650411,0,0
desk_plant,headset,s001,zoom,capped,0,2106.2442831570006,2106.2442831570006,0,0
desk_plant,nes_console,s001,zoom,capped,0,0,0,0,0
desk_plant,gameboy,s001,zoom,capped,0,1053.122141578504,1053.122141578504,0,0
desk_plant,red_rug,s001,zoom,capped,0,0,0,0,0
desk_plant,second_monitor,s001,zoom,capped,0,0,0,0,0
desk_plant,toaster,s001,zoom,capped,0,6079.53847683375,6079.53847683375,0,0
desk_plant,nightstand,s001,zoom,capped,0,-7525.096154542123,-7525.096154542123,0,0
desk_plant,desk_speakers,s001,zoom,capped,0,0,0,0,0
desk_plant,bookshelf,s001,zoom,capped,0,0,0,0,0
headset,nes_console,s001,zoom,capped,2106.2442831570006,0,2106.2442831570006,0,0
headset,gameboy,s001,zoom,capped,2106.2442831570006,1053.122141578504,3159.3664247366287,1.1241354513913393e-9,3.5581040634925704e-13
headset,red_rug,s001,zoom,capped,2106.2442831570006,0,2106.2442831570006,0,0
headset,second_monitor,s001,zoom,capped,2106.2442831570006,0,2106.2442831570006,0,0
headset,toaster,s001,zoom,capped,2106.2442831570006,6079.53847683375,8700.00632332425,514.2235633335004,0.06281910703113766
headset,nightstand,s001,zoom,capped,2106.2442831570006,-7525.096154542123,-5880.288309046875,-461.4364376617523,-0.04790988758486737
headset,desk_speakers,s001,zoom,capped,2106.2442831570006,0,2106.2442831570006,0,0
headset,bookshelf,s001,zoom,capped,2106.2442831570006,0,2106.2442831570006,0,0
nes_console,gameboy,s001,zoom,capped,0,1053.122141578504,1053.122141578504,0,0
nes_console,red_rug,s001,zoom,capped,0,0,0,0,0
nes_console,second_monitor,s001,zoom,capped,0,0,0,0,0
nes_console,toaster,s001,zoom,capped,0,6079.53847683375,6079.53847683375,0,0
nes_console,nightstand,s001,zoom,capped,0,-7525.096154542123,-7525.096154542123,0,0
nes_console,desk_speakers,s001,zoom,capped,0,0,0,0,0
nes_console,bookshelf,s001,zoom,capped,0,0,0,0,0
gameboy,red_rug,s001,zoom,capped,1053.122141578504,0,1053.122141578504,0,0
gameboy,second_monitor,s001,zoom,capped,1053.122141578504,0,1053.122141578504,0,0
gameboy,toaster,s001,zoom,capped,1053.122141578504,6079.53847683375,7389.772400079,257.11178166674654,0.03604710716265373
gameboy,nightstand,s001,zoom,capped,1053.122141578504,-7525.096154542123,-6702.692231794499,-230.71821883087978,-0.02689582042173241
gameboy,desk_speakers,s001,zoom,capped,1053.122141578504,0,1053.122141578504,0,0
gameboy,bookshelf,s001,zoom,capped,1053.122141578504,0,1053.122141578504,0,0
red_rug,second_monitor,s001,zoom,capped,0,0,0,0,0
red_rug,toaster,s001,zoom,capped,0,6079.53847683375,6079.53847683375,0,0
red_rug,nightstand,s001,zoom,capped,0,-7525.096154542123,-7525.096154542123,0,0
red_rug,desk_speakers,s001,zoom,capped,0,0,0,0,0
red_rug,bookshelf,s001,zoom,capped,0,0,0,0,0
second_monitor,toaster,s001,zoom,capped,0,6079.53847683375,6079.53847683375,0,0
second_monitor,nightstand,s001,zoom,capped,0,-7525.096154542123,-7525.096154542123,0,0
second_monitor,desk_speakers,s001,zoom,capped,0,0,0,0,0
second_monitor,bookshelf,s001,zoom,capped,0,0,0,0,0
toaster,nightstand,s001,zoom,capped,6079.53847683375,-7525.096154542123,-2220.5583484076196,-775.0006706992463,-0.056965930486063215
toaster,desk_speakers,s001,zoom,capped,6079.53847683375,0,6079.53847683375,0,0
toaster,bookshelf,s001,zoom,capped,6079.53847683375,0,6079.53847683375,0,0
nightstand,desk_speakers,s001,zoom,capped,-7525.096154542123,0,-7525.096154542123,0,0
nightstand,bookshelf,s001,zoom,capped,-7525.096154542123,0,-7525.096154542123,0,0
desk_speakers,bookshelf,s001,zoom,capped,0,0,0,0,0
wall_hanger,mirror,s001,mtt,naked,0,0,0,0,0
wall_hanger,corkboard,s001,mtt,naked,0,1370.9706297065204,1370.9706297065204,0,0
wall_hanger,stack_of_books,s001,mtt,naked,0,0,0,0,0
wall_hanger,throw_pillow,s001,mtt,naked,0,0,0,0,0
wall_hanger,lava_lamp,s001,mtt,naked,0,0,0,0,0
wall_hanger,comfort_bed,s001,mtt,naked,0,0,0,0,0
wall_hanger,sticky_notes,s001,mtt,naked,0,0,0,0,0
wall_hanger,calculator,s001,mtt,naked,0,0,0,0,0
wall_hanger,space_heater,s001,mtt,naked,0,0,0,0,0
wall_hanger,desk_plant,s001,mtt,naked,0,0,0,0,0
wall_hanger,headset,s001,mtt,naked,0,0,0,0,0
wall_hanger,nes_console,s001,mtt,naked,0,0,0,0,0
wall_hanger,gameboy,s001,mtt,naked,0,0,0,0,0
wall_hanger,red_rug,s001,mtt,naked,0,0,0,0,0
wall_hanger,second_monitor,s001,mtt,naked,0,0,0,0,0
wall_hanger,toaster,s001,mtt,naked,0,0,0,0,0
wall_hanger,nightstand,s001,mtt,naked,0,0,0,0,0
wall_hanger,desk_speakers,s001,mtt,naked,0,1370.9706297065204,1370.9706297065204,0,0
wall_hanger,bookshelf,s001,mtt,naked,0,0,0,0,0
mirror,corkboard,s001,mtt,naked,0,1370.9706297065204,1370.9706297065204,0,0
mirror,stack_of_books,s001,mtt,naked,0,0,0,0,0
mirror,throw_pillow,s001,mtt,naked,0,0,0,0,0
mirror,lava_lamp,s001,mtt,naked,0,0,0,0,0
mirror,comfort_bed,s001,mtt,naked,0,0,0,0,0
mirror,sticky_notes,s001,mtt,naked,0,0,0,0,0
mirror,calculator,s001,mtt,naked,0,0,0,0,0
mirror,space_heater,s001,mtt,naked,0,0,0,0,0
mirror,desk_plant,s001,mtt,naked,0,0,0,0,0
mirror,headset,s001,mtt,naked,0,0,0,0,0
mirror,nes_console,s001,mtt,naked,0,0,0,0,0
mirror,gameboy,s001,mtt,naked,0,0,0,0,0
mirror,red_rug,s001,mtt,naked,0,0,0,0,0
mirror,second_monitor,s001,mtt,naked,0,0,0,0,0
mirror,toaster,s001,mtt,naked,0,0,0,0,0
mirror,nightstand,s001,mtt,naked,0,0,0,0,0
mirror,desk_speakers,s001,mtt,naked,0,1370.9706297065204,1370.9706297065204,0,0
mirror,bookshelf,s001,mtt,naked,0,0,0,0,0
corkboard,stack_of_books,s001,mtt,naked,1370.9706297065204,0,1370.9706297065204,0,0
corkboard,throw_pillow,s001,mtt,naked,1370.9706297065204,0,1370.9706297065204,0,0
corkboard,lava_lamp,s001,mtt,naked,1370.9706297065204,0,1370.9706297065204,0,0
corkboard,comfort_bed,s001,mtt,naked,1370.9706297065204,0,1370.9706297065204,0,0
corkboard,sticky_notes,s001,mtt,naked,1370.9706297065204,0,1370.9706297065204,0,0
corkboard,calculator,s001,mtt,naked,1370.9706297065204,0,1370.9706297065204,0,0
corkboard,space_heater,s001,mtt,naked,1370.9706297065204,0,1370.9706297065204,0,0
corkboard,desk_plant,s001,mtt,naked,1370.9706297065204,0,1370.9706297065204,0,0
corkboard,headset,s001,mtt,naked,1370.9706297065204,0,1370.9706297065204,0,0
corkboard,nes_console,s001,mtt,naked,1370.9706297065204,0,1370.9706297065204,0,0
corkboard,gameboy,s001,mtt,naked,1370.9706297065204,0,1370.9706297065204,0,0
corkboard,red_rug,s001,mtt,naked,1370.9706297065204,0,1370.9706297065204,0,0
corkboard,second_monitor,s001,mtt,naked,1370.9706297065204,0,1370.9706297065204,0,0
corkboard,toaster,s001,mtt,naked,1370.9706297065204,0,1370.9706297065204,0,0
corkboard,nightstand,s001,mtt,naked,1370.9706297065204,0,1370.9706297065204,0,0
corkboard,desk_speakers,s001,mtt,naked,1370.9706297065204,1370.9706297065204,2685.109404680021,-56.83185473302001,-0.020726868067620762
corkboard,bookshelf,s001,mtt,naked,1370.9706297065204,0,1370.9706297065204,0,0
stack_of_books,throw_pillow,s001,mtt,naked,0,0,0,0,0
stack_of_books,lava_lamp,s001,mtt,naked,0,0,0,0,0
stack_of_books,comfort_bed,s001,mtt,naked,0,0,0,0,0
stack_of_books,sticky_notes,s001,mtt,naked,0,0,0,0,0
stack_of_books,calculator,s001,mtt,naked,0,0,0,0,0
stack_of_books,space_heater,s001,mtt,naked,0,0,0,0,0
stack_of_books,desk_plant,s001,mtt,naked,0,0,0,0,0
stack_of_books,headset,s001,mtt,naked,0,0,0,0,0
stack_of_books,nes_console,s001,mtt,naked,0,0,0,0,0
stack_of_books,gameboy,s001,mtt,naked,0,0,0,0,0
stack_of_books,red_rug,s001,mtt,naked,0,0,0,0,0
stack_of_books,second_monitor,s001,mtt,naked,0,0,0,0,0
stack_of_books,toaster,s001,mtt,naked,0,0,0,0,0
stack_of_books,nightstand,s001,mtt,naked,0,0,0,0,0
stack_of_books,desk_speakers,s001,mtt,naked,0,1370.9706297065204,1370.9706297065204,0,0
stack_of_books,bookshelf,s001,mtt,naked,0,0,0,0,0
throw_pillow,lava_lamp,s001,mtt,naked,0,0,0,0,0
throw_pillow,comfort_bed,s001,mtt,naked,0,0,0,0,0
throw_pillow,sticky_notes,s001,mtt,naked,0,0,0,0,0
throw_pillow,calculator,s001,mtt,naked,0,0,0,0,0
throw_pillow,space_heater,s001,mtt,naked,0,0,0,0,0
throw_pillow,desk_plant,s001,mtt,naked,0,0,0,0,0
throw_pillow,headset,s001,mtt,naked,0,0,0,0,0
throw_pillow,nes_console,s001,mtt,naked,0,0,0,0,0
throw_pillow,gameboy,s001,mtt,naked,0,0,0,0,0
throw_pillow,red_rug,s001,mtt,naked,0,0,0,0,0
throw_pillow,second_monitor,s001,mtt,naked,0,0,0,0,0
throw_pillow,toaster,s001,mtt,naked,0,0,0,0,0
throw_pillow,nightstand,s001,mtt,naked,0,0,0,0,0
throw_pillow,desk_speakers,s001,mtt,naked,0,1370.9706297065204,1370.9706297065204,0,0
throw_pillow,bookshelf,s001,mtt,naked,0,0,0,0,0
lava_lamp,comfort_bed,s001,mtt,naked,0,0,0,0,0
lava_lamp,sticky_notes,s001,mtt,naked,0,0,0,0,0
lava_lamp,calculator,s001,mtt,naked,0,0,0,0,0
lava_lamp,space_heater,s001,mtt,naked,0,0,0,0,0
lava_lamp,desk_plant,s001,mtt,naked,0,0,0,0,0
lava_lamp,headset,s001,mtt,naked,0,0,0,0,0
lava_lamp,nes_console,s001,mtt,naked,0,0,0,0,0
lava_lamp,gameboy,s001,mtt,naked,0,0,0,0,0
lava_lamp,red_rug,s001,mtt,naked,0,0,0,0,0
lava_lamp,second_monitor,s001,mtt,naked,0,0,0,0,0
lava_lamp,toaster,s001,mtt,naked,0,0,0,0,0
lava_lamp,nightstand,s001,mtt,naked,0,0,0,0,0
lava_lamp,desk_speakers,s001,mtt,naked,0,1370.9706297065204,1370.9706297065204,0,0
lava_lamp,bookshelf,s001,mtt,naked,0,0,0,0,0
comfort_bed,sticky_notes,s001,mtt,naked,0,0,0,0,0
comfort_bed,calculator,s001,mtt,naked,0,0,0,0,0
comfort_bed,space_heater,s001,mtt,naked,0,0,0,0,0
comfort_bed,desk_plant,s001,mtt,naked,0,0,0,0,0
comfort_bed,headset,s001,mtt,naked,0,0,0,0,0
comfort_bed,nes_console,s001,mtt,naked,0,0,0,0,0
comfort_bed,gameboy,s001,mtt,naked,0,0,0,0,0
comfort_bed,red_rug,s001,mtt,naked,0,0,0,0,0
comfort_bed,second_monitor,s001,mtt,naked,0,0,0,0,0
comfort_bed,toaster,s001,mtt,naked,0,0,0,0,0
comfort_bed,nightstand,s001,mtt,naked,0,0,0,0,0
comfort_bed,desk_speakers,s001,mtt,naked,0,1370.9706297065204,1370.9706297065204,0,0
comfort_bed,bookshelf,s001,mtt,naked,0,0,0,0,0
sticky_notes,calculator,s001,mtt,naked,0,0,0,0,0
sticky_notes,space_heater,s001,mtt,naked,0,0,0,0,0
sticky_notes,desk_plant,s001,mtt,naked,0,0,0,0,0
sticky_notes,headset,s001,mtt,naked,0,0,0,0,0
sticky_notes,nes_console,s001,mtt,naked,0,0,0,0,0
sticky_notes,gameboy,s001,mtt,naked,0,0,0,0,0
sticky_notes,red_rug,s001,mtt,naked,0,0,0,0,0
sticky_notes,second_monitor,s001,mtt,naked,0,0,0,0,0
sticky_notes,toaster,s001,mtt,naked,0,0,0,0,0
sticky_notes,nightstand,s001,mtt,naked,0,0,0,0,0
sticky_notes,desk_speakers,s001,mtt,naked,0,1370.9706297065204,1370.9706297065204,0,0
sticky_notes,bookshelf,s001,mtt,naked,0,0,0,0,0
calculator,space_heater,s001,mtt,naked,0,0,0,0,0
calculator,desk_plant,s001,mtt,naked,0,0,0,0,0
calculator,headset,s001,mtt,naked,0,0,0,0,0
calculator,nes_console,s001,mtt,naked,0,0,0,0,0
calculator,gameboy,s001,mtt,naked,0,0,0,0,0
calculator,red_rug,s001,mtt,naked,0,0,0,0,0
calculator,second_monitor,s001,mtt,naked,0,0,0,0,0
calculator,toaster,s001,mtt,naked,0,0,0,0,0
calculator,nightstand,s001,mtt,naked,0,0,0,0,0
calculator,desk_speakers,s001,mtt,naked,0,1370.9706297065204,1370.9706297065204,0,0
calculator,bookshelf,s001,mtt,naked,0,0,0,0,0
space_heater,desk_plant,s001,mtt,naked,0,0,0,0,0
space_heater,headset,s001,mtt,naked,0,0,0,0,0
space_heater,nes_console,s001,mtt,naked,0,0,0,0,0
space_heater,gameboy,s001,mtt,naked,0,0,0,0,0
space_heater,red_rug,s001,mtt,naked,0,0,0,0,0
space_heater,second_monitor,s001,mtt,naked,0,0,0,0,0
space_heater,toaster,s001,mtt,naked,0,0,0,0,0
space_heater,nightstand,s001,mtt,naked,0,0,0,0,0
space_heater,desk_speakers,s001,mtt,naked,0,1370.9706297065204,1370.9706297065204,0,0
space_heater,bookshelf,s001,mtt,naked,0,0,0,0,0
desk_plant,headset,s001,mtt,naked,0,0,0,0,0
desk_plant,nes_console,s001,mtt,naked,0,0,0,0,0
desk_plant,gameboy,s001,mtt,naked,0,0,0,0,0
desk_plant,red_rug,s001,mtt,naked,0,0,0,0,0
desk_plant,second_monitor,s001,mtt,naked,0,0,0,0,0
desk_plant,toaster,s001,mtt,naked,0,0,0,0,0
desk_plant,nightstand,s001,mtt,naked,0,0,0,0,0
desk_plant,desk_speakers,s001,mtt,naked,0,1370.9706297065204,1370.9706297065204,0,0
desk_plant,bookshelf,s001,mtt,naked,0,0,0,0,0
headset,nes_console,s001,mtt,naked,0,0,0,0,0
headset,gameboy,s001,mtt,naked,0,0,0,0,0
headset,red_rug,s001,mtt,naked,0,0,0,0,0
headset,second_monitor,s001,mtt,naked,0,0,0,0,0
headset,toaster,s001,mtt,naked,0,0,0,0,0
headset,nightstand,s001,mtt,naked,0,0,0,0,0
headset,desk_speakers,s001,mtt,naked,0,1370.9706297065204,1370.9706297065204,0,0
headset,bookshelf,s001,mtt,naked,0,0,0,0,0
nes_console,gameboy,s001,mtt,naked,0,0,0,0,0
nes_console,red_rug,s001,mtt,naked,0,0,0,0,0
nes_console,second_monitor,s001,mtt,naked,0,0,0,0,0
nes_console,toaster,s001,mtt,naked,0,0,0,0,0
nes_console,nightstand,s001,mtt,naked,0,0,0,0,0
nes_console,desk_speakers,s001,mtt,naked,0,1370.9706297065204,1370.9706297065204,0,0
nes_console,bookshelf,s001,mtt,naked,0,0,0,0,0
gameboy,red_rug,s001,mtt,naked,0,0,0,0,0
gameboy,second_monitor,s001,mtt,naked,0,0,0,0,0
gameboy,toaster,s001,mtt,naked,0,0,0,0,0
gameboy,nightstand,s001,mtt,naked,0,0,0,0,0
gameboy,desk_speakers,s001,mtt,naked,0,1370.9706297065204,1370.9706297065204,0,0
gameboy,bookshelf,s001,mtt,naked,0,0,0,0,0
red_rug,second_monitor,s001,mtt,naked,0,0,0,0,0
red_rug,toaster,s001,mtt,naked,0,0,0,0,0
red_rug,nightstand,s001,mtt,naked,0,0,0,0,0
red_rug,desk_speakers,s001,mtt,naked,0,1370.9706297065204,1370.9706297065204,0,0
red_rug,bookshelf,s001,mtt,naked,0,0,0,0,0
second_monitor,toaster,s001,mtt,naked,0,0,0,0,0
second_monitor,nightstand,s001,mtt,naked,0,0,0,0,0
second_monitor,desk_speakers,s001,mtt,naked,0,1370.9706297065204,1370.9706297065204,0,0
second_monitor,bookshelf,s001,mtt,naked,0,0,0,0,0
toaster,nightstand,s001,mtt,naked,0,0,0,0,0
toaster,desk_speakers,s001,mtt,naked,0,1370.9706297065204,1370.9706297065204,0,0
toaster,bookshelf,s001,mtt,naked,0,0,0,0,0
nightstand,desk_speakers,s001,mtt,naked,0,1370.9706297065204,1370.9706297065204,0,0
nightstand,bookshelf,s001,mtt,naked,0,0,0,0,0
desk_speakers,bookshelf,s001,mtt,naked,1370.9706297065204,0,1370.9706297065204,0,0
wall_hanger,mirror,s001,mtt,capped,0,0,0,0,0
wall_hanger,corkboard,s001,mtt,capped,0,1021.7495159229129,1021.7495159229129,0,0
wall_hanger,stack_of_books,s001,mtt,capped,0,0,0,0,0
wall_hanger,throw_pillow,s001,mtt,capped,0,0,0,0,0
wall_hanger,lava_lamp,s001,mtt,capped,0,0,0,0,0
wall_hanger,comfort_bed,s001,mtt,capped,0,0,0,0,0
wall_hanger,sticky_notes,s001,mtt,capped,0,0,0,0,0
wall_hanger,calculator,s001,mtt,capped,0,773.3459679873285,773.3459679873285,0,0
wall_hanger,space_heater,s001,mtt,capped,0,0,0,0,0
wall_hanger,desk_plant,s001,mtt,capped,0,0,0,0,0
wall_hanger,headset,s001,mtt,capped,0,0,0,0,0
wall_hanger,nes_console,s001,mtt,capped,0,0,0,0,0
wall_hanger,gameboy,s001,mtt,capped,0,0,0,0,0
wall_hanger,red_rug,s001,mtt,capped,0,0,0,0,0
wall_hanger,second_monitor,s001,mtt,capped,0,0,0,0,0
wall_hanger,toaster,s001,mtt,capped,0,0,0,0,0
wall_hanger,nightstand,s001,mtt,capped,0,-909.3648904407364,-909.3648904407364,0,0
wall_hanger,desk_speakers,s001,mtt,capped,0,1021.7495159229129,1021.7495159229129,0,0
wall_hanger,bookshelf,s001,mtt,capped,0,0,0,0,0
mirror,corkboard,s001,mtt,capped,0,1021.7495159229129,1021.7495159229129,0,0
mirror,stack_of_books,s001,mtt,capped,0,0,0,0,0
mirror,throw_pillow,s001,mtt,capped,0,0,0,0,0
mirror,lava_lamp,s001,mtt,capped,0,0,0,0,0
mirror,comfort_bed,s001,mtt,capped,0,0,0,0,0
mirror,sticky_notes,s001,mtt,capped,0,0,0,0,0
mirror,calculator,s001,mtt,capped,0,773.3459679873285,773.3459679873285,0,0
mirror,space_heater,s001,mtt,capped,0,0,0,0,0
mirror,desk_plant,s001,mtt,capped,0,0,0,0,0
mirror,headset,s001,mtt,capped,0,0,0,0,0
mirror,nes_console,s001,mtt,capped,0,0,0,0,0
mirror,gameboy,s001,mtt,capped,0,0,0,0,0
mirror,red_rug,s001,mtt,capped,0,0,0,0,0
mirror,second_monitor,s001,mtt,capped,0,0,0,0,0
mirror,toaster,s001,mtt,capped,0,0,0,0,0
mirror,nightstand,s001,mtt,capped,0,-909.3648904407364,-909.3648904407364,0,0
mirror,desk_speakers,s001,mtt,capped,0,1021.7495159229129,1021.7495159229129,0,0
mirror,bookshelf,s001,mtt,capped,0,0,0,0,0
corkboard,stack_of_books,s001,mtt,capped,1021.7495159229129,0,1021.7495159229129,0,0
corkboard,throw_pillow,s001,mtt,capped,1021.7495159229129,0,1021.7495159229129,0,0
corkboard,lava_lamp,s001,mtt,capped,1021.7495159229129,0,1021.7495159229129,0,0
corkboard,comfort_bed,s001,mtt,capped,1021.7495159229129,0,1021.7495159229129,0,0
corkboard,sticky_notes,s001,mtt,capped,1021.7495159229129,0,1021.7495159229129,0,0
corkboard,calculator,s001,mtt,capped,1021.7495159229129,773.3459679873285,1739.3546752291968,-55.740808681044655,-0.031051723532625083
corkboard,space_heater,s001,mtt,capped,1021.7495159229129,0,1021.7495159229129,0,0
corkboard,desk_plant,s001,mtt,capped,1021.7495159229129,0,1021.7495159229129,0,0
corkboard,headset,s001,mtt,capped,1021.7495159229129,0,1021.7495159229129,0,0
corkboard,nes_console,s001,mtt,capped,1021.7495159229129,0,1021.7495159229129,0,0
corkboard,gameboy,s001,mtt,capped,1021.7495159229129,0,1021.7495159229129,0,0
corkboard,red_rug,s001,mtt,capped,1021.7495159229129,0,1021.7495159229129,0,0
corkboard,second_monitor,s001,mtt,capped,1021.7495159229129,0,1021.7495159229129,0,0
corkboard,toaster,s001,mtt,capped,1021.7495159229129,0,1021.7495159229129,0,0
corkboard,nightstand,s001,mtt,capped,1021.7495159229129,-909.3648904407364,175.52733349167647,63.142708009499984,0.03269754904288645
corkboard,desk_speakers,s001,mtt,capped,1021.7495159229129,1021.7495159229129,1969.5107279253916,-73.98830392043419,-0.03620667432056622
corkboard,bookshelf,s001,mtt,capped,1021.7495159229129,0,1021.7495159229129,0,0
stack_of_books,throw_pillow,s001,mtt,capped,0,0,0,0,0
stack_of_books,lava_lamp,s001,mtt,capped,0,0,0,0,0
stack_of_books,comfort_bed,s001,mtt,capped,0,0,0,0,0
stack_of_books,sticky_notes,s001,mtt,capped,0,0,0,0,0
stack_of_books,calculator,s001,mtt,capped,0,773.3459679873285,773.3459679873285,0,0
stack_of_books,space_heater,s001,mtt,capped,0,0,0,0,0
stack_of_books,desk_plant,s001,mtt,capped,0,0,0,0,0
stack_of_books,headset,s001,mtt,capped,0,0,0,0,0
stack_of_books,nes_console,s001,mtt,capped,0,0,0,0,0
stack_of_books,gameboy,s001,mtt,capped,0,0,0,0,0
stack_of_books,red_rug,s001,mtt,capped,0,0,0,0,0
stack_of_books,second_monitor,s001,mtt,capped,0,0,0,0,0
stack_of_books,toaster,s001,mtt,capped,0,0,0,0,0
stack_of_books,nightstand,s001,mtt,capped,0,-909.3648904407364,-909.3648904407364,0,0
stack_of_books,desk_speakers,s001,mtt,capped,0,1021.7495159229129,1021.7495159229129,0,0
stack_of_books,bookshelf,s001,mtt,capped,0,0,0,0,0
throw_pillow,lava_lamp,s001,mtt,capped,0,0,0,0,0
throw_pillow,comfort_bed,s001,mtt,capped,0,0,0,0,0
throw_pillow,sticky_notes,s001,mtt,capped,0,0,0,0,0
throw_pillow,calculator,s001,mtt,capped,0,773.3459679873285,773.3459679873285,0,0
throw_pillow,space_heater,s001,mtt,capped,0,0,0,0,0
throw_pillow,desk_plant,s001,mtt,capped,0,0,0,0,0
throw_pillow,headset,s001,mtt,capped,0,0,0,0,0
throw_pillow,nes_console,s001,mtt,capped,0,0,0,0,0
throw_pillow,gameboy,s001,mtt,capped,0,0,0,0,0
throw_pillow,red_rug,s001,mtt,capped,0,0,0,0,0
throw_pillow,second_monitor,s001,mtt,capped,0,0,0,0,0
throw_pillow,toaster,s001,mtt,capped,0,0,0,0,0
throw_pillow,nightstand,s001,mtt,capped,0,-909.3648904407364,-909.3648904407364,0,0
throw_pillow,desk_speakers,s001,mtt,capped,0,1021.7495159229129,1021.7495159229129,0,0
throw_pillow,bookshelf,s001,mtt,capped,0,0,0,0,0
lava_lamp,comfort_bed,s001,mtt,capped,0,0,0,0,0
lava_lamp,sticky_notes,s001,mtt,capped,0,0,0,0,0
lava_lamp,calculator,s001,mtt,capped,0,773.3459679873285,773.3459679873285,0,0
lava_lamp,space_heater,s001,mtt,capped,0,0,0,0,0
lava_lamp,desk_plant,s001,mtt,capped,0,0,0,0,0
lava_lamp,headset,s001,mtt,capped,0,0,0,0,0
lava_lamp,nes_console,s001,mtt,capped,0,0,0,0,0
lava_lamp,gameboy,s001,mtt,capped,0,0,0,0,0
lava_lamp,red_rug,s001,mtt,capped,0,0,0,0,0
lava_lamp,second_monitor,s001,mtt,capped,0,0,0,0,0
lava_lamp,toaster,s001,mtt,capped,0,0,0,0,0
lava_lamp,nightstand,s001,mtt,capped,0,-909.3648904407364,-909.3648904407364,0,0
lava_lamp,desk_speakers,s001,mtt,capped,0,1021.7495159229129,1021.7495159229129,0,0
lava_lamp,bookshelf,s001,mtt,capped,0,0,0,0,0
comfort_bed,sticky_notes,s001,mtt,capped,0,0,0,0,0
comfort_bed,calculator,s001,mtt,capped,0,773.3459679873285,773.3459679873285,0,0
comfort_bed,space_heater,s001,mtt,capped,0,0,0,0,0
comfort_bed,desk_plant,s001,mtt,capped,0,0,0,0,0
comfort_bed,headset,s001,mtt,capped,0,0,0,0,0
comfort_bed,nes_console,s001,mtt,capped,0,0,0,0,0
comfort_bed,gameboy,s001,mtt,capped,0,0,0,0,0
comfort_bed,red_rug,s001,mtt,capped,0,0,0,0,0
comfort_bed,second_monitor,s001,mtt,capped,0,0,0,0,0
comfort_bed,toaster,s001,mtt,capped,0,0,0,0,0
comfort_bed,nightstand,s001,mtt,capped,0,-909.3648904407364,-909.3648904407364,0,0
comfort_bed,desk_speakers,s001,mtt,capped,0,1021.7495159229129,1021.7495159229129,0,0
comfort_bed,bookshelf,s001,mtt,capped,0,0,0,0,0
sticky_notes,calculator,s001,mtt,capped,0,773.3459679873285,773.3459679873285,0,0
sticky_notes,space_heater,s001,mtt,capped,0,0,0,0,0
sticky_notes,desk_plant,s001,mtt,capped,0,0,0,0,0
sticky_notes,headset,s001,mtt,capped,0,0,0,0,0
sticky_notes,nes_console,s001,mtt,capped,0,0,0,0,0
sticky_notes,gameboy,s001,mtt,capped,0,0,0,0,0
sticky_notes,red_rug,s001,mtt,capped,0,0,0,0,0
sticky_notes,second_monitor,s001,mtt,capped,0,0,0,0,0
sticky_notes,toaster,s001,mtt,capped,0,0,0,0,0
sticky_notes,nightstand,s001,mtt,capped,0,-909.3648904407364,-909.3648904407364,0,0
sticky_notes,desk_speakers,s001,mtt,capped,0,1021.7495159229129,1021.7495159229129,0,0
sticky_notes,bookshelf,s001,mtt,capped,0,0,0,0,0
calculator,space_heater,s001,mtt,capped,773.3459679873285,0,773.3459679873285,0,0
calculator,desk_plant,s001,mtt,capped,773.3459679873285,0,773.3459679873285,0,0
calculator,headset,s001,mtt,capped,773.3459679873285,0,773.3459679873285,0,0
calculator,nes_console,s001,mtt,capped,773.3459679873285,0,773.3459679873285,0,0
calculator,gameboy,s001,mtt,capped,773.3459679873285,0,773.3459679873285,0,0
calculator,red_rug,s001,mtt,capped,773.3459679873285,0,773.3459679873285,0,0
calculator,second_monitor,s001,mtt,capped,773.3459679873285,0,773.3459679873285,0,0
calculator,toaster,s001,mtt,capped,773.3459679873285,0,773.3459679873285,0,0
calculator,nightstand,s001,mtt,capped,773.3459679873285,-909.3648904407364,-222.37804426108596,-86.3591218076781,-0.05132142659871586
calculator,desk_speakers,s001,mtt,capped,773.3459679873285,1021.7495159229129,1739.3546752291968,-55.740808681044655,-0.031051723532625083
calculator,bookshelf,s001,mtt,capped,773.3459679873285,0,773.3459679873285,0,0
space_heater,desk_plant,s001,mtt,capped,0,0,0,0,0
space_heater,headset,s001,mtt,capped,0,0,0,0,0
space_heater,nes_console,s001,mtt,capped,0,0,0,0,0
space_heater,gameboy,s001,mtt,capped,0,0,0,0,0
space_heater,red_rug,s001,mtt,capped,0,0,0,0,0
space_heater,second_monitor,s001,mtt,capped,0,0,0,0,0
space_heater,toaster,s001,mtt,capped,0,0,0,0,0
space_heater,nightstand,s001,mtt,capped,0,-909.3648904407364,-909.3648904407364,0,0
space_heater,desk_speakers,s001,mtt,capped,0,1021.7495159229129,1021.7495159229129,0,0
space_heater,bookshelf,s001,mtt,capped,0,0,0,0,0
desk_plant,headset,s001,mtt,capped,0,0,0,0,0
desk_plant,nes_console,s001,mtt,capped,0,0,0,0,0
desk_plant,gameboy,s001,mtt,capped,0,0,0,0,0
desk_plant,red_rug,s001,mtt,capped,0,0,0,0,0
desk_plant,second_monitor,s001,mtt,capped,0,0,0,0,0
desk_plant,toaster,s001,mtt,capped,0,0,0,0,0
desk_plant,nightstand,s001,mtt,capped,0,-909.3648904407364,-909.3648904407364,0,0
desk_plant,desk_speakers,s001,mtt,capped,0,1021.7495159229129,1021.7495159229129,0,0
desk_plant,bookshelf,s001,mtt,capped,0,0,0,0,0
headset,nes_console,s001,mtt,capped,0,0,0,0,0
headset,gameboy,s001,mtt,capped,0,0,0,0,0
headset,red_rug,s001,mtt,capped,0,0,0,0,0
headset,second_monitor,s001,mtt,capped,0,0,0,0,0
headset,toaster,s001,mtt,capped,0,0,0,0,0
headset,nightstand,s001,mtt,capped,0,-909.3648904407364,-909.3648904407364,0,0
headset,desk_speakers,s001,mtt,capped,0,1021.7495159229129,1021.7495159229129,0,0
headset,bookshelf,s001,mtt,capped,0,0,0,0,0
nes_console,gameboy,s001,mtt,capped,0,0,0,0,0
nes_console,red_rug,s001,mtt,capped,0,0,0,0,0
nes_console,second_monitor,s001,mtt,capped,0,0,0,0,0
nes_console,toaster,s001,mtt,capped,0,0,0,0,0
nes_console,nightstand,s001,mtt,capped,0,-909.3648904407364,-909.3648904407364,0,0
nes_console,desk_speakers,s001,mtt,capped,0,1021.7495159229129,1021.7495159229129,0,0
nes_console,bookshelf,s001,mtt,capped,0,0,0,0,0
gameboy,red_rug,s001,mtt,capped,0,0,0,0,0
gameboy,second_monitor,s001,mtt,capped,0,0,0,0,0
gameboy,toaster,s001,mtt,capped,0,0,0,0,0
gameboy,nightstand,s001,mtt,capped,0,-909.3648904407364,-909.3648904407364,0,0
gameboy,desk_speakers,s001,mtt,capped,0,1021.7495159229129,1021.7495159229129,0,0
gameboy,bookshelf,s001,mtt,capped,0,0,0,0,0
red_rug,second_monitor,s001,mtt,capped,0,0,0,0,0
red_rug,toaster,s001,mtt,capped,0,0,0,0,0
red_rug,nightstand,s001,mtt,capped,0,-909.3648904407364,-909.3648904407364,0,0
red_rug,desk_speakers,s001,mtt,capped,0,1021.7495159229129,1021.7495159229129,0,0
red_rug,bookshelf,s001,mtt,capped,0,0,0,0,0
second_monitor,toaster,s001,mtt,capped,0,0,0,0,0
second_monitor,nightstand,s001,mtt,capped,0,-909.3648904407364,-909.3648904407364,0,0
second_monitor,desk_speakers,s001,mtt,capped,0,1021.7495159229129,1021.7495159229129,0,0
second_monitor,bookshelf,s001,mtt,capped,0,0,0,0,0
toaster,nightstand,s001,mtt,capped,0,-909.3648904407364,-909.3648904407364,0,0
toaster,desk_speakers,s001,mtt,capped,0,1021.7495159229129,1021.7495159229129,0,0
toaster,bookshelf,s001,mtt,capped,0,0,0,0,0
nightstand,desk_speakers,s001,mtt,capped,-909.3648904407364,1021.7495159229129,175.52733349167647,63.142708009499984,0.03269754904288645
nightstand,bookshelf,s001,mtt,capped,-909.3648904407364,0,-909.3648904407364,0,0
desk_speakers,bookshelf,s001,mtt,capped,1021.7495159229129,0,1021.7495159229129,0,0
wall_hanger,mirror,s004,six_max,naked,0,0,0,0,0
wall_hanger,corkboard,s004,six_max,naked,0,703.9999999999991,703.9999999999991,0,0
wall_hanger,stack_of_books,s004,six_max,naked,0,7.799999999998363,7.799999999998363,0,0
wall_hanger,throw_pillow,s004,six_max,naked,0,421.39999999999964,421.39999999999964,0,0
wall_hanger,lava_lamp,s004,six_max,naked,0,24.360000000000582,24.360000000000582,0,0
wall_hanger,comfort_bed,s004,six_max,naked,0,373.3799999999992,373.3799999999992,0,0
wall_hanger,sticky_notes,s004,six_max,naked,0,36,36,0,0
wall_hanger,calculator,s004,six_max,naked,0,0,0,0,0
wall_hanger,space_heater,s004,six_max,naked,0,1348.4799999999996,1348.4799999999996,0,0
wall_hanger,desk_plant,s004,six_max,naked,0,844.7999999999993,844.7999999999993,0,0
wall_hanger,headset,s004,six_max,naked,0,0,0,0,0
wall_hanger,nes_console,s004,six_max,naked,0,0,0,0,0
wall_hanger,gameboy,s004,six_max,naked,0,0,0,0,0
wall_hanger,red_rug,s004,six_max,naked,0,0,0,0,0
wall_hanger,second_monitor,s004,six_max,naked,0,0,0,0,0
wall_hanger,toaster,s004,six_max,naked,0,-465.71999999999935,-460.08800000000065,5.631999999998698,0.012093103152105784
wall_hanger,nightstand,s004,six_max,naked,0,0,0,0,0
wall_hanger,desk_speakers,s004,six_max,naked,0,0,0,0,0
wall_hanger,bookshelf,s004,six_max,naked,0,0,0,0,0
mirror,corkboard,s004,six_max,naked,0,703.9999999999991,703.9999999999991,0,0
mirror,stack_of_books,s004,six_max,naked,0,7.799999999998363,7.799999999998363,0,0
mirror,throw_pillow,s004,six_max,naked,0,421.39999999999964,421.39999999999964,0,0
mirror,lava_lamp,s004,six_max,naked,0,24.360000000000582,24.360000000000582,0,0
mirror,comfort_bed,s004,six_max,naked,0,373.3799999999992,373.3799999999992,0,0
mirror,sticky_notes,s004,six_max,naked,0,36,36,0,0
mirror,calculator,s004,six_max,naked,0,0,0,0,0
mirror,space_heater,s004,six_max,naked,0,1348.4799999999996,1348.4799999999996,0,0
mirror,desk_plant,s004,six_max,naked,0,844.7999999999993,844.7999999999993,0,0
mirror,headset,s004,six_max,naked,0,0,0,0,0
mirror,nes_console,s004,six_max,naked,0,0,0,0,0
mirror,gameboy,s004,six_max,naked,0,0,0,0,0
mirror,red_rug,s004,six_max,naked,0,0,0,0,0
mirror,second_monitor,s004,six_max,naked,0,0,0,0,0
mirror,toaster,s004,six_max,naked,0,-465.71999999999935,-465.71999999999935,0,0
mirror,nightstand,s004,six_max,naked,0,0,0,0,0
mirror,desk_speakers,s004,six_max,naked,0,0,0,0,0
mirror,bookshelf,s004,six_max,naked,0,0,0,0,0
corkboard,stack_of_books,s004,six_max,naked,703.9999999999991,7.799999999998363,731.2999999999993,19.50000000000182,0.027395335768476945
corkboard,throw_pillow,s004,six_max,naked,703.9999999999991,421.39999999999964,1103.8999999999996,-21.49999999999909,-0.01910431846454515
corkboard,lava_lamp,s004,six_max,naked,703.9999999999991,24.360000000000582,789.2599999999993,60.899999999999636,0.08361249931352582
corkboard,comfort_bed,s004,six_max,naked,703.9999999999991,373.3799999999992,1058.33,-19.049999999998363,-0.017681783586105546
corkboard,sticky_notes,s004,six_max,naked,703.9999999999991,36,830,90.00000000000091,0.121621621621623
corkboard,calculator,s004,six_max,naked,703.9999999999991,0,703.9999999999991,0,0
corkboard,space_heater,s004,six_max,naked,703.9999999999991,1348.4799999999996,1983.6800000000003,-68.79999999999836,-0.033520424072340974
corkboard,desk_plant,s004,six_max,naked,703.9999999999991,844.7999999999993,1548.7999999999993,9.094947017729282e-13,5.872254014546289e-16
corkboard,headset,s004,six_max,naked,703.9999999999991,0,703.9999999999991,0,0
corkboard,nes_console,s004,six_max,naked,703.9999999999991,0,703.9999999999991,0,0
corkboard,gameboy,s004,six_max,naked,703.9999999999991,0,703.9999999999991,0,0
corkboard,red_rug,s004,six_max,naked,703.9999999999991,0,703.9999999999991,0,0
corkboard,second_monitor,s004,six_max,naked,703.9999999999991,0,703.9999999999991,0,0
corkboard,toaster,s004,six_max,naked,703.9999999999991,-465.71999999999935,352.97999999999956,114.69999999999982,0.09805765482337651
corkboard,nightstand,s004,six_max,naked,703.9999999999991,0,703.9999999999991,0,0
corkboard,desk_speakers,s004,six_max,naked,703.9999999999991,0,703.9999999999991,0,0
corkboard,bookshelf,s004,six_max,naked,703.9999999999991,0,703.9999999999991,0,0
stack_of_books,throw_pillow,s004,six_max,naked,7.799999999998363,421.39999999999964,429.1999999999989,9.094947017729282e-13,2.119046369461632e-15
stack_of_books,lava_lamp,s004,six_max,naked,7.799999999998363,24.360000000000582,38.25,6.090000000001055,0.18936567164183007
stack_of_books,comfort_bed,s004,six_max,naked,7.799999999998363,373.3799999999992,381.1800000000003,2.7284841053187847e-12,7.15799387512147e-15
stack_of_books,sticky_notes,s004,six_max,naked,7.799999999998363,36,45.75,1.950000000001637,0.04452054794524452
stack_of_books,calculator,s004,six_max,naked,7.799999999998363,0,7.799999999998363,0,0
stack_of_books,space_heater,s004,six_max,naked,7.799999999998363,1348.4799999999996,1356.2799999999997,1.8189894035458565e-12,1.3411606774013178e-15
stack_of_books,desk_plant,s004,six_max,naked,7.799999999998363,844.7999999999993,876,23.400000000002365,0.027445460943000738
stack_of_books,headset,s004,six_max,naked,7.799999999998363,0,7.799999999998363,0,0
stack_of_books,nes_console,s004,six_max,naked,7.799999999998363,0,7.799999999998363,0,0
stack_of_books,gameboy,s004,six_max,naked,7.799999999998363,0,7.799999999998363,0,0
stack_of_books,red_rug,s004,six_max,naked,7.799999999998363,0,7.799999999998363,0,0
stack_of_books,second_monitor,s004,six_max,naked,7.799999999998363,0,7.799999999998363,0,0
stack_of_books,toaster,s004,six_max,naked,7.799999999998363,-465.71999999999935,-455.2960000000003,2.6240000000007058,0.005541476600778676
stack_of_books,nightstand,s004,six_max,naked,7.799999999998363,0,7.799999999998363,0,0
stack_of_books,desk_speakers,s004,six_max,naked,7.799999999998363,0,7.799999999998363,0,0
stack_of_books,bookshelf,s004,six_max,naked,7.799999999998363,0,7.799999999998363,0,0
throw_pillow,lava_lamp,s004,six_max,naked,421.39999999999964,24.360000000000582,445.7599999999993,-9.094947017729282e-13,-2.0403237207755916e-15
throw_pillow,comfort_bed,s004,six_max,naked,421.39999999999964,373.3799999999992,794.7799999999997,9.094947017729282e-13,1.144335164162321e-15
throw_pillow,sticky_notes,s004,six_max,naked,421.39999999999964,36,457.39999999999964,0,0
throw_pillow,calculator,s004,six_max,naked,421.39999999999964,0,421.39999999999964,0,0
throw_pillow,space_heater,s004,six_max,naked,421.39999999999964,1348.4799999999996,1685.6000000000004,-84.27999999999884,-0.047619047619046985
throw_pillow,desk_plant,s004,six_max,naked,421.39999999999964,844.7999999999993,1240.3999999999996,-25.799999999999272,-0.02037592797346335
throw_pillow,headset,s004,six_max,naked,421.39999999999964,0,421.39999999999964,0,0
throw_pillow,nes_console,s004,six_max,naked,421.39999999999964,0,421.39999999999964,0,0
throw_pillow,gameboy,s004,six_max,naked,421.39999999999964,0,421.39999999999964,0,0
throw_pillow,red_rug,s004,six_max,naked,421.39999999999964,0,421.39999999999964,0,0
throw_pillow,second_monitor,s004,six_max,naked,421.39999999999964,0,421.39999999999964,0,0
throw_pillow,toaster,s004,six_max,naked,421.39999999999964,-465.71999999999935,21.53599999999915,65.85599999999886,0.07423572910090961
throw_pillow,nightstand,s004,six_max,naked,421.39999999999964,0,421.39999999999964,0,0
throw_pillow,desk_speakers,s004,six_max,naked,421.39999999999964,0,421.39999999999964,0,0
throw_pillow,bookshelf,s004,six_max,naked,421.39999999999964,0,421.39999999999964,0,0
lava_lamp,comfort_bed,s004,six_max,naked,24.360000000000582,373.3799999999992,397.7399999999998,0,0
lava_lamp,sticky_notes,s004,six_max,naked,24.360000000000582,36,66.44999999999891,6.0899999999983265,0.10089463220673074
lava_lamp,calculator,s004,six_max,naked,24.360000000000582,0,24.360000000000582,0,0
lava_lamp,space_heater,s004,six_max,naked,24.360000000000582,1348.4799999999996,1372.8399999999992,-9.094947017729282e-13,-6.624914059707819e-16
lava_lamp,desk_plant,s004,six_max,naked,24.360000000000582,844.7999999999993,942.2399999999998,73.07999999999993,0.08408118183073306
lava_lamp,headset,s004,six_max,naked,24.360000000000582,0,24.360000000000582,0,0
lava_lamp,nes_console,s004,six_max,naked,24.360000000000582,0,24.360000000000582,0,0
lava_lamp,gameboy,s004,six_max,naked,24.360000000000582,0,24.360000000000582,0,0
lava_lamp,red_rug,s004,six_max,naked,24.360000000000582,0,24.360000000000582,0,0
lava_lamp,second_monitor,s004,six_max,naked,24.360000000000582,0,24.360000000000582,0,0
lava_lamp,toaster,s004,six_max,naked,24.360000000000582,-465.71999999999935,-437.2608,4.099199999998746,0.008364348677764337
lava_lamp,nightstand,s004,six_max,naked,24.360000000000582,0,24.360000000000582,0,0
lava_lamp,desk_speakers,s004,six_max,naked,24.360000000000582,0,24.360000000000582,0,0
lava_lamp,bookshelf,s004,six_max,naked,24.360000000000582,0,24.360000000000582,0,0
comfort_bed,sticky_notes,s004,six_max,naked,373.3799999999992,36,409.3799999999992,0,0
comfort_bed,calculator,s004,six_max,naked,373.3799999999992,0,373.3799999999992,0,0
comfort_bed,space_heater,s004,six_max,naked,373.3799999999992,1348.4799999999996,1647.1839999999993,-74.67599999999948,-0.04336937962435943
comfort_bed,desk_plant,s004,six_max,naked,373.3799999999992,844.7999999999993,1195.3199999999997,-22.859999999998763,-0.018765699650296994
comfort_bed,headset,s004,six_max,naked,373.3799999999992,0,373.3799999999992,0,0
comfort_bed,nes_console,s004,six_max,naked,373.3799999999992,0,373.3799999999992,0,0
comfort_bed,gameboy,s004,six_max,naked,373.3799999999992,0,373.3799999999992,0,0
comfort_bed,red_rug,s004,six_max,naked,373.3799999999992,0,373.3799999999992,0,0
comfort_bed,second_monitor,s004,six_max,naked,373.3799999999992,0,373.3799999999992,0,0
comfort_bed,toaster,s004,six_max,naked,373.3799999999992,-465.71999999999935,-122.21039999999994,-29.87039999999979,-0.03559814086521254
comfort_bed,nightstand,s004,six_max,naked,373.3799999999992,0,373.3799999999992,0,0
comfort_bed,desk_speakers,s004,six_max,naked,373.3799999999992,0,373.3799999999992,0,0
comfort_bed,bookshelf,s004,six_max,naked,373.3799999999992,0,373.3799999999992,0,0
sticky_notes,calculator,s004,six_max,naked,36,0,36,0,0
sticky_notes,space_heater,s004,six_max,naked,36,1348.4799999999996,1384.4799999999996,0,0
sticky_notes,desk_plant,s004,six_max,naked,36,844.7999999999993,988.8000000000002,108.00000000000091,0.12261580381471503
sticky_notes,headset,s004,six_max,naked,36,0,36,0,0
sticky_notes,nes_console,s004,six_max,naked,36,0,36,0,0
sticky_notes,gameboy,s004,six_max,naked,36,0,36,0,0
sticky_notes,red_rug,s004,six_max,naked,36,0,36,0,0
sticky_notes,second_monitor,s004,six_max,naked,36,0,36,0,0
sticky_notes,toaster,s004,six_max,naked,36,-465.71999999999935,-420.8080000000009,8.911999999998443,0.017762895638998754
sticky_notes,nightstand,s004,six_max,naked,36,0,36,0,0
sticky_notes,desk_speakers,s004,six_max,naked,36,0,36,0,0
sticky_notes,bookshelf,s004,six_max,naked,36,0,36,0,0
calculator,space_heater,s004,six_max,naked,0,1348.4799999999996,1348.4799999999996,0,0
calculator,desk_plant,s004,six_max,naked,0,844.7999999999993,844.7999999999993,0,0
calculator,headset,s004,six_max,naked,0,0,0,0,0
calculator,nes_console,s004,six_max,naked,0,0,0,0,0
calculator,gameboy,s004,six_max,naked,0,0,0,0,0
calculator,red_rug,s004,six_max,naked,0,0,0,0,0
calculator,second_monitor,s004,six_max,naked,0,0,0,0,0
calculator,toaster,s004,six_max,naked,0,-465.71999999999935,-465.71999999999935,0,0
calculator,nightstand,s004,six_max,naked,0,0,0,0,0
calculator,desk_speakers,s004,six_max,naked,0,0,0,0,0
calculator,bookshelf,s004,six_max,naked,0,0,0,0,0
space_heater,desk_plant,s004,six_max,naked,1348.4799999999996,844.7999999999993,2110.7199999999993,-82.55999999999949,-0.03764225269915357
space_heater,headset,s004,six_max,naked,1348.4799999999996,0,1348.4799999999996,0,0
space_heater,nes_console,s004,six_max,naked,1348.4799999999996,0,1348.4799999999996,0,0
space_heater,gameboy,s004,six_max,naked,1348.4799999999996,0,1348.4799999999996,0,0
space_heater,red_rug,s004,six_max,naked,1348.4799999999996,0,1348.4799999999996,0,0
space_heater,second_monitor,s004,six_max,naked,1348.4799999999996,0,1348.4799999999996,0,0
space_heater,toaster,s004,six_max,naked,1348.4799999999996,-465.71999999999935,983.0335999999998,100.27359999999953,0.055271524638959096
space_heater,nightstand,s004,six_max,naked,1348.4799999999996,0,1348.4799999999996,0,0
space_heater,desk_speakers,s004,six_max,naked,1348.4799999999996,0,1348.4799999999996,0,0
space_heater,bookshelf,s004,six_max,naked,1348.4799999999996,0,1348.4799999999996,0,0
desk_plant,headset,s004,six_max,naked,844.7999999999993,0,844.7999999999993,0,0
desk_plant,nes_console,s004,six_max,naked,844.7999999999993,0,844.7999999999993,0,0
desk_plant,gameboy,s004,six_max,naked,844.7999999999993,0,844.7999999999993,0,0
desk_plant,red_rug,s004,six_max,naked,844.7999999999993,0,844.7999999999993,0,0
desk_plant,second_monitor,s004,six_max,naked,844.7999999999993,0,844.7999999999993,0,0
desk_plant,toaster,s004,six_max,naked,844.7999999999993,-465.71999999999935,516.7199999999993,137.63999999999942,0.10502701217837161
desk_plant,nightstand,s004,six_max,naked,844.7999999999993,0,844.7999999999993,0,0
desk_plant,desk_speakers,s004,six_max,naked,844.7999999999993,0,844.7999999999993,0,0
desk_plant,bookshelf,s004,six_max,naked,844.7999999999993,0,844.7999999999993,0,0
headset,nes_console,s004,six_max,naked,0,0,0,0,0
headset,gameboy,s004,six_max,naked,0,0,0,0,0
headset,red_rug,s004,six_max,naked,0,0,0,0,0
headset,second_monitor,s004,six_max,naked,0,0,0,0,0
headset,toaster,s004,six_max,naked,0,-465.71999999999935,-465.71999999999935,0,0
headset,nightstand,s004,six_max,naked,0,0,0,0,0
headset,desk_speakers,s004,six_max,naked,0,0,0,0,0
headset,bookshelf,s004,six_max,naked,0,0,0,0,0
nes_console,gameboy,s004,six_max,naked,0,0,0,0,0
nes_console,red_rug,s004,six_max,naked,0,0,0,0,0
nes_console,second_monitor,s004,six_max,naked,0,0,0,0,0
nes_console,toaster,s004,six_max,naked,0,-465.71999999999935,-465.71999999999935,0,0
nes_console,nightstand,s004,six_max,naked,0,0,0,0,0
nes_console,desk_speakers,s004,six_max,naked,0,0,0,0,0
nes_console,bookshelf,s004,six_max,naked,0,0,0,0,0
gameboy,red_rug,s004,six_max,naked,0,0,0,0,0
gameboy,second_monitor,s004,six_max,naked,0,0,0,0,0
gameboy,toaster,s004,six_max,naked,0,-465.71999999999935,-465.71999999999935,0,0
gameboy,nightstand,s004,six_max,naked,0,0,0,0,0
gameboy,desk_speakers,s004,six_max,naked,0,0,0,0,0
gameboy,bookshelf,s004,six_max,naked,0,0,0,0,0
red_rug,second_monitor,s004,six_max,naked,0,0,0,0,0
red_rug,toaster,s004,six_max,naked,0,-465.71999999999935,-465.71999999999935,0,0
red_rug,nightstand,s004,six_max,naked,0,0,0,0,0
red_rug,desk_speakers,s004,six_max,naked,0,0,0,0,0
red_rug,bookshelf,s004,six_max,naked,0,0,0,0,0
second_monitor,toaster,s004,six_max,naked,0,-465.71999999999935,-465.71999999999935,0,0
second_monitor,nightstand,s004,six_max,naked,0,0,0,0,0
second_monitor,desk_speakers,s004,six_max,naked,0,0,0,0,0
second_monitor,bookshelf,s004,six_max,naked,0,0,0,0,0
toaster,nightstand,s004,six_max,naked,-465.71999999999935,0,-465.71999999999935,0,0
toaster,desk_speakers,s004,six_max,naked,-465.71999999999935,0,-465.71999999999935,0,0
toaster,bookshelf,s004,six_max,naked,-465.71999999999935,0,-465.71999999999935,0,0
nightstand,desk_speakers,s004,six_max,naked,0,0,0,0,0
nightstand,bookshelf,s004,six_max,naked,0,0,0,0,0
desk_speakers,bookshelf,s004,six_max,naked,0,0,0,0,0
wall_hanger,mirror,s004,six_max,capped,2930.4000000000015,0,2930.4000000000015,0,0
wall_hanger,corkboard,s004,six_max,capped,2930.4000000000015,2456.5499999999993,5782.949999999997,395.99999999999636,0.07351098488012629
wall_hanger,stack_of_books,s004,six_max,capped,2930.4000000000015,54.11249999999745,2984.512499999997,-1.8189894035458565e-12,-6.094762221789512e-16
wall_hanger,throw_pillow,s004,six_max,capped,2930.4000000000015,47.407499999997526,2977.807499999999,0,0
wall_hanger,lava_lamp,s004,six_max,capped,2930.4000000000015,225.32999999999993,3155.7299999999996,-1.8189894035458565e-12,-5.764084391078627e-16
wall_hanger,comfort_bed,s004,six_max,capped,2930.4000000000015,156.01949999999852,3086.4195,0,0
wall_hanger,sticky_notes,s004,six_max,capped,2930.4000000000015,4223.550000000003,7886.549999999999,732.5999999999949,0.10240496508921568
wall_hanger,calculator,s004,six_max,capped,2930.4000000000015,5312.0846249999995,9160.214625,917.7299999999996,0.11134142697900386
wall_hanger,space_heater,s004,six_max,capped,2930.4000000000015,437.34599999999955,3367.745999999999,-1.8189894035458565e-12,-5.401207227462688e-16
wall_hanger,desk_plant,s004,six_max,capped,2930.4000000000015,2947.8600000000006,6353.459999999999,475.1999999999971,0.08084024864500668
wall_hanger,headset,s004,six_max,capped,2930.4000000000015,0,2930.4000000000015,0,0
wall_hanger,nes_console,s004,six_max,capped,2930.4000000000015,0,2930.4000000000015,0,0
wall_hanger,gameboy,s004,six_max,capped,2930.4000000000015,0,2930.4000000000015,0,0
wall_hanger,red_rug,s004,six_max,capped,2930.4000000000015,0,2930.4000000000015,0,0
wall_hanger,second_monitor,s004,six_max,capped,2930.4000000000015,0,2930.4000000000015,0,0
wall_hanger,toaster,s004,six_max,capped,2930.4000000000015,380.72239999999874,3415.3143999999993,104.1919999999991,0.031467275265933715
wall_hanger,nightstand,s004,six_max,capped,2930.4000000000015,0,2930.4000000000015,0,0
wall_hanger,desk_speakers,s004,six_max,capped,2930.4000000000015,0,2930.4000000000015,0,0
wall_hanger,bookshelf,s004,six_max,capped,2930.4000000000015,0,2930.4000000000015,0,0
mirror,corkboard,s004,six_max,capped,0,2456.5499999999993,2456.5499999999993,0,0
mirror,stack_of_books,s004,six_max,capped,0,54.11249999999745,54.11249999999745,0,0
mirror,throw_pillow,s004,six_max,capped,0,47.407499999997526,47.407499999997526,0,0
mirror,lava_lamp,s004,six_max,capped,0,225.32999999999993,225.32999999999993,0,0
mirror,comfort_bed,s004,six_max,capped,0,156.01949999999852,156.01949999999852,0,0
mirror,sticky_notes,s004,six_max,capped,0,4223.550000000003,4223.550000000003,0,0
mirror,calculator,s004,six_max,capped,0,5312.0846249999995,5312.0846249999995,0,0
mirror,space_heater,s004,six_max,capped,0,437.34599999999955,437.34599999999955,0,0
mirror,desk_plant,s004,six_max,capped,0,2947.8600000000006,2947.8600000000006,0,0
mirror,headset,s004,six_max,capped,0,0,0,0,0
mirror,nes_console,s004,six_max,capped,0,0,0,0,0
mirror,gameboy,s004,six_max,capped,0,0,0,0,0
mirror,red_rug,s004,six_max,capped,0,0,0,0,0
mirror,second_monitor,s004,six_max,capped,0,0,0,0,0
mirror,toaster,s004,six_max,capped,0,380.72239999999874,380.72239999999874,0,0
mirror,nightstand,s004,six_max,capped,0,0,0,0,0
mirror,desk_speakers,s004,six_max,capped,0,0,0,0,0
mirror,bookshelf,s004,six_max,capped,0,0,0,0,0
corkboard,stack_of_books,s004,six_max,capped,2456.5499999999993,54.11249999999745,2517.9749999999985,7.312500000001819,0.002912577855447249
corkboard,throw_pillow,s004,six_max,capped,2456.5499999999993,47.407499999997526,2500.1949999999997,-3.7624999999970896,-0.0015026213504011527
corkboard,lava_lamp,s004,six_max,capped,2456.5499999999993,225.32999999999993,2712.3300000000017,30.450000000002547,0.011353975569377658
corkboard,comfort_bed,s004,six_max,capped,2456.5499999999993,156.01949999999852,2600.186999999998,-12.382499999999709,-0.004739586832043978
corkboard,sticky_notes,s004,six_max,capped,2456.5499999999993,4223.550000000003,7250.8499999999985,570.7499999999964,0.08544033771949465
corkboard,calculator,s004,six_max,capped,2456.5499999999993,5312.0846249999995,8031.5171249999985,262.8824999999997,0.03383895789795877
corkboard,space_heater,s004,six_max,capped,2456.5499999999993,437.34599999999955,2859.1860000000015,-34.70999999999731,-0.011994211263983682
corkboard,desk_plant,s004,six_max,capped,2456.5499999999993,2947.8600000000006,5404.409999999996,-3.637978807091713e-12,-6.731500398918129e-16
corkboard,headset,s004,six_max,capped,2456.5499999999993,0,2456.5499999999993,0,0
corkboard,nes_console,s004,six_max,capped,2456.5499999999993,0,2456.5499999999993,0,0
corkboard,gameboy,s004,six_max,capped,2456.5499999999993,0,2456.5499999999993,0,0
corkboard,red_rug,s004,six_max,capped,2456.5499999999993,0,2456.5499999999993,0,0
corkboard,second_monitor,s004,six_max,capped,2456.5499999999993,0,2456.5499999999993,0,0
corkboard,toaster,s004,six_max,capped,2456.5499999999993,380.72239999999874,2916.5483999999997,79.27600000000166,0.027940919595877262
corkboard,nightstand,s004,six_max,capped,2456.5499999999993,0,2456.5499999999993,0,0
corkboard,desk_speakers,s004,six_max,capped,2456.5499999999993,0,2456.5499999999993,0,0
corkboard,bookshelf,s004,six_max,capped,2456.5499999999993,0,2456.5499999999993,0,0
stack_of_books,throw_pillow,s004,six_max,capped,54.11249999999745,47.407499999997526,101.51999999999862,3.637978807091713e-12,3.583509463250486e-14
stack_of_books,lava_lamp,s004,six_max,capped,54.11249999999745,225.32999999999993,321.6918749999986,42.24937500000124,0.15119165839126703
stack_of_books,comfort_bed,s004,six_max,capped,54.11249999999745,156.01949999999852,210.1319999999996,3.637978807091713e-12,1.7312826257265827e-14
stack_of_books,sticky_notes,s004,six_max,capped,54.11249999999745,4223.550000000003,4291.190624999999,13.528124999998909,0.003162504054492122
stack_of_books,calculator,s004,six_max,capped,54.11249999999745,5312.0846249999995,5358.427593749999,-7.769531249998181,-0.0014478654192186771
stack_of_books,space_heater,s004,six_max,capped,54.11249999999745,437.34599999999955,491.4584999999988,1.8189894035458565e-12,3.701206518039402e-15
stack_of_books,desk_plant,s004,six_max,capped,54.11249999999745,2947.8600000000006,3010.7474999999977,8.774999999999636,0.0029230780761648023
stack_of_books,headset,s004,six_max,capped,54.11249999999745,0,54.11249999999745,0,0
stack_of_books,nes_console,s004,six_max,capped,54.11249999999745,0,54.11249999999745,0,0
stack_of_books,gameboy,s004,six_max,capped,54.11249999999745,0,54.11249999999745,0,0
stack_of_books,red_rug,s004,six_max,capped,54.11249999999745,0,54.11249999999745,0,0
stack_of_books,second_monitor,s004,six_max,capped,54.11249999999745,0,54.11249999999745,0,0
stack_of_books,toaster,s004,six_max,capped,54.11249999999745,380.72239999999874,453.03889999999774,18.204000000001543,0.04186416499687974
stack_of_books,nightstand,s004,six_max,capped,54.11249999999745,0,54.11249999999745,0,0
stack_of_books,desk_speakers,s004,six_max,capped,54.11249999999745,0,54.11249999999745,0,0
stack_of_books,bookshelf,s004,six_max,capped,54.11249999999745,0,54.11249999999745,0,0
throw_pillow,lava_lamp,s004,six_max,capped,47.407499999997526,225.32999999999993,272.73749999999745,0,0
throw_pillow,comfort_bed,s004,six_max,capped,47.407499999997526,156.01949999999852,203.42699999999968,3.637978807091713e-12,1.7883460932382545e-14
throw_pillow,sticky_notes,s004,six_max,capped,47.407499999997526,4223.550000000003,4270.9575,0,0
throw_pillow,calculator,s004,six_max,capped,47.407499999997526,5312.0846249999995,5324.811281249997,-34.68084375000035,-0.006470919807536869
throw_pillow,space_heater,s004,six_max,capped,47.407499999997526,437.34599999999955,475.2719999999972,-9.481499999999869,-0.019559425563714188
throw_pillow,desk_plant,s004,six_max,capped,47.407499999997526,2947.8600000000006,2990.7524999999987,-4.514999999999418,-0.0015073778886191035
throw_pillow,headset,s004,six_max,capped,47.407499999997526,0,47.407499999997526,0,0
throw_pillow,nes_console,s004,six_max,capped,47.407499999997526,0,47.407499999997526,0,0
throw_pillow,gameboy,s004,six_max,capped,47.407499999997526,0,47.407499999997526,0,0
throw_pillow,red_rug,s004,six_max,capped,47.407499999997526,0,47.407499999997526,0,0
throw_pillow,second_monitor,s004,six_max,capped,47.407499999997526,0,47.407499999997526,0,0
throw_pillow,toaster,s004,six_max,capped,47.407499999997526,380.72239999999874,435.53869999999733,7.408800000001065,0.017305028216905965
throw_pillow,nightstand,s004,six_max,capped,47.407499999997526,0,47.407499999997526,0,0
throw_pillow,desk_speakers,s004,six_max,capped,47.407499999997526,0,47.407499999997526,0,0
throw_pillow,bookshelf,s004,six_max,capped,47.407499999997526,0,47.407499999997526,0,0
lava_lamp,comfort_bed,s004,six_max,capped,225.32999999999993,156.01949999999852,381.34949999999844,0,0
lava_lamp,sticky_notes,s004,six_max,capped,225.32999999999993,4223.550000000003,4505.212499999998,56.33249999999498,0.012662175648701458
lava_lamp,calculator,s004,six_max,capped,225.32999999999993,5312.0846249999995,5530.79175,-6.622874999999112,-0.0011960229544846685
lava_lamp,space_heater,s004,six_max,capped,225.32999999999993,437.34599999999955,662.6759999999977,-1.8189894035458565e-12,-2.7449151675115108e-15
lava_lamp,desk_plant,s004,six_max,capped,225.32999999999993,2947.8600000000006,3209.729999999996,36.539999999995416,0.011515226002853724
lava_lamp,headset,s004,six_max,capped,225.32999999999993,0,225.32999999999993,0,0
lava_lamp,nes_console,s004,six_max,capped,225.32999999999993,0,225.32999999999993,0,0
lava_lamp,gameboy,s004,six_max,capped,225.32999999999993,0,225.32999999999993,0,0
lava_lamp,red_rug,s004,six_max,capped,225.32999999999993,0,225.32999999999993,0,0
lava_lamp,second_monitor,s004,six_max,capped,225.32999999999993,0,225.32999999999993,0,0
lava_lamp,toaster,s004,six_max,capped,225.32999999999993,380.72239999999874,643.9699999999975,37.917599999998856,0.06256488712856997
lava_lamp,nightstand,s004,six_max,capped,225.32999999999993,0,225.32999999999993,0,0
lava_lamp,desk_speakers,s004,six_max,capped,225.32999999999993,0,225.32999999999993,0,0
lava_lamp,bookshelf,s004,six_max,capped,225.32999999999993,0,225.32999999999993,0,0
comfort_bed,sticky_notes,s004,six_max,capped,156.01949999999852,4223.550000000003,4379.569499999998,-3.637978807091713e-12,-8.306704134028954e-16
comfort_bed,calculator,s004,six_max,capped,156.01949999999852,5312.0846249999995,5443.5510562499985,-24.55306874999951,-0.004490234309501105
comfort_bed,space_heater,s004,six_max,capped,156.01949999999852,437.34599999999955,562.1615999999995,-31.20389999999861,-0.052587991718424335
comfort_bed,desk_plant,s004,six_max,capped,156.01949999999852,2947.8600000000006,3089.0204999999987,-14.859000000000378,-0.004787234813722756
comfort_bed,headset,s004,six_max,capped,156.01949999999852,0,156.01949999999852,0,0
comfort_bed,nes_console,s004,six_max,capped,156.01949999999852,0,156.01949999999852,0,0
comfort_bed,gameboy,s004,six_max,capped,156.01949999999852,0,156.01949999999852,0,0
comfort_bed,red_rug,s004,six_max,capped,156.01949999999852,0,156.01949999999852,0,0
comfort_bed,second_monitor,s004,six_max,capped,156.01949999999852,0,156.01949999999852,0,0
comfort_bed,toaster,s004,six_max,capped,156.01949999999852,380.72239999999874,524.2603399999989,-12.481559999998353,-0.023254305281548576
comfort_bed,nightstand,s004,six_max,capped,156.01949999999852,0,156.01949999999852,0,0
comfort_bed,desk_speakers,s004,six_max,capped,156.01949999999852,0,156.01949999999852,0,0
comfort_bed,bookshelf,s004,six_max,capped,156.01949999999852,0,156.01949999999852,0,0
sticky_notes,calculator,s004,six_max,capped,4223.550000000003,5312.0846249999995,10744.272749999996,1208.638124999994,0.12674962627356265
sticky_notes,space_heater,s004,six_max,capped,4223.550000000003,437.34599999999955,4660.895999999997,-5.4569682106375694e-12,-1.17079810633783e-15
sticky_notes,desk_plant,s004,six_max,capped,4223.550000000003,2947.8600000000006,7856.309999999998,684.8999999999942,0.09550423138545891
sticky_notes,headset,s004,six_max,capped,4223.550000000003,0,4223.550000000003,0,0
sticky_notes,nes_console,s004,six_max,capped,4223.550000000003,0,4223.550000000003,0,0
sticky_notes,gameboy,s004,six_max,capped,4223.550000000003,0,4223.550000000003,0,0
sticky_notes,red_rug,s004,six_max,capped,4223.550000000003,0,4223.550000000003,0,0
sticky_notes,second_monitor,s004,six_max,capped,4223.550000000003,0,4223.550000000003,0,0
sticky_notes,toaster,s004,six_max,capped,4223.550000000003,380.72239999999874,4731.885399999999,127.61299999999756,0.027716214184025582
sticky_notes,nightstand,s004,six_max,capped,4223.550000000003,0,4223.550000000003,0,0
sticky_notes,desk_speakers,s004,six_max,capped,4223.550000000003,0,4223.550000000003,0,0
sticky_notes,bookshelf,s004,six_max,capped,4223.550000000003,0,4223.550000000003,0,0
calculator,space_heater,s004,six_max,capped,5312.0846249999995,437.34599999999955,5653.924199999998,-95.5064250000014,-0.01661145793893311
calculator,desk_plant,s004,six_max,capped,5312.0846249999995,2947.8600000000006,8575.403624999995,315.4589999999953,0.03819141826268542
calculator,headset,s004,six_max,capped,5312.0846249999995,0,5312.0846249999995,0,0
calculator,nes_console,s004,six_max,capped,5312.0846249999995,0,5312.0846249999995,0,0
calculator,gameboy,s004,six_max,capped,5312.0846249999995,0,5312.0846249999995,0,0
calculator,red_rug,s004,six_max,capped,5312.0846249999995,0,5312.0846249999995,0,0
calculator,second_monitor,s004,six_max,capped,5312.0846249999995,0,5312.0846249999995,0,0
calculator,toaster,s004,six_max,capped,5312.0846249999995,380.72239999999874,5776.998905,84.19188000000213,0.014789168090587465
calculator,nightstand,s004,six_max,capped,5312.0846249999995,0,5312.0846249999995,0,0
calculator,desk_speakers,s004,six_max,capped,5312.0846249999995,0,5312.0846249999995,0,0
calculator,bookshelf,s004,six_max,capped,5312.0846249999995,0,5312.0846249999995,0,0
space_heater,desk_plant,s004,six_max,capped,437.34599999999955,2947.8600000000006,3343.554,-41.652000000000044,-0.012304125657345533
space_heater,headset,s004,six_max,capped,437.34599999999955,0,437.34599999999955,0,0
space_heater,nes_console,s004,six_max,capped,437.34599999999955,0,437.34599999999955,0,0
space_heater,gameboy,s004,six_max,capped,437.34599999999955,0,437.34599999999955,0,0
space_heater,red_rug,s004,six_max,capped,437.34599999999955,0,437.34599999999955,0,0
space_heater,second_monitor,s004,six_max,capped,437.34599999999955,0,437.34599999999955,0,0
space_heater,toaster,s004,six_max,capped,437.34599999999955,380.72239999999874,844.0143200000002,25.945920000001934,0.03171607655301438
space_heater,nightstand,s004,six_max,capped,437.34599999999955,0,437.34599999999955,0,0
space_heater,desk_speakers,s004,six_max,capped,437.34599999999955,0,437.34599999999955,0,0
space_heater,bookshelf,s004,six_max,capped,437.34599999999955,0,437.34599999999955,0,0
desk_plant,headset,s004,six_max,capped,2947.8600000000006,0,2947.8600000000006,0,0
desk_plant,nes_console,s004,six_max,capped,2947.8600000000006,0,2947.8600000000006,0,0
desk_plant,gameboy,s004,six_max,capped,2947.8600000000006,0,2947.8600000000006,0,0
desk_plant,red_rug,s004,six_max,capped,2947.8600000000006,0,2947.8600000000006,0,0
desk_plant,second_monitor,s004,six_max,capped,2947.8600000000006,0,2947.8600000000006,0,0
desk_plant,toaster,s004,six_max,capped,2947.8600000000006,380.72239999999874,3423.713599999999,95.13119999999981,0.028580094637284576
desk_plant,nightstand,s004,six_max,capped,2947.8600000000006,0,2947.8600000000006,0,0
desk_plant,desk_speakers,s004,six_max,capped,2947.8600000000006,0,2947.8600000000006,0,0
desk_plant,bookshelf,s004,six_max,capped,2947.8600000000006,0,2947.8600000000006,0,0
headset,nes_console,s004,six_max,capped,0,0,0,0,0
headset,gameboy,s004,six_max,capped,0,0,0,0,0
headset,red_rug,s004,six_max,capped,0,0,0,0,0
headset,second_monitor,s004,six_max,capped,0,0,0,0,0
headset,toaster,s004,six_max,capped,0,380.72239999999874,380.72239999999874,0,0
headset,nightstand,s004,six_max,capped,0,0,0,0,0
headset,desk_speakers,s004,six_max,capped,0,0,0,0,0
headset,bookshelf,s004,six_max,capped,0,0,0,0,0
nes_console,gameboy,s004,six_max,capped,0,0,0,0,0
nes_console,red_rug,s004,six_max,capped,0,0,0,0,0
nes_console,second_monitor,s004,six_max,capped,0,0,0,0,0
nes_console,toaster,s004,six_max,capped,0,380.72239999999874,380.72239999999874,0,0
nes_console,nightstand,s004,six_max,capped,0,0,0,0,0
nes_console,desk_speakers,s004,six_max,capped,0,0,0,0,0
nes_console,bookshelf,s004,six_max,capped,0,0,0,0,0
gameboy,red_rug,s004,six_max,capped,0,0,0,0,0
gameboy,second_monitor,s004,six_max,capped,0,0,0,0,0
gameboy,toaster,s004,six_max,capped,0,380.72239999999874,380.72239999999874,0,0
gameboy,nightstand,s004,six_max,capped,0,0,0,0,0
gameboy,desk_speakers,s004,six_max,capped,0,0,0,0,0
gameboy,bookshelf,s004,six_max,capped,0,0,0,0,0
red_rug,second_monitor,s004,six_max,capped,0,0,0,0,0
red_rug,toaster,s004,six_max,capped,0,380.72239999999874,380.72239999999874,0,0
red_rug,nightstand,s004,six_max,capped,0,0,0,0,0
red_rug,desk_speakers,s004,six_max,capped,0,0,0,0,0
red_rug,bookshelf,s004,six_max,capped,0,0,0,0,0
second_monitor,toaster,s004,six_max,capped,0,380.72239999999874,380.72239999999874,0,0
second_monitor,nightstand,s004,six_max,capped,0,0,0,0,0
second_monitor,desk_speakers,s004,six_max,capped,0,0,0,0,0
second_monitor,bookshelf,s004,six_max,capped,0,0,0,0,0
toaster,nightstand,s004,six_max,capped,380.72239999999874,0,380.72239999999874,0,0
toaster,desk_speakers,s004,six_max,capped,380.72239999999874,0,380.72239999999874,0,0
toaster,bookshelf,s004,six_max,capped,380.72239999999874,0,380.72239999999874,0,0
nightstand,desk_speakers,s004,six_max,capped,0,0,0,0,0
nightstand,bookshelf,s004,six_max,capped,0,0,0,0,0
desk_speakers,bookshelf,s004,six_max,capped,0,0,0,0,0
wall_hanger,mirror,s004,hu,naked,0,4721.0714285715,4891.0714285715,170,0.036008775247748905
wall_hanger,corkboard,s004,hu,naked,0,2360.535714286005,2445.535714286005,85,0.03600877524774502
wall_hanger,stack_of_books,s004,hu,naked,0,0,0,0,0
wall_hanger,throw_pillow,s004,hu,naked,0,1279.7619047619992,1279.7619047619992,0,0
wall_hanger,lava_lamp,s004,hu,naked,0,0,0,0,0
wall_hanger,comfort_bed,s004,hu,naked,0,1587.5000000000036,1587.5000000000036,0,0
wall_hanger,sticky_notes,s004,hu,naked,0,0,0,0,0
wall_hanger,calculator,s004,hu,naked,0,0,0,0,0
wall_hanger,space_heater,s004,hu,naked,0,4857.142857143001,4857.142857143001,0,0
wall_hanger,desk_plant,s004,hu,naked,0,0,0,0,0
wall_hanger,headset,s004,hu,naked,0,0,0,0,0
wall_hanger,nes_console,s004,hu,naked,0,1416.3214285715003,1467.3214285715003,51,0.03600877524774763
wall_hanger,gameboy,s004,hu,naked,0,0,0,0,0
wall_hanger,red_rug,s004,hu,naked,0,0,0,0,0
wall_hanger,second_monitor,s004,hu,naked,0,0,0,0,0
wall_hanger,toaster,s004,hu,naked,0,-1373.3333333329974,-1373.3333333329974,0,0
wall_hanger,nightstand,s004,hu,naked,0,0,0,0,0
wall_hanger,desk_speakers,s004,hu,naked,0,0,0,0,0
wall_hanger,bookshelf,s004,hu,naked,0,0,0,0,0
mirror,corkboard,s004,hu,naked,4721.0714285715,2360.535714286005,7081.607142857498,-7.275957614183426e-12,-1.0274444017304664e-15
mirror,stack_of_books,s004,hu,naked,4721.0714285715,0,4776.0714285715,55,0.011649897874271705
mirror,throw_pillow,s004,hu,naked,4721.0714285715,1279.7619047619992,5872.8571428575015,-127.97619047599801,-0.021326403078904786
mirror,lava_lamp,s004,hu,naked,4721.0714285715,0,4805.4464285715,84.375,0.01787200242075773
mirror,comfort_bed,s004,hu,naked,4721.0714285715,1587.5000000000036,6149.821428571504,-158.75,-0.025164175724637382
mirror,sticky_notes,s004,hu,naked,4721.0714285715,0,5294.1964285715,573.125,0.12139723125803582
mirror,calculator,s004,hu,naked,4721.0714285715,0,4721.0714285715,0,0
mirror,space_heater,s004,hu,naked,4721.0714285715,4857.142857143001,9092.500000000002,-485.71428571449906,-0.05071031731237432
mirror,desk_plant,s004,hu,naked,4721.0714285715,0,4721.0714285715,0,0
mirror,headset,s004,hu,naked,4721.0714285715,0,4721.0714285715,0,0
mirror,nes_console,s004,hu,naked,4721.0714285715,1416.3214285715003,6137.392857143001,0,0
mirror,gameboy,s004,hu,naked,4721.0714285715,0,4721.0714285715,0,0
mirror,red_rug,s004,hu,naked,4721.0714285715,0,4721.0714285715,0,0
mirror,second_monitor,s004,hu,naked,4721.0714285715,0,4721.0714285715,0,0
mirror,toaster,s004,hu,naked,4721.0714285715,-1373.3333333329974,3571.6714285715025,223.9333333329996,0.03674408610546907
mirror,nightstand,s004,hu,naked,4721.0714285715,0,4721.0714285715,0,0
mirror,desk_speakers,s004,hu,naked,4721.0714285715,0,4721.0714285715,0,0
mirror,bookshelf,s004,hu,naked,4721.0714285715,0,4721.0714285715,0,0
corkboard,stack_of_books,s004,hu,naked,2360.535714286005,0,2388.035714286005,27.5,0.011649897874270447
corkboard,throw_pillow,s004,hu,naked,2360.535714286005,1279.7619047619992,3576.3095238095048,-63.98809523849923,-0.0175777098289104
corkboard,lava_lamp,s004,hu,naked,2360.535714286005,0,2402.723214286005,42.1875,0.0178720024207558
corkboard,comfort_bed,s004,hu,naked,2360.535714286005,1587.5000000000036,3868.6607142859975,-79.37500000001091,-0.020104934642002262
corkboard,sticky_notes,s004,hu,naked,2360.535714286005,0,2647.0982142859975,286.5624999999927,0.12139723125801966
corkboard,calculator,s004,hu,naked,2360.535714286005,0,2360.535714286005,0,0
corkboard,space_heater,s004,hu,naked,2360.535714286005,4857.142857143001,6974.8214285715,-242.8571428575051,-0.03364754199762356
corkboard,desk_plant,s004,hu,naked,2360.535714286005,0,2360.535714286005,0,0
corkboard,headset,s004,hu,naked,2360.535714286005,0,2360.535714286005,0,0
corkboard,nes_console,s004,hu,naked,2360.535714286005,1416.3214285715003,3776.857142857498,-7.275957614183426e-12,-1.926458253244538e-15
corkboard,gameboy,s004,hu,naked,2360.535714286005,0,2360.535714286005,0,0
corkboard,red_rug,s004,hu,naked,2360.535714286005,0,2360.535714286005,0,0
corkboard,second_monitor,s004,hu,naked,2360.535714286005,0,2360.535714286005,0,0
corkboard,toaster,s004,hu,naked,2360.535714286005,-1373.3333333329974,1099.1690476195035,111.96666666649617,0.029986768480242926
corkboard,nightstand,s004,hu,naked,2360.535714286005,0,2360.535714286005,0,0
corkboard,desk_speakers,s004,hu,naked,2360.535714286005,0,2360.535714286005,0,0
corkboard,bookshelf,s004,hu,naked,2360.535714286005,0,2360.535714286005,0,0
stack_of_books,throw_pillow,s004,hu,naked,0,1279.7619047619992,1279.7619047619992,0,0
stack_of_books,lava_lamp,s004,hu,naked,0,0,0,0,0
stack_of_books,comfort_bed,s004,hu,naked,0,1587.5000000000036,1587.5000000000036,0,0
stack_of_books,sticky_notes,s004,hu,naked,0,0,0,0,0
stack_of_books,calculator,s004,hu,naked,0,0,0,0,0
stack_of_books,space_heater,s004,hu,naked,0,4857.142857143001,4857.142857143001,0,0
stack_of_books,desk_plant,s004,hu,naked,0,0,0,0,0
stack_of_books,headset,s004,hu,naked,0,0,0,0,0
stack_of_books,nes_console,s004,hu,naked,0,1416.3214285715003,1432.821428571504,16.500000000003638,0.01164989787427386
stack_of_books,gameboy,s004,hu,naked,0,0,0,0,0
stack_of_books,red_rug,s004,hu,naked,0,0,0,0,0
stack_of_books,second_monitor,s004,hu,naked,0,0,0,0,0
stack_of_books,toaster,s004,hu,naked,0,-1373.3333333329974,-1373.3333333329974,0,0
stack_of_books,nightstand,s004,hu,naked,0,0,0,0,0
stack_of_books,desk_speakers,s004,hu,naked,0,0,0,0,0
stack_of_books,bookshelf,s004,hu,naked,0,0,0,0,0
throw_pillow,lava_lamp,s004,hu,naked,1279.7619047619992,0,1279.7619047619992,0,0
throw_pillow,comfort_bed,s004,hu,naked,1279.7619047619992,1587.5000000000036,2867.2619047620065,3.637978807091713e-12,1.2687989196416584e-15
throw_pillow,sticky_notes,s004,hu,naked,1279.7619047619992,0,1279.7619047619992,0,0
throw_pillow,calculator,s004,hu,naked,1279.7619047619992,0,1279.7619047619992,0,0
throw_pillow,space_heater,s004,hu,naked,1279.7619047619992,4857.142857143001,5880.952380952502,-255.95238095249806,-0.04170708050438216
throw_pillow,desk_plant,s004,hu,naked,1279.7619047619992,0,1279.7619047619992,0,0
throw_pillow,headset,s004,hu,naked,1279.7619047619992,0,1279.7619047619992,0,0
throw_pillow,nes_console,s004,hu,naked,1279.7619047619992,1416.3214285715003,2657.6904761905025,-38.392857142996945,-0.014240233848976446
throw_pillow,gameboy,s004,hu,naked,1279.7619047619992,0,1279.7619047619992,0,0
throw_pillow,red_rug,s004,hu,naked,1279.7619047619992,0,1279.7619047619992,0,0
throw_pillow,second_monitor,s004,hu,naked,1279.7619047619992,0,1279.7619047619992,0,0
throw_pillow,toaster,s004,hu,naked,1279.7619047619992,-1373.3333333329974,106.42857142900175,200,0.07538364892758471
throw_pillow,nightstand,s004,hu,naked,1279.7619047619992,0,1279.7619047619992,0,0
throw_pillow,desk_speakers,s004,hu,naked,1279.7619047619992,0,1279.7619047619992,0,0
throw_pillow,bookshelf,s004,hu,naked,1279.7619047619992,0,1279.7619047619992,0,0
lava_lamp,comfort_bed,s004,hu,naked,0,1587.5000000000036,1587.5000000000036,0,0
lava_lamp,sticky_notes,s004,hu,naked,0,0,0,0,0
lava_lamp,calculator,s004,hu,naked,0,0,0,0,0
lava_lamp,space_heater,s004,hu,naked,0,4857.142857143001,4857.142857143001,0,0
lava_lamp,desk_plant,s004,hu,naked,0,0,0,0,0
lava_lamp,headset,s004,hu,naked,0,0,0,0,0
lava_lamp,nes_console,s004,hu,naked,0,1416.3214285715003,1441.6339285715003,25.3125,0.017872002420757094
lava_lamp,gameboy,s004,hu,naked,0,0,0,0,0
lava_lamp,red_rug,s004,hu,naked,0,0,0,0,0
lava_lamp,second_monitor,s004,hu,naked,0,0,0,0,0
lava_lamp,toaster,s004,hu,naked,0,-1373.3333333329974,-1373.3333333329974,0,0
lava_lamp,nightstand,s004,hu,naked,0,0,0,0,0
lava_lamp,desk_speakers,s004,hu,naked,0,0,0,0,0
lava_lamp,bookshelf,s004,hu,naked,0,0,0,0,0
comfort_bed,sticky_notes,s004,hu,naked,1587.5000000000036,0,1587.5000000000036,0,0
comfort_bed,calculator,s004,hu,naked,1587.5000000000036,0,1587.5000000000036,0,0
comfort_bed,space_heater,s004,hu,naked,1587.5000000000036,4857.142857143001,6127.142857143004,-317.5,-0.04926572457744415
comfort_bed,desk_plant,s004,hu,naked,1587.5000000000036,0,1587.5000000000036,0,0
comfort_bed,headset,s004,hu,naked,1587.5000000000036,0,1587.5000000000036,0,0
comfort_bed,nes_console,s004,hu,naked,1587.5000000000036,1416.3214285715003,2956.1964285715003,-47.62500000000364,-0.015854803999667905
comfort_bed,gameboy,s004,hu,naked,1587.5000000000036,0,1587.5000000000036,0,0
comfort_bed,red_rug,s004,hu,naked,1587.5000000000036,0,1587.5000000000036,0,0
comfort_bed,second_monitor,s004,hu,naked,1587.5000000000036,0,1587.5000000000036,0,0
comfort_bed,toaster,s004,hu,naked,1587.5000000000036,-1373.3333333329974,87.16666666700257,-127.00000000000364,-0.042893329580642126
comfort_bed,nightstand,s004,hu,naked,1587.5000000000036,0,1587.5000000000036,0,0
comfort_bed,desk_speakers,s004,hu,naked,1587.5000000000036,0,1587.5000000000036,0,0
comfort_bed,bookshelf,s004,hu,naked,1587.5000000000036,0,1587.5000000000036,0,0
sticky_notes,calculator,s004,hu,naked,0,0,0,0,0
sticky_notes,space_heater,s004,hu,naked,0,4857.142857143001,4857.142857143001,0,0
sticky_notes,desk_plant,s004,hu,naked,0,0,0,0,0
sticky_notes,headset,s004,hu,naked,0,0,0,0,0
sticky_notes,nes_console,s004,hu,naked,0,1416.3214285715003,1588.2589285715003,171.9375,0.12139723125803152
sticky_notes,gameboy,s004,hu,naked,0,0,0,0,0
sticky_notes,red_rug,s004,hu,naked,0,0,0,0,0
sticky_notes,second_monitor,s004,hu,naked,0,0,0,0,0
sticky_notes,toaster,s004,hu,naked,0,-1373.3333333329974,-1373.3333333329974,0,0
sticky_notes,nightstand,s004,hu,naked,0,0,0,0,0
sticky_notes,desk_speakers,s004,hu,naked,0,0,0,0,0
sticky_notes,bookshelf,s004,hu,naked,0,0,0,0,0
calculator,space_heater,s004,hu,naked,0,4857.142857143001,4857.142857143001,0,0
calculator,desk_plant,s004,hu,naked,0,0,0,0,0
calculator,headset,s004,hu,naked,0,0,0,0,0
calculator,nes_console,s004,hu,naked,0,1416.3214285715003,1416.3214285715003,0,0
calculator,gameboy,s004,hu,naked,0,0,0,0,0
calculator,red_rug,s004,hu,naked,0,0,0,0,0
calculator,second_monitor,s004,hu,naked,0,0,0,0,0
calculator,toaster,s004,hu,naked,0,-1373.3333333329974,-1373.3333333329974,0,0
calculator,nightstand,s004,hu,naked,0,0,0,0,0
calculator,desk_speakers,s004,hu,naked,0,0,0,0,0
calculator,bookshelf,s004,hu,naked,0,0,0,0,0
space_heater,desk_plant,s004,hu,naked,4857.142857143001,0,4857.142857143001,0,0
space_heater,headset,s004,hu,naked,4857.142857143001,0,4857.142857143001,0,0
space_heater,nes_console,s004,hu,naked,4857.142857143001,1416.3214285715003,6127.750000000004,-145.71428571449724,-0.023227084602411418
space_heater,gameboy,s004,hu,naked,4857.142857143001,0,4857.142857143001,0,0
space_heater,red_rug,s004,hu,naked,4857.142857143001,0,4857.142857143001,0,0
space_heater,second_monitor,s004,hu,naked,4857.142857143001,0,4857.142857143001,0,0
space_heater,toaster,s004,hu,naked,4857.142857143001,-1373.3333333329974,3758.4761904765,274.6666666664969,0.044084377866070106
space_heater,nightstand,s004,hu,naked,4857.142857143001,0,4857.142857143001,0,0
space_heater,desk_speakers,s004,hu,naked,4857.142857143001,0,4857.142857143001,0,0
space_heater,bookshelf,s004,hu,naked,4857.142857143001,0,4857.142857143001,0,0
desk_plant,headset,s004,hu,naked,0,0,0,0,0
desk_plant,nes_console,s004,hu,naked,0,1416.3214285715003,1416.3214285715003,0,0
desk_plant,gameboy,s004,hu,naked,0,0,0,0,0
desk_plant,red_rug,s004,hu,naked,0,0,0,0,0
desk_plant,second_monitor,s004,hu,naked,0,0,0,0,0
desk_plant,toaster,s004,hu,naked,0,-1373.3333333329974,-1373.3333333329974,0,0
desk_plant,nightstand,s004,hu,naked,0,0,0,0,0
desk_plant,desk_speakers,s004,hu,naked,0,0,0,0,0
desk_plant,bookshelf,s004,hu,naked,0,0,0,0,0
headset,nes_console,s004,hu,naked,0,1416.3214285715003,1416.3214285715003,0,0
headset,gameboy,s004,hu,naked,0,0,0,0,0
headset,red_rug,s004,hu,naked,0,0,0,0,0
headset,second_monitor,s004,hu,naked,0,0,0,0,0
headset,toaster,s004,hu,naked,0,-1373.3333333329974,-1373.3333333329974,0,0
headset,nightstand,s004,hu,naked,0,0,0,0,0
headset,desk_speakers,s004,hu,naked,0,0,0,0,0
headset,bookshelf,s004,hu,naked,0,0,0,0,0
nes_console,gameboy,s004,hu,naked,1416.3214285715003,0,1416.3214285715003,0,0
nes_console,red_rug,s004,hu,naked,1416.3214285715003,0,1416.3214285715003,0,0
nes_console,second_monitor,s004,hu,naked,1416.3214285715003,0,1416.3214285715003,0,0
nes_console,toaster,s004,hu,naked,1416.3214285715003,-1373.3333333329974,110.16809523850316,67.18000000000029,0.02408183296277726
nes_console,nightstand,s004,hu,naked,1416.3214285715003,0,1416.3214285715003,0,0
nes_console,desk_speakers,s004,hu,naked,1416.3214285715003,0,1416.3214285715003,0,0
nes_console,bookshelf,s004,hu,naked,1416.3214285715003,0,1416.3214285715003,0,0
gameboy,red_rug,s004,hu,naked,0,0,0,0,0
gameboy,second_monitor,s004,hu,naked,0,0,0,0,0
gameboy,toaster,s004,hu,naked,0,-1373.3333333329974,-1373.3333333329974,0,0
gameboy,nightstand,s004,hu,naked,0,0,0,0,0
gameboy,desk_speakers,s004,hu,naked,0,0,0,0,0
gameboy,bookshelf,s004,hu,naked,0,0,0,0,0
red_rug,second_monitor,s004,hu,naked,0,0,0,0,0
red_rug,toaster,s004,hu,naked,0,-1373.3333333329974,-1373.3333333329974,0,0
red_rug,nightstand,s004,hu,naked,0,0,0,0,0
red_rug,desk_speakers,s004,hu,naked,0,0,0,0,0
red_rug,bookshelf,s004,hu,naked,0,0,0,0,0
second_monitor,toaster,s004,hu,naked,0,-1373.3333333329974,-1373.3333333329974,0,0
second_monitor,nightstand,s004,hu,naked,0,0,0,0,0
second_monitor,desk_speakers,s004,hu,naked,0,0,0,0,0
second_monitor,bookshelf,s004,hu,naked,0,0,0,0,0
toaster,nightstand,s004,hu,naked,-1373.3333333329974,0,-1373.3333333329974,0,0
toaster,desk_speakers,s004,hu,naked,-1373.3333333329974,0,-1373.3333333329974,0,0
toaster,bookshelf,s004,hu,naked,-1373.3333333329974,0,-1373.3333333329974,0,0
nightstand,desk_speakers,s004,hu,naked,0,0,0,0,0
nightstand,bookshelf,s004,hu,naked,0,0,0,0,0
desk_speakers,bookshelf,s004,hu,naked,0,0,0,0,0
wall_hanger,mirror,s004,hu,capped,1841.6666666667004,5383.226190476351,7751.08333333335,526.1904761902988,0.07283021168543266
wall_hanger,corkboard,s004,hu,capped,1841.6666666667004,2691.6130952381,4796.37499999985,263.09523809504935,0.058036400114980236
wall_hanger,stack_of_books,s004,hu,capped,1841.6666666667004,0,1841.6666666667004,0,0
wall_hanger,throw_pillow,s004,hu,capped,1841.6666666667004,296.9687500000002,2138.6354166666997,-9.094947017729282e-13,-4.2526869922993986e-16
wall_hanger,lava_lamp,s004,hu,capped,1841.6666666667004,93.75000000000023,1935.4166666667004,-2.2737367544323206e-13,-1.174804781622707e-16
wall_hanger,comfort_bed,s004,hu,capped,1841.6666666667004,866.7750000000003,2708.4416666667003,-4.547473508864641e-13,-1.6789999817353462e-16
wall_hanger,sticky_notes,s004,hu,capped,1841.6666666667004,3229.16666666685,5531.249999999849,460.4166666662986,0.09079704190625057
wall_hanger,calculator,s004,hu,capped,1841.6666666667004,3986.9049964078504,6244.14350215535,415.5718390807988,0.07129908716976915
wall_hanger,space_heater,s004,hu,capped,1841.6666666667004,2200.5750000000007,4042.2416666668505,1.4915713109076023e-10,3.689960754220755e-14
wall_hanger,desk_plant,s004,hu,capped,1841.6666666667004,0,1841.6666666667004,0,0
wall_hanger,headset,s004,hu,capped,1841.6666666667004,0,1841.6666666667004,0,0
wall_hanger,nes_console,s004,hu,capped,1841.6666666667004,1614.96785714285,3614.4916666668505,157.8571428573,0.045667871963312436
wall_hanger,gameboy,s004,hu,capped,1841.6666666667004,0,1841.6666666667004,0,0
wall_hanger,red_rug,s004,hu,capped,1841.6666666667004,0,1841.6666666667004,0,0
wall_hanger,second_monitor,s004,hu,capped,1841.6666666667004,0,1841.6666666667004,0,0
wall_hanger,toaster,s004,hu,capped,1841.6666666667004,-300.16999999999985,1609.4966666666999,67.99999999999932,0.03174845265200657
wall_hanger,nightstand,s004,hu,capped,1841.6666666667004,0,1841.6666666667004,0,0
wall_hanger,desk_speakers,s004,hu,capped,1841.6666666667004,0,1841.6666666667004,0,0
wall_hanger,bookshelf,s004,hu,capped,1841.6666666667004,0,1841.6666666667004,0,0
mirror,corkboard,s004,hu,capped,5383.226190476351,2691.6130952381,8074.839285714348,-1.0277290130034089e-10,-1.2727547591214713e-14
mirror,stack_of_books,s004,hu,capped,5383.226190476351,0,5383.226190476351,0,0
mirror,throw_pillow,s004,hu,capped,5383.226190476351,296.9687500000002,5634.507440476351,-45.68750000000023,-0.008043297893605179
mirror,lava_lamp,s004,hu,capped,5383.226190476351,93.75000000000023,5503.76190476185,26.785714285498898,0.004890602652623409
mirror,comfort_bed,s004,hu,capped,5383.226190476351,866.7750000000003,6116.651190476351,-133.35000000000014,-0.021335995936000246
mirror,sticky_notes,s004,hu,capped,5383.226190476351,3229.16666666685,9535.011904761852,922.6190476186512,0.10712691152417904
mirror,calculator,s004,hu,capped,5383.226190476351,3986.9049964078504,9340.897956178349,-29.233230705852293,-0.0031198315288020056
mirror,space_heater,s004,hu,capped,5383.226190476351,2200.5750000000007,7245.251190476349,-338.5500000000029,-0.044641201885032275
mirror,desk_plant,s004,hu,capped,5383.226190476351,0,5383.226190476351,0,0
mirror,headset,s004,hu,capped,5383.226190476351,0,5383.226190476351,0,0
mirror,nes_console,s004,hu,capped,5383.226190476351,1614.96785714285,6998.19404761885,-3.5083758120890707e-10,-5.013258832516407e-14
mirror,gameboy,s004,hu,capped,5383.226190476351,0,5383.226190476351,0,0
mirror,red_rug,s004,hu,capped,5383.226190476351,0,5383.226190476351,0,0
mirror,second_monitor,s004,hu,capped,5383.226190476351,0,5383.226190476351,0,0
mirror,toaster,s004,hu,capped,5383.226190476351,-300.16999999999985,5186.379047618851,103.32285714249952,0.01817977379715975
mirror,nightstand,s004,hu,capped,5383.226190476351,0,5383.226190476351,0,0
mirror,desk_speakers,s004,hu,capped,5383.226190476351,0,5383.226190476351,0,0
mirror,bookshelf,s004,hu,capped,5383.226190476351,0,5383.226190476351,0,0
corkboard,stack_of_books,s004,hu,capped,2691.6130952381,0,2691.6130952381,0,0
corkboard,throw_pillow,s004,hu,capped,2691.6130952381,296.9687500000002,2965.7380952381,-22.843750000000227,-0.007643675556819247
corkboard,lava_lamp,s004,hu,capped,2691.6130952381,93.75000000000023,2798.7559523809505,13.39285714285029,0.004808298482071126
corkboard,comfort_bed,s004,hu,capped,2691.6130952381,866.7750000000003,3491.7130952383495,-66.67499999975075,-0.018737416553572795
corkboard,sticky_notes,s004,hu,capped,2691.6130952381,3229.16666666685,6382.08928571435,461.30952380940016,0.0779136435334961
corkboard,calculator,s004,hu,capped,2691.6130952381,3986.9049964078504,6663.901476293349,-14.616615352601002,-0.00218860159574692
corkboard,space_heater,s004,hu,capped,2691.6130952381,2200.5750000000007,4722.913095238351,-169.27499999974953,-0.03460108170503837
corkboard,desk_plant,s004,hu,capped,2691.6130952381,0,2691.6130952381,0,0
corkboard,headset,s004,hu,capped,2691.6130952381,0,2691.6130952381,0,0
corkboard,nes_console,s004,hu,capped,2691.6130952381,1614.96785714285,4306.580952380849,-1.007265382213518e-10,-2.338898057069235e-14
corkboard,gameboy,s004,hu,capped,2691.6130952381,0,2691.6130952381,0,0
corkboard,red_rug,s004,hu,capped,2691.6130952381,0,2691.6130952381,0,0
corkboard,second_monitor,s004,hu,capped,2691.6130952381,0,2691.6130952381,0,0
corkboard,toaster,s004,hu,capped,2691.6130952381,-300.16999999999985,2443.1045238095503,51.66142857145019,0.017267772069999857
corkboard,nightstand,s004,hu,capped,2691.6130952381,0,2691.6130952381,0,0
corkboard,desk_speakers,s004,hu,capped,2691.6130952381,0,2691.6130952381,0,0
corkboard,bookshelf,s004,hu,capped,2691.6130952381,0,2691.6130952381,0,0
stack_of_books,throw_pillow,s004,hu,capped,0,296.9687500000002,296.9687500000002,0,0
stack_of_books,lava_lamp,s004,hu,capped,0,93.75000000000023,93.75000000000023,0,0
stack_of_books,comfort_bed,s004,hu,capped,0,866.7750000000003,866.7750000000003,0,0
stack_of_books,sticky_notes,s004,hu,capped,0,3229.16666666685,3229.16666666685,0,0
stack_of_books,calculator,s004,hu,capped,0,3986.9049964078504,3986.9049964078504,0,0
stack_of_books,space_heater,s004,hu,capped,0,2200.5750000000007,2200.5750000000007,0,0
stack_of_books,desk_plant,s004,hu,capped,0,0,0,0,0
stack_of_books,headset,s004,hu,capped,0,0,0,0,0
stack_of_books,nes_console,s004,hu,capped,0,1614.96785714285,1614.96785714285,0,0
stack_of_books,gameboy,s004,hu,capped,0,0,0,0,0
stack_of_books,red_rug,s004,hu,capped,0,0,0,0,0
stack_of_books,second_monitor,s004,hu,capped,0,0,0,0,0
stack_of_books,toaster,s004,hu,capped,0,-300.16999999999985,-300.16999999999985,0,0
stack_of_books,nightstand,s004,hu,capped,0,0,0,0,0
stack_of_books,desk_speakers,s004,hu,capped,0,0,0,0,0
stack_of_books,bookshelf,s004,hu,capped,0,0,0,0,0
throw_pillow,lava_lamp,s004,hu,capped,296.9687500000002,93.75000000000023,390.7187500000002,-2.2737367544323206e-13,-5.819369442680491e-16
throw_pillow,comfort_bed,s004,hu,capped,296.9687500000002,866.7750000000003,1163.7437500000003,-2.2737367544323206e-13,-1.9538122154746863e-16
throw_pillow,sticky_notes,s004,hu,capped,296.9687500000002,3229.16666666685,3526.13541666685,0,0
throw_pillow,calculator,s004,hu,capped,296.9687500000002,3986.9049964078504,4180.401637032851,-103.47210937499949,-0.024153865286474372
throw_pillow,space_heater,s004,hu,capped,296.9687500000002,2200.5750000000007,2438.1500000000005,-59.39375000000018,-0.023780864699567392
throw_pillow,desk_plant,s004,hu,capped,296.9687500000002,0,296.9687500000002,0,0
throw_pillow,headset,s004,hu,capped,296.9687500000002,0,296.9687500000002,0,0
throw_pillow,nes_console,s004,hu,capped,296.9687500000002,1614.96785714285,1898.23035714285,-13.70625000000041,-0.007168778477693715
throw_pillow,gameboy,s004,hu,capped,296.9687500000002,0,296.9687500000002,0,0
throw_pillow,red_rug,s004,hu,capped,296.9687500000002,0,296.9687500000002,0,0
throw_pillow,second_monitor,s004,hu,capped,296.9687500000002,0,296.9687500000002,0,0
throw_pillow,toaster,s004,hu,capped,296.9687500000002,-300.16999999999985,43.20875000000001,46.40999999999963,0.07772063025553043
throw_pillow,nightstand,s004,hu,capped,296.9687500000002,0,296.9687500000002,0,0
throw_pillow,desk_speakers,s004,hu,capped,296.9687500000002,0,296.9687500000002,0,0
throw_pillow,bookshelf,s004,hu,capped,296.9687500000002,0,296.9687500000002,0,0
lava_lamp,comfort_bed,s004,hu,capped,93.75000000000023,866.7750000000003,960.5250000000003,-2.2737367544323206e-13,-2.367181233629858e-16
lava_lamp,sticky_notes,s004,hu,capped,93.75000000000023,3229.16666666685,3346.35416666685,23.4375,0.007053291536049768
lava_lamp,calculator,s004,hu,capped,93.75000000000023,3986.9049964078504,4059.771375718351,-20.883620689499367,-0.005117712893612167
lava_lamp,space_heater,s004,hu,capped,93.75000000000023,2200.5750000000007,2294.3250000000007,0,0
lava_lamp,desk_plant,s004,hu,capped,93.75000000000023,0,93.75000000000023,0,0
lava_lamp,headset,s004,hu,capped,93.75000000000023,0,93.75000000000023,0,0
lava_lamp,nes_console,s004,hu,capped,93.75000000000023,1614.96785714285,1716.7535714286003,8.035714285749918,0.0047027742187855685
lava_lamp,gameboy,s004,hu,capped,93.75000000000023,0,93.75000000000023,0,0
lava_lamp,red_rug,s004,hu,capped,93.75000000000023,0,93.75000000000023,0,0
lava_lamp,second_monitor,s004,hu,capped,93.75000000000023,0,93.75000000000023,0,0
lava_lamp,toaster,s004,hu,capped,93.75000000000023,-300.16999999999985,-209.91999999999985,-3.5000000000002274,-0.008885052802600088
lava_lamp,nightstand,s004,hu,capped,93.75000000000023,0,93.75000000000023,0,0
lava_lamp,desk_speakers,s004,hu,capped,93.75000000000023,0,93.75000000000023,0,0
lava_lamp,bookshelf,s004,hu,capped,93.75000000000023,0,93.75000000000023,0,0
comfort_bed,sticky_notes,s004,hu,capped,866.7750000000003,3229.16666666685,4095.9416666668503,0,0
comfort_bed,calculator,s004,hu,capped,866.7750000000003,3986.9049964078504,4753.79251203285,-99.8874843750009,-0.02057974247353068
comfort_bed,space_heater,s004,hu,capped,866.7750000000003,2200.5750000000007,2893.995000000001,-173.35500000000025,-0.05651621106166566
comfort_bed,desk_plant,s004,hu,capped,866.7750000000003,0,866.7750000000003,0,0
comfort_bed,headset,s004,hu,capped,866.7750000000003,0,866.7750000000003,0,0
comfort_bed,nes_console,s004,hu,capped,866.7750000000003,1614.96785714285,2441.7378571428508,-40.004999999999654,-0.01611972001243356
comfort_bed,gameboy,s004,hu,capped,866.7750000000003,0,866.7750000000003,0,0
comfort_bed,red_rug,s004,hu,capped,866.7750000000003,0,866.7750000000003,0,0
comfort_bed,second_monitor,s004,hu,capped,866.7750000000003,0,866.7750000000003,0,0
comfort_bed,toaster,s004,hu,capped,866.7750000000003,-300.16999999999985,497.26300000000015,-69.34200000000033,-0.059421823650643614
comfort_bed,nightstand,s004,hu,capped,866.7750000000003,0,866.7750000000003,0,0
comfort_bed,desk_speakers,s004,hu,capped,866.7750000000003,0,866.7750000000003,0,0
comfort_bed,bookshelf,s004,hu,capped,866.7750000000003,0,866.7750000000003,0,0
sticky_notes,calculator,s004,hu,capped,3229.16666666685,3986.9049964078504,7799.66720905185,583.5955459771494,0.08087441106820784
sticky_notes,space_heater,s004,hu,capped,3229.16666666685,2200.5750000000007,5429.7416666668505,0,0
sticky_notes,desk_plant,s004,hu,capped,3229.16666666685,0,3229.16666666685,0,0
sticky_notes,headset,s004,hu,capped,3229.16666666685,0,3229.16666666685,0,0
sticky_notes,nes_console,s004,hu,capped,3229.16666666685,1614.96785714285,5120.92023809535,276.78571428565033,0.057138321185178496
sticky_notes,gameboy,s004,hu,capped,3229.16666666685,0,3229.16666666685,0,0
sticky_notes,red_rug,s004,hu,capped,3229.16666666685,0,3229.16666666685,0,0
sticky_notes,second_monitor,s004,hu,capped,3229.16666666685,0,3229.16666666685,0,0
sticky_notes,toaster,s004,hu,capped,3229.16666666685,-300.16999999999985,2961.4966666666996,32.499999999849706,0.009208529270329746
sticky_notes,nightstand,s004,hu,capped,3229.16666666685,0,3229.16666666685,0,0
sticky_notes,desk_speakers,s004,hu,capped,3229.16666666685,0,3229.16666666685,0,0
sticky_notes,bookshelf,s004,hu,capped,3229.16666666685,0,3229.16666666685,0,0
calculator,space_heater,s004,hu,capped,3986.9049964078504,2200.5750000000007,5856.97543390785,-330.50456250000116,-0.05341505147360088
calculator,desk_plant,s004,hu,capped,3986.9049964078504,0,3986.9049964078504,0,0
calculator,headset,s004,hu,capped,3986.9049964078504,0,3986.9049964078504,0,0
calculator,nes_console,s004,hu,capped,3986.9049964078504,1614.96785714285,5593.10288433885,-8.769969211850139,-0.0015655423536239967
calculator,gameboy,s004,hu,capped,3986.9049964078504,0,3986.9049964078504,0,0
calculator,red_rug,s004,hu,capped,3986.9049964078504,0,3986.9049964078504,0,0
calculator,second_monitor,s004,hu,capped,3986.9049964078504,0,3986.9049964078504,0,0
calculator,toaster,s004,hu,capped,3986.9049964078504,-300.16999999999985,3787.6605765803497,100.92558017249917,0.023541827529741124
calculator,nightstand,s004,hu,capped,3986.9049964078504,0,3986.9049964078504,0,0
calculator,desk_speakers,s004,hu,capped,3986.9049964078504,0,3986.9049964078504,0,0
calculator,bookshelf,s004,hu,capped,3986.9049964078504,0,3986.9049964078504,0,0
space_heater,desk_plant,s004,hu,capped,2200.5750000000007,0,2200.5750000000007,0,0
space_heater,headset,s004,hu,capped,2200.5750000000007,0,2200.5750000000007,0,0
space_heater,nes_console,s004,hu,capped,2200.5750000000007,1614.96785714285,3713.9778571428506,-101.56500000000028,-0.026618754867309767
space_heater,gameboy,s004,hu,capped,2200.5750000000007,0,2200.5750000000007,0,0
space_heater,red_rug,s004,hu,capped,2200.5750000000007,0,2200.5750000000007,0,0
space_heater,second_monitor,s004,hu,capped,2200.5750000000007,0,2200.5750000000007,0,0
space_heater,toaster,s004,hu,capped,2200.5750000000007,-300.16999999999985,1986.439,86.0339999999992,0.034403347802354566
space_heater,nightstand,s004,hu,capped,2200.5750000000007,0,2200.5750000000007,0,0
space_heater,desk_speakers,s004,hu,capped,2200.5750000000007,0,2200.5750000000007,0,0
space_heater,bookshelf,s004,hu,capped,2200.5750000000007,0,2200.5750000000007,0,0
desk_plant,headset,s004,hu,capped,0,0,0,0,0
desk_plant,nes_console,s004,hu,capped,0,1614.96785714285,1614.96785714285,0,0
desk_plant,gameboy,s004,hu,capped,0,0,0,0,0
desk_plant,red_rug,s004,hu,capped,0,0,0,0,0
desk_plant,second_monitor,s004,hu,capped,0,0,0,0,0
desk_plant,toaster,s004,hu,capped,0,-300.16999999999985,-300.16999999999985,0,0
desk_plant,nightstand,s004,hu,capped,0,0,0,0,0
desk_plant,desk_speakers,s004,hu,capped,0,0,0,0,0
desk_plant,bookshelf,s004,hu,capped,0,0,0,0,0
headset,nes_console,s004,hu,capped,0,1614.96785714285,1614.96785714285,0,0
headset,gameboy,s004,hu,capped,0,0,0,0,0
headset,red_rug,s004,hu,capped,0,0,0,0,0
headset,second_monitor,s004,hu,capped,0,0,0,0,0
headset,toaster,s004,hu,capped,0,-300.16999999999985,-300.16999999999985,0,0
headset,nightstand,s004,hu,capped,0,0,0,0,0
headset,desk_speakers,s004,hu,capped,0,0,0,0,0
headset,bookshelf,s004,hu,capped,0,0,0,0,0
nes_console,gameboy,s004,hu,capped,1614.96785714285,0,1614.96785714285,0,0
nes_console,red_rug,s004,hu,capped,1614.96785714285,0,1614.96785714285,0,0
nes_console,second_monitor,s004,hu,capped,1614.96785714285,0,1614.96785714285,0,0
nes_console,toaster,s004,hu,capped,1614.96785714285,-300.16999999999985,1345.79471428575,30.99685714289967,0.016185183237484097
nes_console,nightstand,s004,hu,capped,1614.96785714285,0,1614.96785714285,0,0
nes_console,desk_speakers,s004,hu,capped,1614.96785714285,0,1614.96785714285,0,0
nes_console,bookshelf,s004,hu,capped,1614.96785714285,0,1614.96785714285,0,0
gameboy,red_rug,s004,hu,capped,0,0,0,0,0
gameboy,second_monitor,s004,hu,capped,0,0,0,0,0
gameboy,toaster,s004,hu,capped,0,-300.16999999999985,-300.16999999999985,0,0
gameboy,nightstand,s004,hu,capped,0,0,0,0,0
gameboy,desk_speakers,s004,hu,capped,0,0,0,0,0
gameboy,bookshelf,s004,hu,capped,0,0,0,0,0
red_rug,second_monitor,s004,hu,capped,0,0,0,0,0
red_rug,toaster,s004,hu,capped,0,-300.16999999999985,-300.16999999999985,0,0
red_rug,nightstand,s004,hu,capped,0,0,0,0,0
red_rug,desk_speakers,s004,hu,capped,0,0,0,0,0
red_rug,bookshelf,s004,hu,capped,0,0,0,0,0
second_monitor,toaster,s004,hu,capped,0,-300.16999999999985,-300.16999999999985,0,0
second_monitor,nightstand,s004,hu,capped,0,0,0,0,0
second_monitor,desk_speakers,s004,hu,capped,0,0,0,0,0
second_monitor,bookshelf,s004,hu,capped,0,0,0,0,0
toaster,nightstand,s004,hu,capped,-300.16999999999985,0,-300.16999999999985,0,0
toaster,desk_speakers,s004,hu,capped,-300.16999999999985,0,-300.16999999999985,0,0
toaster,bookshelf,s004,hu,capped,-300.16999999999985,0,-300.16999999999985,0,0
nightstand,desk_speakers,s004,hu,capped,0,0,0,0,0
nightstand,bookshelf,s004,hu,capped,0,0,0,0,0
desk_speakers,bookshelf,s004,hu,capped,0,0,0,0,0
wall_hanger,mirror,s004,zoom,naked,0,0,0,0,0
wall_hanger,corkboard,s004,zoom,naked,0,2079.7232142847497,2079.7232142847497,0,0
wall_hanger,stack_of_books,s004,zoom,naked,0,144.64285714237485,144.64285714237485,0,0
wall_hanger,throw_pillow,s004,zoom,naked,0,1901.7421875000036,1901.7421875000036,0,0
wall_hanger,lava_lamp,s004,zoom,naked,0,280.69754464237485,280.69754464237485,0,0
wall_hanger,comfort_bed,s004,zoom,naked,0,1366.2421875,1366.2421875,0,0
wall_hanger,sticky_notes,s004,zoom,naked,0,348.8002232141298,348.8002232141298,0,0
wall_hanger,calculator,s004,zoom,naked,0,0,0,0,0
wall_hanger,space_heater,s004,zoom,naked,0,5489.831250000003,5489.831250000003,0,0
wall_hanger,desk_plant,s004,zoom,naked,0,0,0,0,0
wall_hanger,headset,s004,zoom,naked,0,2495.6678571423763,2495.6678571423763,0,0
wall_hanger,nes_console,s004,zoom,naked,0,0,0,0,0
wall_hanger,gameboy,s004,zoom,naked,0,1247.8339285706243,1247.8339285706243,0,0
wall_hanger,red_rug,s004,zoom,naked,0,0,0,0,0
wall_hanger,second_monitor,s004,zoom,naked,0,0,0,0,0
wall_hanger,toaster,s004,zoom,naked,0,-1615.5707142858737,-1499.8564285717475,115.71428571412616,0.07162440163770549
wall_hanger,nightstand,s004,zoom,naked,0,0,0,0,0
wall_hanger,desk_speakers,s004,zoom,naked,0,0,0,0,0
wall_hanger,bookshelf,s004,zoom,naked,0,0,0,0,0
mirror,corkboard,s004,zoom,naked,0,2079.7232142847497,2079.7232142847497,0,0
mirror,stack_of_books,s004,zoom,naked,0,144.64285714237485,144.64285714237485,0,0
mirror,throw_pillow,s004,zoom,naked,0,1901.7421875000036,1901.7421875000036,0,0
mirror,lava_lamp,s004,zoom,naked,0,280.69754464237485,280.69754464237485,0,0
mirror,comfort_bed,s004,zoom,naked,0,1366.2421875,1366.2421875,0,0
mirror,sticky_notes,s004,zoom,naked,0,348.8002232141298,348.8002232141298,0,0
mirror,calculator,s004,zoom,naked,0,0,0,0,0
mirror,space_heater,s004,zoom,naked,0,5489.831250000003,5489.831250000003,0,0
mirror,desk_plant,s004,zoom,naked,0,0,0,0,0
mirror,headset,s004,zoom,naked,0,2495.6678571423763,2495.6678571423763,0,0
mirror,nes_console,s004,zoom,naked,0,0,0,0,0
mirror,gameboy,s004,zoom,naked,0,1247.8339285706243,1247.8339285706243,0,0
mirror,red_rug,s004,zoom,naked,0,0,0,0,0
mirror,second_monitor,s004,zoom,naked,0,0,0,0,0
mirror,toaster,s004,zoom,naked,0,-1615.5707142858737,-1615.5707142858737,0,0
mirror,nightstand,s004,zoom,naked,0,0,0,0,0
mirror,desk_speakers,s004,zoom,naked,0,0,0,0,0
mirror,bookshelf,s004,zoom,naked,0,0,0,0,0
corkboard,stack_of_books,s004,zoom,naked,2079.7232142847497,144.64285714237485,2272.5803571423785,48.214285715253936,0.02167551750342976
corkboard,throw_pillow,s004,zoom,naked,2079.7232142847497,1901.7421875000036,3869.5982142847497,-111.86718750000364,-0.028096988473102755
corkboard,lava_lamp,s004,zoom,naked,2079.7232142847497,280.69754464237485,2453.9866071423785,93.56584821525394,0.039639478623201975
corkboard,comfort_bed,s004,zoom,naked,2079.7232142847497,1366.2421875,3365.5982142847497,-80.3671875,-0.02332211097023083
corkboard,sticky_notes,s004,zoom,naked,2079.7232142847497,348.8002232141298,2544.7901785706235,116.26674107174404,0.04787548651022549
corkboard,calculator,s004,zoom,naked,2079.7232142847497,0,2079.7232142847497,0,0
corkboard,space_heater,s004,zoom,naked,2079.7232142847497,5489.831250000003,7246.623214284751,-322.93125000000146,-0.04266185698559674
corkboard,desk_plant,s004,zoom,naked,2079.7232142847497,0,2079.7232142847497,0,0
corkboard,headset,s004,zoom,naked,2079.7232142847497,2495.6678571423763,4575.3910714282465,1.1204974725842476e-9,2.448965465666194e-13
corkboard,nes_console,s004,zoom,naked,2079.7232142847497,0,2079.7232142847497,0,0
corkboard,gameboy,s004,zoom,naked,2079.7232142847497,1247.8339285706243,3327.557142856498,1.1241354513913393e-9,3.3782603968348976e-13
corkboard,red_rug,s004,zoom,naked,2079.7232142847497,0,2079.7232142847497,0,0
corkboard,second_monitor,s004,zoom,naked,2079.7232142847497,0,2079.7232142847497,0,0
corkboard,toaster,s004,zoom,naked,2079.7232142847497,-1615.5707142858737,838.8289285706269,374.6764285717509,0.10139286233089433
corkboard,nightstand,s004,zoom,naked,2079.7232142847497,0,2079.7232142847497,0,0
corkboard,desk_speakers,s004,zoom,naked,2079.7232142847497,0,2079.7232142847497,0,0
corkboard,bookshelf,s004,zoom,naked,2079.7232142847497,0,2079.7232142847497,0,0
stack_of_books,throw_pillow,s004,zoom,naked,144.64285714237485,1901.7421875000036,2046.3850446423785,0,0
stack_of_books,lava_lamp,s004,zoom,naked,144.64285714237485,280.69754464237485,550.0948660706272,124.75446428587748,0.29330499468755256
stack_of_books,comfort_bed,s004,zoom,naked,144.64285714237485,1366.2421875,1510.8850446423785,3.637978807091713e-12,2.407846195838691e-15
stack_of_books,sticky_notes,s004,zoom,naked,144.64285714237485,348.8002232141298,529.6037946423785,36.16071428587384,0.07328244274850973
stack_of_books,calculator,s004,zoom,naked,144.64285714237485,0,144.64285714237485,0,0
stack_of_books,space_heater,s004,zoom,naked,144.64285714237485,5489.831250000003,5634.474107142378,0,0
stack_of_books,desk_plant,s004,zoom,naked,144.64285714237485,0,144.64285714237485,0,0
stack_of_books,headset,s004,zoom,naked,144.64285714237485,2495.6678571423763,2698.1678571423763,57.85714285762515,0.021913005368876973
stack_of_books,nes_console,s004,zoom,naked,144.64285714237485,0,144.64285714237485,0,0
stack_of_books,gameboy,s004,zoom,naked,144.64285714237485,1247.8339285706243,1421.4053571423756,28.92857142937646,0.020774903916666712
stack_of_books,red_rug,s004,zoom,naked,144.64285714237485,0,144.64285714237485,0,0
stack_of_books,second_monitor,s004,zoom,naked,144.64285714237485,0,144.64285714237485,0,0
stack_of_books,toaster,s004,zoom,naked,144.64285714237485,-1615.5707142858737,-1415.9635714293763,54.964285714122525,0.031225918608004
stack_of_books,nightstand,s004,zoom,naked,144.64285714237485,0,144.64285714237485,0,0
stack_of_books,desk_speakers,s004,zoom,naked,144.64285714237485,0,144.64285714237485,0,0
stack_of_books,bookshelf,s004,zoom,naked,144.64285714237485,0,144.64285714237485,0,0
throw_pillow,lava_lamp,s004,zoom,naked,1901.7421875000036,280.69754464237485,2182.4397321423785,0,0
throw_pillow,comfort_bed,s004,zoom,naked,1901.7421875000036,1366.2421875,3267.984375,-3.637978807091713e-12,-1.1132179317998449e-15
throw_pillow,sticky_notes,s004,zoom,naked,1901.7421875000036,348.8002232141298,2250.5424107141225,-1.0913936421275139e-11,-4.849469340954108e-15
throw_pillow,calculator,s004,zoom,naked,1901.7421875000036,0,1901.7421875000036,0,0
throw_pillow,space_heater,s004,zoom,naked,1901.7421875000036,5489.831250000003,7011.2249999999985,-380.348437500008,-0.0514570328923973
throw_pillow,desk_plant,s004,zoom,naked,1901.7421875000036,0,1901.7421875000036,0,0
throw_pillow,headset,s004,zoom,naked,1901.7421875000036,2495.6678571423763,4263.169419642378,-134.24062500000218,-0.03052720206603324
throw_pillow,nes_console,s004,zoom,naked,1901.7421875000036,0,1901.7421875000036,0,0
throw_pillow,gameboy,s004,zoom,naked,1901.7421875000036,1247.8339285706243,3082.4558035706286,-67.12031249999927,-0.021310903444282447
throw_pillow,red_rug,s004,zoom,naked,1901.7421875000036,0,1901.7421875000036,0,0
throw_pillow,second_monitor,s004,zoom,naked,1901.7421875000036,0,1901.7421875000036,0,0
throw_pillow,toaster,s004,zoom,naked,1901.7421875000036,-1615.5707142858737,583.3739732141294,297.2024999999994,0.08449703176794367
throw_pillow,nightstand,s004,zoom,naked,1901.7421875000036,0,1901.7421875000036,0,0
throw_pillow,desk_speakers,s004,zoom,naked,1901.7421875000036,0,1901.7421875000036,0,0
throw_pillow,bookshelf,s004,zoom,naked,1901.7421875000036,0,1901.7421875000036,0,0
lava_lamp,comfort_bed,s004,zoom,naked,280.69754464237485,1366.2421875,1646.9397321423785,3.637978807091713e-12,2.2089325651032486e-15
lava_lamp,sticky_notes,s004,zoom,naked,280.69754464237485,348.8002232141298,699.6721540173749,70.1743861608702,0.11147678315019316
lava_lamp,calculator,s004,zoom,naked,280.69754464237485,0,280.69754464237485,0,0
lava_lamp,space_heater,s004,zoom,naked,280.69754464237485,5489.831250000003,5770.528794642378,0,0
lava_lamp,desk_plant,s004,zoom,naked,280.69754464237485,0,280.69754464237485,0,0
lava_lamp,headset,s004,zoom,naked,280.69754464237485,2495.6678571423763,2888.6444196423763,112.27901785762515,0.040441008876370525
lava_lamp,nes_console,s004,zoom,naked,280.69754464237485,0,280.69754464237485,0,0
lava_lamp,gameboy,s004,zoom,naked,280.69754464237485,1247.8339285706243,1584.6709821423756,56.13950892937646,0.03672774156973704
lava_lamp,red_rug,s004,zoom,naked,280.69754464237485,0,280.69754464237485,0,0
lava_lamp,second_monitor,s004,zoom,naked,280.69754464237485,0,280.69754464237485,0,0
lava_lamp,toaster,s004,zoom,naked,280.69754464237485,-1615.5707142858737,-1124.6347767858751,210.2383928576237,0.11086954172636328
lava_lamp,nightstand,s004,zoom,naked,280.69754464237485,0,280.69754464237485,0,0
lava_lamp,desk_speakers,s004,zoom,naked,280.69754464237485,0,280.69754464237485,0,0
lava_lamp,bookshelf,s004,zoom,naked,280.69754464237485,0,280.69754464237485,0,0
comfort_bed,sticky_notes,s004,zoom,naked,1366.2421875,348.8002232141298,1715.0424107141262,-3.637978807091713e-12,-2.121217985260719e-15
comfort_bed,calculator,s004,zoom,naked,1366.2421875,0,1366.2421875,0,0
comfort_bed,space_heater,s004,zoom,naked,1366.2421875,5489.831250000003,6582.825000000001,-273.2484375000022,-0.03985494612782903
comfort_bed,desk_plant,s004,zoom,naked,1366.2421875,0,1366.2421875,0,0
comfort_bed,headset,s004,zoom,naked,1366.2421875,2495.6678571423763,3765.469419642377,-96.44062499999927,-0.02497226084636312
comfort_bed,nes_console,s004,zoom,naked,1366.2421875,0,1366.2421875,0,0
comfort_bed,gameboy,s004,zoom,naked,1366.2421875,1247.8339285706243,2565.85580357063,-48.22031249999418,-0.018446407204269568
comfort_bed,red_rug,s004,zoom,naked,1366.2421875,0,1366.2421875,0,0
comfort_bed,second_monitor,s004,zoom,naked,1366.2421875,0,1366.2421875,0,0
comfort_bed,toaster,s004,zoom,naked,1366.2421875,-1615.5707142858737,-358.627901785876,-109.29937500000233,-0.03665534310839574
comfort_bed,nightstand,s004,zoom,naked,1366.2421875,0,1366.2421875,0,0
comfort_bed,desk_speakers,s004,zoom,naked,1366.2421875,0,1366.2421875,0,0
comfort_bed,bookshelf,s004,zoom,naked,1366.2421875,0,1366.2421875,0,0
sticky_notes,calculator,s004,zoom,naked,348.8002232141298,0,348.8002232141298,0,0
sticky_notes,space_heater,s004,zoom,naked,348.8002232141298,5489.831250000003,5838.631473214125,-7.275957614183426e-12,-1.2461751777900882e-15
sticky_notes,desk_plant,s004,zoom,naked,348.8002232141298,0,348.8002232141298,0,0
sticky_notes,headset,s004,zoom,naked,348.8002232141298,2495.6678571423763,2983.9881696423763,139.5200892858702,0.049049623811698286
sticky_notes,nes_console,s004,zoom,naked,348.8002232141298,0,348.8002232141298,0,0
sticky_notes,gameboy,s004,zoom,naked,348.8002232141298,1247.8339285706243,1666.3941964282494,69.76004464349535,0.0436919406775284
sticky_notes,red_rug,s004,zoom,naked,348.8002232141298,0,348.8002232141298,0,0
sticky_notes,second_monitor,s004,zoom,naked,348.8002232141298,0,348.8002232141298,0,0
sticky_notes,toaster,s004,zoom,naked,348.8002232141298,-1615.5707142858737,-1088.4981696434988,178.27232142824505,0.09075288074416685
sticky_notes,nightstand,s004,zoom,naked,348.8002232141298,0,348.8002232141298,0,0
sticky_notes,desk_speakers,s004,zoom,naked,348.8002232141298,0,348.8002232141298,0,0
sticky_notes,bookshelf,s004,zoom,naked,348.8002232141298,0,348.8002232141298,0,0
calculator,space_heater,s004,zoom,naked,0,5489.831250000003,5489.831250000003,0,0
calculator,desk_plant,s004,zoom,naked,0,0,0,0,0
calculator,headset,s004,zoom,naked,0,2495.6678571423763,2495.6678571423763,0,0
calculator,nes_console,s004,zoom,naked,0,0,0,0,0
calculator,gameboy,s004,zoom,naked,0,1247.8339285706243,1247.8339285706243,0,0
calculator,red_rug,s004,zoom,naked,0,0,0,0,0
calculator,second_monitor,s004,zoom,naked,0,0,0,0,0
calculator,toaster,s004,zoom,naked,0,-1615.5707142858737,-1615.5707142858737,0,0
calculator,nightstand,s004,zoom,naked,0,0,0,0,0
calculator,desk_speakers,s004,zoom,naked,0,0,0,0,0
calculator,bookshelf,s004,zoom,naked,0,0,0,0,0
space_heater,desk_plant,s004,zoom,naked,5489.831250000003,0,5489.831250000003,0,0
space_heater,headset,s004,zoom,naked,5489.831250000003,2495.6678571423763,7597.981607142374,-387.5175000000054,-0.0485276492803565
space_heater,nes_console,s004,zoom,naked,5489.831250000003,0,5489.831250000003,0,0
space_heater,gameboy,s004,zoom,naked,5489.831250000003,1247.8339285706243,6543.906428570626,-193.75875000000087,-0.028757551000939786
space_heater,red_rug,s004,zoom,naked,5489.831250000003,0,5489.831250000003,0,0
space_heater,second_monitor,s004,zoom,naked,5489.831250000003,0,5489.831250000003,0,0
space_heater,toaster,s004,zoom,naked,5489.831250000003,-1615.5707142858737,4339.992535714126,465.73199999999633,0.06554618617509902
space_heater,nightstand,s004,zoom,naked,5489.831250000003,0,5489.831250000003,0,0
space_heater,desk_speakers,s004,zoom,naked,5489.831250000003,0,5489.831250000003,0,0
space_heater,bookshelf,s004,zoom,naked,5489.831250000003,0,5489.831250000003,0,0
desk_plant,headset,s004,zoom,naked,0,2495.6678571423763,2495.6678571423763,0,0
desk_plant,nes_console,s004,zoom,naked,0,0,0,0,0
desk_plant,gameboy,s004,zoom,naked,0,1247.8339285706243,1247.8339285706243,0,0
desk_plant,red_rug,s004,zoom,naked,0,0,0,0,0
desk_plant,second_monitor,s004,zoom,naked,0,0,0,0,0
desk_plant,toaster,s004,zoom,naked,0,-1615.5707142858737,-1615.5707142858737,0,0
desk_plant,nightstand,s004,zoom,naked,0,0,0,0,0
desk_plant,desk_speakers,s004,zoom,naked,0,0,0,0,0
desk_plant,bookshelf,s004,zoom,naked,0,0,0,0,0
headset,nes_console,s004,zoom,naked,2495.6678571423763,0,2495.6678571423763,0,0
headset,gameboy,s004,zoom,naked,2495.6678571423763,1247.8339285706243,3743.5017857141247,1.1241354513913393e-9,3.002898130519343e-13
headset,red_rug,s004,zoom,naked,2495.6678571423763,0,2495.6678571423763,0,0
headset,second_monitor,s004,zoom,naked,2495.6678571423763,0,2495.6678571423763,0,0
headset,toaster,s004,zoom,naked,2495.6678571423763,-1615.5707142858737,1329.7088571423774,449.61171428587477,0.10936162095056406
headset,nightstand,s004,zoom,naked,2495.6678571423763,0,2495.6678571423763,0,0
headset,desk_speakers,s004,zoom,naked,2495.6678571423763,0,2495.6678571423763,0,0
headset,bookshelf,s004,zoom,naked,2495.6678571423763,0,2495.6678571423763,0,0
nes_console,gameboy,s004,zoom,naked,0,1247.8339285706243,1247.8339285706243,0,0
nes_console,red_rug,s004,zoom,naked,0,0,0,0,0
nes_console,second_monitor,s004,zoom,naked,0,0,0,0,0
nes_console,toaster,s004,zoom,naked,0,-1615.5707142858737,-1615.5707142858737,0,0
nes_console,nightstand,s004,zoom,naked,0,0,0,0,0
nes_console,desk_speakers,s004,zoom,naked,0,0,0,0,0
nes_console,bookshelf,s004,zoom,naked,0,0,0,0,0
gameboy,red_rug,s004,zoom,naked,1247.8339285706243,0,1247.8339285706243,0,0
gameboy,second_monitor,s004,zoom,naked,1247.8339285706243,0,1247.8339285706243,0,0
gameboy,toaster,s004,zoom,naked,1247.8339285706243,-1615.5707142858737,-142.93092857174634,224.8058571435031,0.07850998555315587
gameboy,nightstand,s004,zoom,naked,1247.8339285706243,0,1247.8339285706243,0,0
gameboy,desk_speakers,s004,zoom,naked,1247.8339285706243,0,1247.8339285706243,0,0
gameboy,bookshelf,s004,zoom,naked,1247.8339285706243,0,1247.8339285706243,0,0
red_rug,second_monitor,s004,zoom,naked,0,0,0,0,0
red_rug,toaster,s004,zoom,naked,0,-1615.5707142858737,-1615.5707142858737,0,0
red_rug,nightstand,s004,zoom,naked,0,0,0,0,0
red_rug,desk_speakers,s004,zoom,naked,0,0,0,0,0
red_rug,bookshelf,s004,zoom,naked,0,0,0,0,0
second_monitor,toaster,s004,zoom,naked,0,-1615.5707142858737,-1615.5707142858737,0,0
second_monitor,nightstand,s004,zoom,naked,0,0,0,0,0
second_monitor,desk_speakers,s004,zoom,naked,0,0,0,0,0
second_monitor,bookshelf,s004,zoom,naked,0,0,0,0,0
toaster,nightstand,s004,zoom,naked,-1615.5707142858737,0,-1615.5707142858737,0,0
toaster,desk_speakers,s004,zoom,naked,-1615.5707142858737,0,-1615.5707142858737,0,0
toaster,bookshelf,s004,zoom,naked,-1615.5707142858737,0,-1615.5707142858737,0,0
nightstand,desk_speakers,s004,zoom,naked,0,0,0,0,0
nightstand,bookshelf,s004,zoom,naked,0,0,0,0,0
desk_speakers,bookshelf,s004,zoom,naked,0,0,0,0,0
wall_hanger,mirror,s004,zoom,capped,1643.002028397561,0,1643.002028397561,0,0
wall_hanger,corkboard,s004,zoom,capped,1643.002028397561,2017.9122718053368,3825.214503042598,164.30020283970043,0.04487955449560632
wall_hanger,stack_of_books,s004,zoom,capped,1643.002028397561,470.65162271805,2113.65365111561,-9.094947017729282e-13,-4.302950491878773e-16
wall_hanger,throw_pillow,s004,zoom,capped,1643.002028397561,120.93749999999909,1763.939528397561,9.094947017729282e-13,5.156042410360593e-16
wall_hanger,lava_lamp,s004,zoom,capped,1643.002028397561,738.0673174442245,2381.0693458417863,9.094947017729282e-13,3.8196901042014476e-16
wall_hanger,comfort_bed,s004,zoom,capped,1643.002028397561,428.6249999999991,2071.627028397561,9.094947017729282e-13,4.3902434622917544e-16
wall_hanger,sticky_notes,s004,zoom,capped,1643.002028397561,3405.093179513173,5458.845715010548,410.75050709981406,0.08136742477759493
wall_hanger,calculator,s004,zoom,capped,1643.002028397561,5552.726211980549,7780.905668632049,585.1774282539391,0.08132289168041039
wall_hanger,space_heater,s004,zoom,capped,1643.002028397561,1311.75,2954.752028397561,0,0
wall_hanger,desk_plant,s004,zoom,capped,1643.002028397561,0,1643.002028397561,0,0
wall_hanger,headset,s004,zoom,capped,1643.002028397561,2421.4947261663365,4261.656997971675,197.16024340777767,0.04850791015797775
wall_hanger,nes_console,s004,zoom,capped,1643.002028397561,0,1643.002028397561,0,0
wall_hanger,gameboy,s004,zoom,capped,1643.002028397561,1210.7473630832246,2952.3295131846735,98.58012170388793,0.03454407103797421
wall_hanger,red_rug,s004,zoom,capped,1643.002028397561,0,1643.002028397561,0,0
wall_hanger,second_monitor,s004,zoom,capped,1643.002028397561,0,1643.002028397561,0,0
wall_hanger,toaster,s004,zoom,capped,1643.002028397561,2481.5578600406243,4672.227231236924,547.6673427987389,0.13278200768376278
wall_hanger,nightstand,s004,zoom,capped,1643.002028397561,0,1643.002028397561,0,0
wall_hanger,desk_speakers,s004,zoom,capped,1643.002028397561,0,1643.002028397561,0,0
wall_hanger,bookshelf,s004,zoom,capped,1643.002028397561,0,1643.002028397561,0,0
mirror,corkboard,s004,zoom,capped,0,2017.9122718053368,2017.9122718053368,0,0
mirror,stack_of_books,s004,zoom,capped,0,470.65162271805,470.65162271805,0,0
mirror,throw_pillow,s004,zoom,capped,0,120.93749999999909,120.93749999999909,0,0
mirror,lava_lamp,s004,zoom,capped,0,738.0673174442245,738.0673174442245,0,0
mirror,comfort_bed,s004,zoom,capped,0,428.6249999999991,428.6249999999991,0,0
mirror,sticky_notes,s004,zoom,capped,0,3405.093179513173,3405.093179513173,0,0
mirror,calculator,s004,zoom,capped,0,5552.726211980549,5552.726211980549,0,0
mirror,space_heater,s004,zoom,capped,0,1311.75,1311.75,0,0
mirror,desk_plant,s004,zoom,capped,0,0,0,0,0
mirror,headset,s004,zoom,capped,0,2421.4947261663365,2421.4947261663365,0,0
mirror,nes_console,s004,zoom,capped,0,0,0,0,0
mirror,gameboy,s004,zoom,capped,0,1210.7473630832246,1210.7473630832246,0,0
mirror,red_rug,s004,zoom,capped,0,0,0,0,0
mirror,second_monitor,s004,zoom,capped,0,0,0,0,0
mirror,toaster,s004,zoom,capped,0,2481.5578600406243,2481.5578600406243,0,0
mirror,nightstand,s004,zoom,capped,0,0,0,0,0
mirror,desk_speakers,s004,zoom,capped,0,0,0,0,0
mirror,bookshelf,s004,zoom,capped,0,0,0,0,0
corkboard,stack_of_books,s004,zoom,capped,2017.9122718053368,470.65162271805,2535.6290567951237,47.06516227173688,0.018912579409881242
corkboard,throw_pillow,s004,zoom,capped,2017.9122718053368,120.93749999999909,2126.7560218053386,-12.093749999997272,-0.005654324188364719
corkboard,lava_lamp,s004,zoom,capped,2017.9122718053368,738.0673174442245,2829.7863209939605,73.80673174439926,0.026780579955055634
corkboard,comfort_bed,s004,zoom,capped,2017.9122718053368,428.6249999999991,2403.6747718053375,-42.86249999999836,-0.017519659517947785
corkboard,sticky_notes,s004,zoom,capped,2017.9122718053368,3405.093179513173,5763.514769269426,340.50931795091674,0.06278977976467419
corkboard,calculator,s004,zoom,capped,2017.9122718053368,5552.726211980549,7642.555883932049,71.91740014616335,0.009499515833464981
corkboard,space_heater,s004,zoom,capped,2017.9122718053368,1311.75,3198.487271805334,-131.1750000000029,-0.03939588741799932
corkboard,desk_plant,s004,zoom,capped,2017.9122718053368,0,2017.9122718053368,0,0
corkboard,headset,s004,zoom,capped,2017.9122718053368,2421.4947261663365,4439.406997971673,0,0
corkboard,nes_console,s004,zoom,capped,2017.9122718053368,0,2017.9122718053368,0,0
corkboard,gameboy,s004,zoom,capped,2017.9122718053368,1210.7473630832246,3228.6596348884486,-1.127773430198431e-10,-3.493008113992036e-14
corkboard,red_rug,s004,zoom,capped,2017.9122718053368,0,2017.9122718053368,0,0
corkboard,second_monitor,s004,zoom,capped,2017.9122718053368,0,2017.9122718053368,0,0
corkboard,toaster,s004,zoom,capped,2017.9122718053368,2481.5578600406243,4849.6409178498,350.17078600383866,0.07782489398594516
corkboard,nightstand,s004,zoom,capped,2017.9122718053368,0,2017.9122718053368,0,0
corkboard,desk_speakers,s004,zoom,capped,2017.9122718053368,0,2017.9122718053368,0,0
corkboard,bookshelf,s004,zoom,capped,2017.9122718053368,0,2017.9122718053368,0,0
stack_of_books,throw_pillow,s004,zoom,capped,470.65162271805,120.93749999999909,591.5891227180482,-9.094947017729282e-13,-1.5373756325915287e-15
stack_of_books,lava_lamp,s004,zoom,capped,470.65162271805,738.0673174442245,1614.6559647565864,405.9370245943119,0.3358407079645939
stack_of_books,comfort_bed,s004,zoom,capped,470.65162271805,428.6249999999991,899.2766227180491,0,0
stack_of_books,sticky_notes,s004,zoom,capped,470.65162271805,3405.093179513173,3993.4077079107374,117.66290567951455,0.030358785648574523
stack_of_books,calculator,s004,zoom,capped,470.65162271805,5552.726211980549,6069.910075900423,46.532241201824036,0.00772527350580066
stack_of_books,space_heater,s004,zoom,capped,470.65162271805,1311.75,1782.401622718049,-9.094947017729282e-13,-5.102636185810952e-16
stack_of_books,desk_plant,s004,zoom,capped,470.65162271805,0,470.65162271805,0,0
stack_of_books,headset,s004,zoom,capped,470.65162271805,2421.4947261663365,2948.624543610562,56.47819472617539,0.019528124760339747
stack_of_books,nes_console,s004,zoom,capped,470.65162271805,0,470.65162271805,0,0
stack_of_books,gameboy,s004,zoom,capped,470.65162271805,1210.7473630832246,1709.638083164362,28.23909736308724,0.01679500083059098
stack_of_books,red_rug,s004,zoom,capped,470.65162271805,0,470.65162271805,0,0
stack_of_books,second_monitor,s004,zoom,capped,470.65162271805,0,470.65162271805,0,0
stack_of_books,toaster,s004,zoom,capped,470.65162271805,2481.5578600406243,3131.0570993915244,178.84761663285008,0.06058093698206233
stack_of_books,nightstand,s004,zoom,capped,470.65162271805,0,470.65162271805,0,0
stack_of_books,desk_speakers,s004,zoom,capped,470.65162271805,0,470.65162271805,0,0
stack_of_books,bookshelf,s004,zoom,capped,470.65162271805,0,470.65162271805,0,0
throw_pillow,lava_lamp,s004,zoom,capped,120.93749999999909,738.0673174442245,859.0048174442245,9.094947017729282e-13,1.0587771841360866e-15
throw_pillow,comfort_bed,s004,zoom,capped,120.93749999999909,428.6249999999991,549.5624999999991,9.094947017729282e-13,1.6549431625573638e-15
throw_pillow,sticky_notes,s004,zoom,capped,120.93749999999909,3405.093179513173,3526.0306795131746,2.7284841053187847e-12,7.738117881877017e-16
throw_pillow,calculator,s004,zoom,capped,120.93749999999909,5552.726211980549,5552.726211980549,-120.93749999999909,-0.021315591853748154
throw_pillow,space_heater,s004,zoom,capped,120.93749999999909,1311.75,1408.4999999999982,-24.18750000000091,-0.016882606988614702
throw_pillow,desk_plant,s004,zoom,capped,120.93749999999909,0,120.93749999999909,0,0
throw_pillow,headset,s004,zoom,capped,120.93749999999909,2421.4947261663365,2527.9197261663376,-14.512499999997999,-0.005708116759470519
throw_pillow,nes_console,s004,zoom,capped,120.93749999999909,0,120.93749999999909,0,0
throw_pillow,gameboy,s004,zoom,capped,120.93749999999909,1210.7473630832246,1324.4286130832243,-7.256249999999454,-0.005448924292192675
throw_pillow,red_rug,s004,zoom,capped,120.93749999999909,0,120.93749999999909,0,0
throw_pillow,second_monitor,s004,zoom,capped,120.93749999999909,0,120.93749999999909,0,0
throw_pillow,toaster,s004,zoom,capped,120.93749999999909,2481.5578600406243,2621.395360040624,18.900000000000546,0.007262260786395995
throw_pillow,nightstand,s004,zoom,capped,120.93749999999909,0,120.93749999999909,0,0
throw_pillow,desk_speakers,s004,zoom,capped,120.93749999999909,0,120.93749999999909,0,0
throw_pillow,bookshelf,s004,zoom,capped,120.93749999999909,0,120.93749999999909,0,0
lava_lamp,comfort_bed,s004,zoom,capped,738.0673174442245,428.6249999999991,1166.6923174442236,0,0
lava_lamp,sticky_notes,s004,zoom,capped,738.0673174442245,3405.093179513173,4327.677326318175,184.5168293607776,0.044535283993048486
lava_lamp,calculator,s004,zoom,capped,738.0673174442245,5552.726211980549,6318.662900204923,27.86937078014944,0.004430183672344719
lava_lamp,space_heater,s004,zoom,capped,738.0673174442245,1311.75,2049.8173174442236,-9.094947017729282e-13,-4.436954913167161e-16
lava_lamp,desk_plant,s004,zoom,capped,738.0673174442245,0,738.0673174442245,0,0
lava_lamp,headset,s004,zoom,capped,738.0673174442245,2421.4947261663365,3248.1301217038854,88.5680780933244,0.02803175784201852
lava_lamp,nes_console,s004,zoom,capped,738.0673174442245,0,738.0673174442245,0,0
lava_lamp,gameboy,s004,zoom,capped,738.0673174442245,1210.7473630832246,1993.0987195741109,44.284039046661746,0.022723576279031425
lava_lamp,red_rug,s004,zoom,capped,738.0673174442245,0,738.0673174442245,0,0
lava_lamp,second_monitor,s004,zoom,capped,738.0673174442245,0,738.0673174442245,0,0
lava_lamp,toaster,s004,zoom,capped,738.0673174442245,2481.5578600406243,3772.4269016227518,552.801724137903,0.17169754044778227
lava_lamp,nightstand,s004,zoom,capped,738.0673174442245,0,738.0673174442245,0,0
lava_lamp,desk_speakers,s004,zoom,capped,738.0673174442245,0,738.0673174442245,0,0
lava_lamp,bookshelf,s004,zoom,capped,738.0673174442245,0,738.0673174442245,0,0
comfort_bed,sticky_notes,s004,zoom,capped,428.6249999999991,3405.093179513173,3833.7181795131746,2.7284841053187847e-12,7.117070106768421e-16
comfort_bed,calculator,s004,zoom,capped,428.6249999999991,5552.726211980549,5882.859279866923,-98.4919321136249,-0.01646650207002511
comfort_bed,space_heater,s004,zoom,capped,428.6249999999991,1311.75,1654.6499999999996,-85.72499999999945,-0.049256625727213676
comfort_bed,desk_plant,s004,zoom,capped,428.6249999999991,0,428.6249999999991,0,0
comfort_bed,headset,s004,zoom,capped,428.6249999999991,2421.4947261663365,2798.684726166337,-51.43499999999858,-0.018046610297730626
comfort_bed,nes_console,s004,zoom,capped,428.6249999999991,0,428.6249999999991,0,0
comfort_bed,gameboy,s004,zoom,capped,428.6249999999991,1210.7473630832246,1613.654863083224,-25.717499999999745,-0.01568740609463
comfort_bed,red_rug,s004,zoom,capped,428.6249999999991,0,428.6249999999991,0,0
comfort_bed,second_monitor,s004,zoom,capped,428.6249999999991,0,428.6249999999991,0,0
comfort_bed,toaster,s004,zoom,capped,428.6249999999991,2481.5578600406243,2875.8928600406252,-34.289999999998145,-0.011782764743353442
comfort_bed,nightstand,s004,zoom,capped,428.6249999999991,0,428.6249999999991,0,0
comfort_bed,desk_speakers,s004,zoom,capped,428.6249999999991,0,428.6249999999991,0,0
comfort_bed,bookshelf,s004,zoom,capped,428.6249999999991,0,428.6249999999991,0,0
sticky_notes,calculator,s004,zoom,capped,3405.093179513173,5552.726211980549,9878.56978271355,920.7503912198281,0.10278733595523992
sticky_notes,space_heater,s004,zoom,capped,3405.093179513173,1311.75,4716.843179513175,1.8189894035458565e-12,3.856370318704543e-16
sticky_notes,desk_plant,s004,zoom,capped,3405.093179513173,0,3405.093179513173,0,0
sticky_notes,headset,s004,zoom,capped,3405.093179513173,2421.4947261663365,6235.199087220675,408.61118154116593,0.07012872510562643
sticky_notes,nes_console,s004,zoom,capped,3405.093179513173,0,3405.093179513173,0,0
sticky_notes,gameboy,s004,zoom,capped,3405.093179513173,1210.7473630832246,4820.146133366923,204.30559077052567,0.044261838961968204
sticky_notes,red_rug,s004,zoom,capped,3405.093179513173,0,3405.093179513173,0,0
sticky_notes,second_monitor,s004,zoom,capped,3405.093179513173,0,3405.093179513173,0,0
sticky_notes,toaster,s004,zoom,capped,3405.093179513173,2481.5578600406243,6634.559254563674,747.9082150098766,0.1270515629318784
sticky_notes,nightstand,s004,zoom,capped,3405.093179513173,0,3405.093179513173,0,0
sticky_notes,desk_speakers,s004,zoom,capped,3405.093179513173,0,3405.093179513173,0,0
sticky_notes,bookshelf,s004,zoom,capped,3405.093179513173,0,3405.093179513173,0,0
calculator,space_heater,s004,zoom,capped,5552.726211980549,1311.75,6490.5312825603,-373.94492942024954,-0.05447537698034478
calculator,desk_plant,s004,zoom,capped,5552.726211980549,0,5552.726211980549,0,0
calculator,headset,s004,zoom,capped,5552.726211980549,2421.4947261663365,8060.521818321675,86.3008801747892,0.010822484208074187
calculator,nes_console,s004,zoom,capped,5552.726211980549,0,5552.726211980549,0,0
calculator,gameboy,s004,zoom,capped,5552.726211980549,1210.7473630832246,6806.624015151672,43.15044008789846,0.006379922921114035
calculator,red_rug,s004,zoom,capped,5552.726211980549,0,5552.726211980549,0,0
calculator,second_monitor,s004,zoom,capped,5552.726211980549,0,5552.726211980549,0,0
calculator,toaster,s004,zoom,capped,5552.726211980549,2481.5578600406243,8650.9065088143,616.6224367931263,0.07674889651219459
calculator,nightstand,s004,zoom,capped,5552.726211980549,0,5552.726211980549,0,0
calculator,desk_speakers,s004,zoom,capped,5552.726211980549,0,5552.726211980549,0,0
calculator,bookshelf,s004,zoom,capped,5552.726211980549,0,5552.726211980549,0,0
space_heater,desk_plant,s004,zoom,capped,1311.75,0,1311.75,0,0
space_heater,headset,s004,zoom,capped,1311.75,2421.4947261663365,3575.8347261663366,-157.40999999999985,-0.04216439358949928
space_heater,nes_console,s004,zoom,capped,1311.75,0,1311.75,0,0
space_heater,gameboy,s004,zoom,capped,1311.75,1210.7473630832246,2443.7923630832247,-78.70499999999993,-0.031201221912795004
space_heater,red_rug,s004,zoom,capped,1311.75,0,1311.75,0,0
space_heater,second_monitor,s004,zoom,capped,1311.75,0,1311.75,0,0
space_heater,toaster,s004,zoom,capped,1311.75,2481.5578600406243,3895.3228600406237,102.01499999999942,0.026893414340197236
space_heater,nightstand,s004,zoom,capped,1311.75,0,1311.75,0,0
space_heater,desk_speakers,s004,zoom,capped,1311.75,0,1311.75,0,0
space_heater,bookshelf,s004,zoom,capped,1311.75,0,1311.75,0,0
desk_plant,headset,s004,zoom,capped,0,2421.4947261663365,2421.4947261663365,0,0
desk_plant,nes_console,s004,zoom,capped,0,0,0,0,0
desk_plant,gameboy,s004,zoom,capped,0,1210.7473630832246,1210.7473630832246,0,0
desk_plant,red_rug,s004,zoom,capped,0,0,0,0,0
desk_plant,second_monitor,s004,zoom,capped,0,0,0,0,0
desk_plant,toaster,s004,zoom,capped,0,2481.5578600406243,2481.5578600406243,0,0
desk_plant,nightstand,s004,zoom,capped,0,0,0,0,0
desk_plant,desk_speakers,s004,zoom,capped,0,0,0,0,0
desk_plant,bookshelf,s004,zoom,capped,0,0,0,0,0
headset,nes_console,s004,zoom,capped,2421.4947261663365,0,2421.4947261663365,0,0
headset,gameboy,s004,zoom,capped,2421.4947261663365,1210.7473630832246,3632.242089249561,0,0
headset,red_rug,s004,zoom,capped,2421.4947261663365,0,2421.4947261663365,0,0
headset,second_monitor,s004,zoom,capped,2421.4947261663365,0,2421.4947261663365,0,0
headset,toaster,s004,zoom,capped,2421.4947261663365,2481.5578600406243,5323.257529412174,420.20494320521357,0.08570272005389347
headset,nightstand,s004,zoom,capped,2421.4947261663365,0,2421.4947261663365,0,0
headset,desk_speakers,s004,zoom,capped,2421.4947261663365,0,2421.4947261663365,0,0
headset,bookshelf,s004,zoom,capped,2421.4947261663365,0,2421.4947261663365,0,0
nes_console,gameboy,s004,zoom,capped,0,1210.7473630832246,1210.7473630832246,0,0
nes_console,red_rug,s004,zoom,capped,0,0,0,0,0
nes_console,second_monitor,s004,zoom,capped,0,0,0,0,0
nes_console,toaster,s004,zoom,capped,0,2481.5578600406243,2481.5578600406243,0,0
nes_console,nightstand,s004,zoom,capped,0,0,0,0,0
nes_console,desk_speakers,s004,zoom,capped,0,0,0,0,0
nes_console,bookshelf,s004,zoom,capped,0,0,0,0,0
gameboy,red_rug,s004,zoom,capped,1210.7473630832246,0,1210.7473630832246,0,0
gameboy,second_monitor,s004,zoom,capped,1210.7473630832246,0,1210.7473630832246,0,0
gameboy,toaster,s004,zoom,capped,1210.7473630832246,2481.5578600406243,3902.4076947261747,210.10247160232575,0.056902790778648044
gameboy,nightstand,s004,zoom,capped,1210.7473630832246,0,1210.7473630832246,0,0
gameboy,desk_speakers,s004,zoom,capped,1210.7473630832246,0,1210.7473630832246,0,0
gameboy,bookshelf,s004,zoom,capped,1210.7473630832246,0,1210.7473630832246,0,0
red_rug,second_monitor,s004,zoom,capped,0,0,0,0,0
red_rug,toaster,s004,zoom,capped,0,2481.5578600406243,2481.5578600406243,0,0
red_rug,nightstand,s004,zoom,capped,0,0,0,0,0
red_rug,desk_speakers,s004,zoom,capped,0,0,0,0,0
red_rug,bookshelf,s004,zoom,capped,0,0,0,0,0
second_monitor,toaster,s004,zoom,capped,0,2481.5578600406243,2481.5578600406243,0,0
second_monitor,nightstand,s004,zoom,capped,0,0,0,0,0
second_monitor,desk_speakers,s004,zoom,capped,0,0,0,0,0
second_monitor,bookshelf,s004,zoom,capped,0,0,0,0,0
toaster,nightstand,s004,zoom,capped,2481.5578600406243,0,2481.5578600406243,0,0
toaster,desk_speakers,s004,zoom,capped,2481.5578600406243,0,2481.5578600406243,0,0
toaster,bookshelf,s004,zoom,capped,2481.5578600406243,0,2481.5578600406243,0,0
nightstand,desk_speakers,s004,zoom,capped,0,0,0,0,0
nightstand,bookshelf,s004,zoom,capped,0,0,0,0,0
desk_speakers,bookshelf,s004,zoom,capped,0,0,0,0,0
wall_hanger,mirror,s004,mtt,naked,0,0,0,0,0
wall_hanger,corkboard,s004,mtt,naked,0,435.3806054858674,435.3806054858674,0,0
wall_hanger,stack_of_books,s004,mtt,naked,0,0,0,0,0
wall_hanger,throw_pillow,s004,mtt,naked,0,0,0,0,0
wall_hanger,lava_lamp,s004,mtt,naked,0,0,0,0,0
wall_hanger,comfort_bed,s004,mtt,naked,0,0,0,0,0
wall_hanger,sticky_notes,s004,mtt,naked,0,0,0,0,0
wall_hanger,calculator,s004,mtt,naked,0,0,0,0,0
wall_hanger,space_heater,s004,mtt,naked,0,0,0,0,0
wall_hanger,desk_plant,s004,mtt,naked,0,0,0,0,0
wall_hanger,headset,s004,mtt,naked,0,0,0,0,0
wall_hanger,nes_console,s004,mtt,naked,0,0,0,0,0
wall_hanger,gameboy,s004,mtt,naked,0,0,0,0,0
wall_hanger,red_rug,s004,mtt,naked,0,0,0,0,0
wall_hanger,second_monitor,s004,mtt,naked,0,0,0,0,0
wall_hanger,toaster,s004,mtt,naked,0,0,0,0,0
wall_hanger,nightstand,s004,mtt,naked,0,0,0,0,0
wall_hanger,desk_speakers,s004,mtt,naked,0,435.3806054858674,435.3806054858674,0,0
wall_hanger,bookshelf,s004,mtt,naked,0,0,0,0,0
mirror,corkboard,s004,mtt,naked,0,435.3806054858674,435.3806054858674,0,0
mirror,stack_of_books,s004,mtt,naked,0,0,0,0,0
mirror,throw_pillow,s004,mtt,naked,0,0,0,0,0
mirror,lava_lamp,s004,mtt,naked,0,0,0,0,0
mirror,comfort_bed,s004,mtt,naked,0,0,0,0,0
mirror,sticky_notes,s004,mtt,naked,0,0,0,0,0
mirror,calculator,s004,mtt,naked,0,0,0,0,0
mirror,space_heater,s004,mtt,naked,0,0,0,0,0
mirror,desk_plant,s004,mtt,naked,0,0,0,0,0
mirror,headset,s004,mtt,naked,0,0,0,0,0
mirror,nes_console,s004,mtt,naked,0,0,0,0,0
mirror,gameboy,s004,mtt,naked,0,0,0,0,0
mirror,red_rug,s004,mtt,naked,0,0,0,0,0
mirror,second_monitor,s004,mtt,naked,0,0,0,0,0
mirror,toaster,s004,mtt,naked,0,0,0,0,0
mirror,nightstand,s004,mtt,naked,0,0,0,0,0
mirror,desk_speakers,s004,mtt,naked,0,435.3806054858674,435.3806054858674,0,0
mirror,bookshelf,s004,mtt,naked,0,0,0,0,0
corkboard,stack_of_books,s004,mtt,naked,435.3806054858674,0,435.3806054858674,0,0
corkboard,throw_pillow,s004,mtt,naked,435.3806054858674,0,435.3806054858674,0,0
corkboard,lava_lamp,s004,mtt,naked,435.3806054858674,0,435.3806054858674,0,0
corkboard,comfort_bed,s004,mtt,naked,435.3806054858674,0,435.3806054858674,0,0
corkboard,sticky_notes,s004,mtt,naked,435.3806054858674,0,435.3806054858674,0,0
corkboard,calculator,s004,mtt,naked,435.3806054858674,0,435.3806054858674,0,0
corkboard,space_heater,s004,mtt,naked,435.3806054858674,0,435.3806054858674,0,0
corkboard,desk_plant,s004,mtt,naked,435.3806054858674,0,435.3806054858674,0,0
corkboard,headset,s004,mtt,naked,435.3806054858674,0,435.3806054858674,0,0
corkboard,nes_console,s004,mtt,naked,435.3806054858674,0,435.3806054858674,0,0
corkboard,gameboy,s004,mtt,naked,435.3806054858674,0,435.3806054858674,0,0
corkboard,red_rug,s004,mtt,naked,435.3806054858674,0,435.3806054858674,0,0
corkboard,second_monitor,s004,mtt,naked,435.3806054858674,0,435.3806054858674,0,0
corkboard,toaster,s004,mtt,naked,435.3806054858674,0,435.3806054858674,0,0
corkboard,nightstand,s004,mtt,naked,435.3806054858674,0,435.3806054858674,0,0
corkboard,desk_speakers,s004,mtt,naked,435.3806054858674,435.3806054858674,1025.0614778791892,154.3002669074544,0.17720158519149173
corkboard,bookshelf,s004,mtt,naked,435.3806054858674,0,435.3806054858674,0,0
stack_of_books,throw_pillow,s004,mtt,naked,0,0,0,0,0
stack_of_books,lava_lamp,s004,mtt,naked,0,0,0,0,0
stack_of_books,comfort_bed,s004,mtt,naked,0,0,0,0,0
stack_of_books,sticky_notes,s004,mtt,naked,0,0,0,0,0
stack_of_books,calculator,s004,mtt,naked,0,0,0,0,0
stack_of_books,space_heater,s004,mtt,naked,0,0,0,0,0
stack_of_books,desk_plant,s004,mtt,naked,0,0,0,0,0
stack_of_books,headset,s004,mtt,naked,0,0,0,0,0
stack_of_books,nes_console,s004,mtt,naked,0,0,0,0,0
stack_of_books,gameboy,s004,mtt,naked,0,0,0,0,0
stack_of_books,red_rug,s004,mtt,naked,0,0,0,0,0
stack_of_books,second_monitor,s004,mtt,naked,0,0,0,0,0
stack_of_books,toaster,s004,mtt,naked,0,0,0,0,0
stack_of_books,nightstand,s004,mtt,naked,0,0,0,0,0
stack_of_books,desk_speakers,s004,mtt,naked,0,435.3806054858674,435.3806054858674,0,0
stack_of_books,bookshelf,s004,mtt,naked,0,0,0,0,0
throw_pillow,lava_lamp,s004,mtt,naked,0,0,0,0,0
throw_pillow,comfort_bed,s004,mtt,naked,0,0,0,0,0
throw_pillow,sticky_notes,s004,mtt,naked,0,0,0,0,0
throw_pillow,calculator,s004,mtt,naked,0,0,0,0,0
throw_pillow,space_heater,s004,mtt,naked,0,0,0,0,0
throw_pillow,desk_plant,s004,mtt,naked,0,0,0,0,0
throw_pillow,headset,s004,mtt,naked,0,0,0,0,0
throw_pillow,nes_console,s004,mtt,naked,0,0,0,0,0
throw_pillow,gameboy,s004,mtt,naked,0,0,0,0,0
throw_pillow,red_rug,s004,mtt,naked,0,0,0,0,0
throw_pillow,second_monitor,s004,mtt,naked,0,0,0,0,0
throw_pillow,toaster,s004,mtt,naked,0,0,0,0,0
throw_pillow,nightstand,s004,mtt,naked,0,0,0,0,0
throw_pillow,desk_speakers,s004,mtt,naked,0,435.3806054858674,435.3806054858674,0,0
throw_pillow,bookshelf,s004,mtt,naked,0,0,0,0,0
lava_lamp,comfort_bed,s004,mtt,naked,0,0,0,0,0
lava_lamp,sticky_notes,s004,mtt,naked,0,0,0,0,0
lava_lamp,calculator,s004,mtt,naked,0,0,0,0,0
lava_lamp,space_heater,s004,mtt,naked,0,0,0,0,0
lava_lamp,desk_plant,s004,mtt,naked,0,0,0,0,0
lava_lamp,headset,s004,mtt,naked,0,0,0,0,0
lava_lamp,nes_console,s004,mtt,naked,0,0,0,0,0
lava_lamp,gameboy,s004,mtt,naked,0,0,0,0,0
lava_lamp,red_rug,s004,mtt,naked,0,0,0,0,0
lava_lamp,second_monitor,s004,mtt,naked,0,0,0,0,0
lava_lamp,toaster,s004,mtt,naked,0,0,0,0,0
lava_lamp,nightstand,s004,mtt,naked,0,0,0,0,0
lava_lamp,desk_speakers,s004,mtt,naked,0,435.3806054858674,435.3806054858674,0,0
lava_lamp,bookshelf,s004,mtt,naked,0,0,0,0,0
comfort_bed,sticky_notes,s004,mtt,naked,0,0,0,0,0
comfort_bed,calculator,s004,mtt,naked,0,0,0,0,0
comfort_bed,space_heater,s004,mtt,naked,0,0,0,0,0
comfort_bed,desk_plant,s004,mtt,naked,0,0,0,0,0
comfort_bed,headset,s004,mtt,naked,0,0,0,0,0
comfort_bed,nes_console,s004,mtt,naked,0,0,0,0,0
comfort_bed,gameboy,s004,mtt,naked,0,0,0,0,0
comfort_bed,red_rug,s004,mtt,naked,0,0,0,0,0
comfort_bed,second_monitor,s004,mtt,naked,0,0,0,0,0
comfort_bed,toaster,s004,mtt,naked,0,0,0,0,0
comfort_bed,nightstand,s004,mtt,naked,0,0,0,0,0
comfort_bed,desk_speakers,s004,mtt,naked,0,435.3806054858674,435.3806054858674,0,0
comfort_bed,bookshelf,s004,mtt,naked,0,0,0,0,0
sticky_notes,calculator,s004,mtt,naked,0,0,0,0,0
sticky_notes,space_heater,s004,mtt,naked,0,0,0,0,0
sticky_notes,desk_plant,s004,mtt,naked,0,0,0,0,0
sticky_notes,headset,s004,mtt,naked,0,0,0,0,0
sticky_notes,nes_console,s004,mtt,naked,0,0,0,0,0
sticky_notes,gameboy,s004,mtt,naked,0,0,0,0,0
sticky_notes,red_rug,s004,mtt,naked,0,0,0,0,0
sticky_notes,second_monitor,s004,mtt,naked,0,0,0,0,0
sticky_notes,toaster,s004,mtt,naked,0,0,0,0,0
sticky_notes,nightstand,s004,mtt,naked,0,0,0,0,0
sticky_notes,desk_speakers,s004,mtt,naked,0,435.3806054858674,435.3806054858674,0,0
sticky_notes,bookshelf,s004,mtt,naked,0,0,0,0,0
calculator,space_heater,s004,mtt,naked,0,0,0,0,0
calculator,desk_plant,s004,mtt,naked,0,0,0,0,0
calculator,headset,s004,mtt,naked,0,0,0,0,0
calculator,nes_console,s004,mtt,naked,0,0,0,0,0
calculator,gameboy,s004,mtt,naked,0,0,0,0,0
calculator,red_rug,s004,mtt,naked,0,0,0,0,0
calculator,second_monitor,s004,mtt,naked,0,0,0,0,0
calculator,toaster,s004,mtt,naked,0,0,0,0,0
calculator,nightstand,s004,mtt,naked,0,0,0,0,0
calculator,desk_speakers,s004,mtt,naked,0,435.3806054858674,435.3806054858674,0,0
calculator,bookshelf,s004,mtt,naked,0,0,0,0,0
space_heater,desk_plant,s004,mtt,naked,0,0,0,0,0
space_heater,headset,s004,mtt,naked,0,0,0,0,0
space_heater,nes_console,s004,mtt,naked,0,0,0,0,0
space_heater,gameboy,s004,mtt,naked,0,0,0,0,0
space_heater,red_rug,s004,mtt,naked,0,0,0,0,0
space_heater,second_monitor,s004,mtt,naked,0,0,0,0,0
space_heater,toaster,s004,mtt,naked,0,0,0,0,0
space_heater,nightstand,s004,mtt,naked,0,0,0,0,0
space_heater,desk_speakers,s004,mtt,naked,0,435.3806054858674,435.3806054858674,0,0
space_heater,bookshelf,s004,mtt,naked,0,0,0,0,0
desk_plant,headset,s004,mtt,naked,0,0,0,0,0
desk_plant,nes_console,s004,mtt,naked,0,0,0,0,0
desk_plant,gameboy,s004,mtt,naked,0,0,0,0,0
desk_plant,red_rug,s004,mtt,naked,0,0,0,0,0
desk_plant,second_monitor,s004,mtt,naked,0,0,0,0,0
desk_plant,toaster,s004,mtt,naked,0,0,0,0,0
desk_plant,nightstand,s004,mtt,naked,0,0,0,0,0
desk_plant,desk_speakers,s004,mtt,naked,0,435.3806054858674,435.3806054858674,0,0
desk_plant,bookshelf,s004,mtt,naked,0,0,0,0,0
headset,nes_console,s004,mtt,naked,0,0,0,0,0
headset,gameboy,s004,mtt,naked,0,0,0,0,0
headset,red_rug,s004,mtt,naked,0,0,0,0,0
headset,second_monitor,s004,mtt,naked,0,0,0,0,0
headset,toaster,s004,mtt,naked,0,0,0,0,0
headset,nightstand,s004,mtt,naked,0,0,0,0,0
headset,desk_speakers,s004,mtt,naked,0,435.3806054858674,435.3806054858674,0,0
headset,bookshelf,s004,mtt,naked,0,0,0,0,0
nes_console,gameboy,s004,mtt,naked,0,0,0,0,0
nes_console,red_rug,s004,mtt,naked,0,0,0,0,0
nes_console,second_monitor,s004,mtt,naked,0,0,0,0,0
nes_console,toaster,s004,mtt,naked,0,0,0,0,0
nes_console,nightstand,s004,mtt,naked,0,0,0,0,0
nes_console,desk_speakers,s004,mtt,naked,0,435.3806054858674,435.3806054858674,0,0
nes_console,bookshelf,s004,mtt,naked,0,0,0,0,0
gameboy,red_rug,s004,mtt,naked,0,0,0,0,0
gameboy,second_monitor,s004,mtt,naked,0,0,0,0,0
gameboy,toaster,s004,mtt,naked,0,0,0,0,0
gameboy,nightstand,s004,mtt,naked,0,0,0,0,0
gameboy,desk_speakers,s004,mtt,naked,0,435.3806054858674,435.3806054858674,0,0
gameboy,bookshelf,s004,mtt,naked,0,0,0,0,0
red_rug,second_monitor,s004,mtt,naked,0,0,0,0,0
red_rug,toaster,s004,mtt,naked,0,0,0,0,0
red_rug,nightstand,s004,mtt,naked,0,0,0,0,0
red_rug,desk_speakers,s004,mtt,naked,0,435.3806054858674,435.3806054858674,0,0
red_rug,bookshelf,s004,mtt,naked,0,0,0,0,0
second_monitor,toaster,s004,mtt,naked,0,0,0,0,0
second_monitor,nightstand,s004,mtt,naked,0,0,0,0,0
second_monitor,desk_speakers,s004,mtt,naked,0,435.3806054858674,435.3806054858674,0,0
second_monitor,bookshelf,s004,mtt,naked,0,0,0,0,0
toaster,nightstand,s004,mtt,naked,0,0,0,0,0
toaster,desk_speakers,s004,mtt,naked,0,435.3806054858674,435.3806054858674,0,0
toaster,bookshelf,s004,mtt,naked,0,0,0,0,0
nightstand,desk_speakers,s004,mtt,naked,0,435.3806054858674,435.3806054858674,0,0
nightstand,bookshelf,s004,mtt,naked,0,0,0,0,0
desk_speakers,bookshelf,s004,mtt,naked,435.3806054858674,0,435.3806054858674,0,0
wall_hanger,mirror,s004,mtt,capped,0,0,0,0,0
wall_hanger,corkboard,s004,mtt,capped,0,1086.89702011787,1086.89702011787,0,0
wall_hanger,stack_of_books,s004,mtt,capped,0,0,0,0,0
wall_hanger,throw_pillow,s004,mtt,capped,0,0,0,0,0
wall_hanger,lava_lamp,s004,mtt,capped,0,0,0,0,0
wall_hanger,comfort_bed,s004,mtt,capped,0,0,0,0,0
wall_hanger,sticky_notes,s004,mtt,capped,0,0,0,0,0
wall_hanger,calculator,s004,mtt,capped,0,1141.715405268783,1141.715405268783,0,0
wall_hanger,space_heater,s004,mtt,capped,0,0,0,0,0
wall_hanger,desk_plant,s004,mtt,capped,0,0,0,0,0
wall_hanger,headset,s004,mtt,capped,0,0,0,0,0
wall_hanger,nes_console,s004,mtt,capped,0,0,0,0,0
wall_hanger,gameboy,s004,mtt,capped,0,0,0,0,0
wall_hanger,red_rug,s004,mtt,capped,0,0,0,0,0
wall_hanger,second_monitor,s004,mtt,capped,0,0,0,0,0
wall_hanger,toaster,s004,mtt,capped,0,0,0,0,0
wall_hanger,nightstand,s004,mtt,capped,0,0,0,0,0
wall_hanger,desk_speakers,s004,mtt,capped,0,1086.89702011787,1086.89702011787,0,0
wall_hanger,bookshelf,s004,mtt,capped,0,0,0,0,0
mirror,corkboard,s004,mtt,capped,0,1086.89702011787,1086.89702011787,0,0
mirror,stack_of_books,s004,mtt,capped,0,0,0,0,0
mirror,throw_pillow,s004,mtt,capped,0,0,0,0,0
mirror,lava_lamp,s004,mtt,capped,0,0,0,0,0
mirror,comfort_bed,s004,mtt,capped,0,0,0,0,0
mirror,sticky_notes,s004,mtt,capped,0,0,0,0,0
mirror,calculator,s004,mtt,capped,0,1141.715405268783,1141.715405268783,0,0
mirror,space_heater,s004,mtt,capped,0,0,0,0,0
mirror,desk_plant,s004,mtt,capped,0,0,0,0,0
mirror,headset,s004,mtt,capped,0,0,0,0,0
mirror,nes_console,s004,mtt,capped,0,0,0,0,0
mirror,gameboy,s004,mtt,capped,0,0,0,0,0
mirror,red_rug,s004,mtt,capped,0,0,0,0,0
mirror,second_monitor,s004,mtt,capped,0,0,0,0,0
mirror,toaster,s004,mtt,capped,0,0,0,0,0
mirror,nightstand,s004,mtt,capped,0,0,0,0,0
mirror,desk_speakers,s004,mtt,capped,0,1086.89702011787,1086.89702011787,0,0
mirror,bookshelf,s004,mtt,capped,0,0,0,0,0
corkboard,stack_of_books,s004,mtt,capped,1086.89702011787,0,1086.89702011787,0,0
corkboard,throw_pillow,s004,mtt,capped,1086.89702011787,0,1086.89702011787,0,0
corkboard,lava_lamp,s004,mtt,capped,1086.89702011787,0,1086.89702011787,0,0
corkboard,comfort_bed,s004,mtt,capped,1086.89702011787,0,1086.89702011787,0,0
corkboard,sticky_notes,s004,mtt,capped,1086.89702011787,0,1086.89702011787,0,0
corkboard,calculator,s004,mtt,capped,1086.89702011787,1141.715405268783,2241.7605027307163,13.148077344063495,0.005899669765047806
corkboard,space_heater,s004,mtt,capped,1086.89702011787,0,1086.89702011787,0,0
corkboard,desk_plant,s004,mtt,capped,1086.89702011787,0,1086.89702011787,0,0
corkboard,headset,s004,mtt,capped,1086.89702011787,0,1086.89702011787,0,0
corkboard,nes_console,s004,mtt,capped,1086.89702011787,0,1086.89702011787,0,0
corkboard,gameboy,s004,mtt,capped,1086.89702011787,0,1086.89702011787,0,0
corkboard,red_rug,s004,mtt,capped,1086.89702011787,0,1086.89702011787,0,0
corkboard,second_monitor,s004,mtt,capped,1086.89702011787,0,1086.89702011787,0,0
corkboard,toaster,s004,mtt,capped,1086.89702011787,0,1086.89702011787,0,0
corkboard,nightstand,s004,mtt,capped,1086.89702011787,0,1086.89702011787,0,0
corkboard,desk_speakers,s004,mtt,capped,1086.89702011787,1086.89702011787,2186.7096338802394,12.915593644499495,0.005941498322950065
corkboard,bookshelf,s004,mtt,capped,1086.89702011787,0,1086.89702011787,0,0
stack_of_books,throw_pillow,s004,mtt,capped,0,0,0,0,0
stack_of_books,lava_lamp,s004,mtt,capped,0,0,0,0,0
stack_of_books,comfort_bed,s004,mtt,capped,0,0,0,0,0
stack_of_books,sticky_notes,s004,mtt,capped,0,0,0,0,0
stack_of_books,calculator,s004,mtt,capped,0,1141.715405268783,1141.715405268783,0,0
stack_of_books,space_heater,s004,mtt,capped,0,0,0,0,0
stack_of_books,desk_plant,s004,mtt,capped,0,0,0,0,0
stack_of_books,headset,s004,mtt,capped,0,0,0,0,0
stack_of_books,nes_console,s004,mtt,capped,0,0,0,0,0
stack_of_books,gameboy,s004,mtt,capped,0,0,0,0,0
stack_of_books,red_rug,s004,mtt,capped,0,0,0,0,0
stack_of_books,second_monitor,s004,mtt,capped,0,0,0,0,0
stack_of_books,toaster,s004,mtt,capped,0,0,0,0,0
stack_of_books,nightstand,s004,mtt,capped,0,0,0,0,0
stack_of_books,desk_speakers,s004,mtt,capped,0,1086.89702011787,1086.89702011787,0,0
stack_of_books,bookshelf,s004,mtt,capped,0,0,0,0,0
throw_pillow,lava_lamp,s004,mtt,capped,0,0,0,0,0
throw_pillow,comfort_bed,s004,mtt,capped,0,0,0,0,0
throw_pillow,sticky_notes,s004,mtt,capped,0,0,0,0,0
throw_pillow,calculator,s004,mtt,capped,0,1141.715405268783,1141.715405268783,0,0
throw_pillow,space_heater,s004,mtt,capped,0,0,0,0,0
throw_pillow,desk_plant,s004,mtt,capped,0,0,0,0,0
throw_pillow,headset,s004,mtt,capped,0,0,0,0,0
throw_pillow,nes_console,s004,mtt,capped,0,0,0,0,0
throw_pillow,gameboy,s004,mtt,capped,0,0,0,0,0
throw_pillow,red_rug,s004,mtt,capped,0,0,0,0,0
throw_pillow,second_monitor,s004,mtt,capped,0,0,0,0,0
throw_pillow,toaster,s004,mtt,capped,0,0,0,0,0
throw_pillow,nightstand,s004,mtt,capped,0,0,0,0,0
throw_pillow,desk_speakers,s004,mtt,capped,0,1086.89702011787,1086.89702011787,0,0
throw_pillow,bookshelf,s004,mtt,capped,0,0,0,0,0
lava_lamp,comfort_bed,s004,mtt,capped,0,0,0,0,0
lava_lamp,sticky_notes,s004,mtt,capped,0,0,0,0,0
lava_lamp,calculator,s004,mtt,capped,0,1141.715405268783,1141.715405268783,0,0
lava_lamp,space_heater,s004,mtt,capped,0,0,0,0,0
lava_lamp,desk_plant,s004,mtt,capped,0,0,0,0,0
lava_lamp,headset,s004,mtt,capped,0,0,0,0,0
lava_lamp,nes_console,s004,mtt,capped,0,0,0,0,0
lava_lamp,gameboy,s004,mtt,capped,0,0,0,0,0
lava_lamp,red_rug,s004,mtt,capped,0,0,0,0,0
lava_lamp,second_monitor,s004,mtt,capped,0,0,0,0,0
lava_lamp,toaster,s004,mtt,capped,0,0,0,0,0
lava_lamp,nightstand,s004,mtt,capped,0,0,0,0,0
lava_lamp,desk_speakers,s004,mtt,capped,0,1086.89702011787,1086.89702011787,0,0
lava_lamp,bookshelf,s004,mtt,capped,0,0,0,0,0
comfort_bed,sticky_notes,s004,mtt,capped,0,0,0,0,0
comfort_bed,calculator,s004,mtt,capped,0,1141.715405268783,1141.715405268783,0,0
comfort_bed,space_heater,s004,mtt,capped,0,0,0,0,0
comfort_bed,desk_plant,s004,mtt,capped,0,0,0,0,0
comfort_bed,headset,s004,mtt,capped,0,0,0,0,0
comfort_bed,nes_console,s004,mtt,capped,0,0,0,0,0
comfort_bed,gameboy,s004,mtt,capped,0,0,0,0,0
comfort_bed,red_rug,s004,mtt,capped,0,0,0,0,0
comfort_bed,second_monitor,s004,mtt,capped,0,0,0,0,0
comfort_bed,toaster,s004,mtt,capped,0,0,0,0,0
comfort_bed,nightstand,s004,mtt,capped,0,0,0,0,0
comfort_bed,desk_speakers,s004,mtt,capped,0,1086.89702011787,1086.89702011787,0,0
comfort_bed,bookshelf,s004,mtt,capped,0,0,0,0,0
sticky_notes,calculator,s004,mtt,capped,0,1141.715405268783,1141.715405268783,0,0
sticky_notes,space_heater,s004,mtt,capped,0,0,0,0,0
sticky_notes,desk_plant,s004,mtt,capped,0,0,0,0,0
sticky_notes,headset,s004,mtt,capped,0,0,0,0,0
sticky_notes,nes_console,s004,mtt,capped,0,0,0,0,0
sticky_notes,gameboy,s004,mtt,capped,0,0,0,0,0
sticky_notes,red_rug,s004,mtt,capped,0,0,0,0,0
sticky_notes,second_monitor,s004,mtt,capped,0,0,0,0,0
sticky_notes,toaster,s004,mtt,capped,0,0,0,0,0
sticky_notes,nightstand,s004,mtt,capped,0,0,0,0,0
sticky_notes,desk_speakers,s004,mtt,capped,0,1086.89702011787,1086.89702011787,0,0
sticky_notes,bookshelf,s004,mtt,capped,0,0,0,0,0
calculator,space_heater,s004,mtt,capped,1141.715405268783,0,1141.715405268783,0,0
calculator,desk_plant,s004,mtt,capped,1141.715405268783,0,1141.715405268783,0,0
calculator,headset,s004,mtt,capped,1141.715405268783,0,1141.715405268783,0,0
calculator,nes_console,s004,mtt,capped,1141.715405268783,0,1141.715405268783,0,0
calculator,gameboy,s004,mtt,capped,1141.715405268783,0,1141.715405268783,0,0
calculator,red_rug,s004,mtt,capped,1141.715405268783,0,1141.715405268783,0,0
calculator,second_monitor,s004,mtt,capped,1141.715405268783,0,1141.715405268783,0,0
calculator,toaster,s004,mtt,capped,1141.715405268783,0,1141.715405268783,0,0
calculator,nightstand,s004,mtt,capped,1141.715405268783,0,1141.715405268783,0,0
calculator,desk_speakers,s004,mtt,capped,1141.715405268783,1086.89702011787,2241.7605027307163,13.148077344063495,0.005899669765047806
calculator,bookshelf,s004,mtt,capped,1141.715405268783,0,1141.715405268783,0,0
space_heater,desk_plant,s004,mtt,capped,0,0,0,0,0
space_heater,headset,s004,mtt,capped,0,0,0,0,0
space_heater,nes_console,s004,mtt,capped,0,0,0,0,0
space_heater,gameboy,s004,mtt,capped,0,0,0,0,0
space_heater,red_rug,s004,mtt,capped,0,0,0,0,0
space_heater,second_monitor,s004,mtt,capped,0,0,0,0,0
space_heater,toaster,s004,mtt,capped,0,0,0,0,0
space_heater,nightstand,s004,mtt,capped,0,0,0,0,0
space_heater,desk_speakers,s004,mtt,capped,0,1086.89702011787,1086.89702011787,0,0
space_heater,bookshelf,s004,mtt,capped,0,0,0,0,0
desk_plant,headset,s004,mtt,capped,0,0,0,0,0
desk_plant,nes_console,s004,mtt,capped,0,0,0,0,0
desk_plant,gameboy,s004,mtt,capped,0,0,0,0,0
desk_plant,red_rug,s004,mtt,capped,0,0,0,0,0
desk_plant,second_monitor,s004,mtt,capped,0,0,0,0,0
desk_plant,toaster,s004,mtt,capped,0,0,0,0,0
desk_plant,nightstand,s004,mtt,capped,0,0,0,0,0
desk_plant,desk_speakers,s004,mtt,capped,0,1086.89702011787,1086.89702011787,0,0
desk_plant,bookshelf,s004,mtt,capped,0,0,0,0,0
headset,nes_console,s004,mtt,capped,0,0,0,0,0
headset,gameboy,s004,mtt,capped,0,0,0,0,0
headset,red_rug,s004,mtt,capped,0,0,0,0,0
headset,second_monitor,s004,mtt,capped,0,0,0,0,0
headset,toaster,s004,mtt,capped,0,0,0,0,0
headset,nightstand,s004,mtt,capped,0,0,0,0,0
headset,desk_speakers,s004,mtt,capped,0,1086.89702011787,1086.89702011787,0,0
headset,bookshelf,s004,mtt,capped,0,0,0,0,0
nes_console,gameboy,s004,mtt,capped,0,0,0,0,0
nes_console,red_rug,s004,mtt,capped,0,0,0,0,0
nes_console,second_monitor,s004,mtt,capped,0,0,0,0,0
nes_console,toaster,s004,mtt,capped,0,0,0,0,0
nes_console,nightstand,s004,mtt,capped,0,0,0,0,0
nes_console,desk_speakers,s004,mtt,capped,0,1086.89702011787,1086.89702011787,0,0
nes_console,bookshelf,s004,mtt,capped,0,0,0,0,0
gameboy,red_rug,s004,mtt,capped,0,0,0,0,0
gameboy,second_monitor,s004,mtt,capped,0,0,0,0,0
gameboy,toaster,s004,mtt,capped,0,0,0,0,0
gameboy,nightstand,s004,mtt,capped,0,0,0,0,0
gameboy,desk_speakers,s004,mtt,capped,0,1086.89702011787,1086.89702011787,0,0
gameboy,bookshelf,s004,mtt,capped,0,0,0,0,0
red_rug,second_monitor,s004,mtt,capped,0,0,0,0,0
red_rug,toaster,s004,mtt,capped,0,0,0,0,0
red_rug,nightstand,s004,mtt,capped,0,0,0,0,0
red_rug,desk_speakers,s004,mtt,capped,0,1086.89702011787,1086.89702011787,0,0
red_rug,bookshelf,s004,mtt,capped,0,0,0,0,0
second_monitor,toaster,s004,mtt,capped,0,0,0,0,0
second_monitor,nightstand,s004,mtt,capped,0,0,0,0,0
second_monitor,desk_speakers,s004,mtt,capped,0,1086.89702011787,1086.89702011787,0,0
second_monitor,bookshelf,s004,mtt,capped,0,0,0,0,0
toaster,nightstand,s004,mtt,capped,0,0,0,0,0
toaster,desk_speakers,s004,mtt,capped,0,1086.89702011787,1086.89702011787,0,0
toaster,bookshelf,s004,mtt,capped,0,0,0,0,0
nightstand,desk_speakers,s004,mtt,capped,0,1086.89702011787,1086.89702011787,0,0
nightstand,bookshelf,s004,mtt,capped,0,0,0,0,0
desk_speakers,bookshelf,s004,mtt,capped,1086.89702011787,0,1086.89702011787,0,0
