id,name,variant,band,cost,coverage,stake,stake_band,gtype,fill,base_ev,base_ev_bb,ev,d_ev,d_hr,d_hr_per_chip,d_bb,d_bbhr,d_bbhr_per_chip,d_stack,d_wc,rel
wall_hanger,Wall Hanger,base,A,2,modeled,s001,low,six_max,naked,0.3201894,16.00947,0.3349734,0.014783999999999964,2.956799999999987,1.4783999999999935,0.7392000000000003,147.8399999999997,73.91999999999985,0,0,0.04617267155002621
wall_hanger,Wall Hanger,corrupt,A,2,modeled,s001,low,six_max,naked,0.3201894,16.00947,0.6158694,0.29568,59.135999999999996,29.567999999999998,14.783999999999999,2956.7999999999993,1478.3999999999996,0,0,0.9234534310005266
mirror,Mirror,base,A,3,modeled,s001,low,six_max,naked,0.3201894,16.00947,0.3201894,0,0,0,0,0,0,0,0,0
mirror,Mirror,corrupt,A,2,modeled,s001,low,six_max,naked,0.3201894,16.00947,0.3201894,0,0,0,0,0,0,0,0,0
fight_night_poster,Fight Night Poster,base,A,4,not modeled,s001,low,six_max,naked,0.3201894,16.00947,0.3201894,0,0,0,0,0,0,0,0,0
fight_night_poster,Fight Night Poster,corrupt,A,3,not modeled,s001,low,six_max,naked,0.3201894,16.00947,0.3201894,0,0,0,0,0,0,0,0,0
energy_drink,Energy Drink,base,A,3,proc,s001,low,six_max,naked,0.3201894,16.00947,0.3201894,0,0,0,0,0,0,0,0,0
energy_drink,Energy Drink,corrupt,A,2,proc,s001,low,six_max,naked,0.3201894,16.00947,0.3201894,0,0,0,0,0,0,0,0,0
corkboard,Corkboard,base,A,4,modeled,s001,low,six_max,naked,0.3201894,16.00947,0.3725179,0.0523285,10.465699999999998,2.6164249999999996,2.6164249999999996,523.2849999999994,130.82124999999985,0.09999999999999998,0.04999999999999999,0.16342983246790804
corkboard,Corkboard,corrupt,A,2,modeled,s001,low,six_max,naked,0.3201894,16.00947,0.5295034,0.20931399999999994,41.86279999999999,20.931399999999996,10.465699999999998,2093.1399999999994,1046.5699999999997,0.4,0.2,0.6537193298716321
stack_of_books,Stack of Books,base,A,4,modeled,s001,low,six_max,naked,0.3201894,16.00947,0.3365694,0.016380000000000006,3.2759999999999962,0.8189999999999991,0.8189999999999991,163.79999999999973,40.94999999999993,0,0,0.051157221319631456
stack_of_books,Stack of Books,corrupt,A,3,modeled,s001,low,six_max,naked,0.3201894,16.00947,0.3496734,0.02948400000000001,5.896800000000013,1.9656000000000045,1.4741999999999997,294.8399999999997,98.2799999999999,0,0,0.09208299837533662
throw_pillow,Throw Pillow,base,A,4,modeled,s001,low,six_max,naked,0.3201894,16.00947,0.32449155,0.004302150000000005,0.8604299999999938,0.21510749999999845,0.21510749999999845,43.02149999999938,10.755374999999844,0,0,0.013436266159966584
throw_pillow,Throw Pillow,corrupt,A,2,modeled,s001,low,six_max,naked,0.3201894,16.00947,0.29985924,-0.020330159999999986,-4.066031999999993,-2.0330159999999964,-1.016508,-203.30160000000024,-101.65080000000012,0,0,-0.06349416938849314
starter_gift_box,Starter Gift Box,base,A,4,not modeled,s001,low,six_max,naked,0.3201894,16.00947,0.3201894,0,0,0,0,0,0,0,0,0
starter_gift_box,Starter Gift Box,corrupt,A,3,not modeled,s001,low,six_max,naked,0.3201894,16.00947,0.3201894,0,0,0,0,0,0,0,0,0
lava_lamp,Lava Lamp,base,A,5,modeled,s001,low,six_max,naked,0.3201894,16.00947,0.3662298,0.04604039999999998,9.208079999999995,1.841615999999999,2.302019999999999,460.404,92.0808,0,0,0.1437911436168717
lava_lamp,Lava Lamp,corrupt,A,3,modeled,s001,low,six_max,naked,0.3201894,16.00947,0.4583106,0.1381212,27.62424,9.20808,6.90606,1381.2119999999995,460.4039999999998,0,0,0.43137343085061525
comfort_bed,Comfort Bed,base,A,4,modeled,s001,low,six_max,naked,0.3201894,16.00947,0.32029989,0.00011048999999996312,0.02209799999999973,0.005524499999999932,0.005524499999999932,1.104899999999816,0.276224999999954,0,0,0.00034507700754604344
comfort_bed,Comfort Bed,corrupt,A,2,not modeled,s001,low,six_max,naked,0.3201894,16.00947,0.3201894,0,0,0,0,0,0,0,0,0
yellow_sticky_note,Yellow Sticky Note,base,A,5,modeled,s001,low,six_max,naked,0.3201894,16.00947,0.4175454,0.097356,19.471199999999996,3.894239999999999,4.867799999999999,973.5599999999995,194.7119999999999,0,0,0.304057535945912
yellow_sticky_note,Yellow Sticky Note,corrupt,A,4,modeled,s001,low,six_max,naked,0.3201894,16.00947,1.4884614,1.168272,233.65439999999998,58.413599999999995,58.413599999999995,11682.719999999998,2920.6799999999994,0,0,3.648690431350944
rubber_duck,Rubber Duck,base,A,5,not modeled,s001,low,six_max,naked,0.3201894,16.00947,0.3201894,0,0,0,0,0,0,0,0,0
rubber_duck,Rubber Duck,corrupt,A,2,modeled,s001,low,six_max,naked,0.3201894,16.00947,0.0558834,-0.26430600000000004,-52.861200000000004,-26.430600000000002,-13.215300000000001,-2643.0600000000004,-1321.5300000000002,0,0,-0.8254676763190787
stash_box,Stash Box,base,B,6,not modeled,s001,low,six_max,naked,0.3201894,16.00947,0.3201894,0,0,0,0,0,0,0,0,0
stash_box,Stash Box,corrupt,B,3,not modeled,s001,low,six_max,naked,0.3201894,16.00947,0.3201894,0,0,0,0,0,0,0,0,0
dogs_playing_poker,Dogs Playing Poker,base,B,6,proc,s001,low,six_max,naked,0.3201894,16.00947,0.3201894,0,0,0,0,0,0,0,0,0
dogs_playing_poker,Dogs Playing Poker,corrupt,B,3,proc,s001,low,six_max,naked,0.3201894,16.00947,0.3201894,0,0,0,0,0,0,0,0,0
calculator,Calculator,base,B,7,modeled,s001,low,six_max,naked,0.3201894,16.00947,0.3201894,0,0,0,0,0,0,0,0,0
calculator,Calculator,corrupt,B,4,modeled,s001,low,six_max,naked,0.3201894,16.00947,0.3201894,0,0,0,0,0,0,0,0,0
ring_binder,Ring Binder,base,B,7,not modeled,s001,low,six_max,naked,0.3201894,16.00947,0.3201894,0,0,0,0,0,0,0,0,0
ring_binder,Ring Binder,corrupt,B,4,not modeled,s001,low,six_max,naked,0.3201894,16.00947,0.3201894,0,0,0,0,0,0,0,0,0
space_heater,Space Heater,base,B,8,modeled,s001,low,six_max,naked,0.3201894,16.00947,0.33403632,0.013846919999999985,2.769383999999988,0.3461729999999985,0.6923460000000006,138.4692,17.30865,0,0,0.04324602875672956
space_heater,Space Heater,corrupt,B,8,modeled,s001,low,six_max,naked,0.3201894,16.00947,0.1817202,-0.13846920000000001,-27.69384,-3.46173,-6.92346,-1384.6920000000002,-173.08650000000003,0,0,-0.43246028756729615
pencil_holder,Pencil Holder,base,B,8,not modeled,s001,low,six_max,naked,0.3201894,16.00947,0.3201894,0,0,0,0,0,0,0,0,0
pencil_holder,Pencil Holder,corrupt,B,4,not modeled,s001,low,six_max,naked,0.3201894,16.00947,0.3201894,0,0,0,0,0,0,0,0,0
bonsai,Bonsai,base,B,10,not modeled,s001,low,six_max,naked,0.3201894,16.00947,0.3201894,0,0,0,0,0,0,0,0,0
bonsai,Bonsai,corrupt,B,5,not modeled,s001,low,six_max,naked,0.3201894,16.00947,0.3201894,0,0,0,0,0,0,0,0,0
desk_plant,Desk Plant,base,B,8,modeled,s001,low,six_max,naked,0.3201894,16.00947,0.3829836,0.06279419999999997,12.55883999999999,1.5698549999999987,3.139710000000001,627.9420000000005,78.49275000000006,0.12,0.06,0.19611579896148956
desk_plant,Desk Plant,corrupt,B,5,modeled,s001,low,six_max,naked,0.3201894,16.00947,0.6864889,0.36629949999999994,73.25989999999999,14.651979999999998,18.314974999999997,3662.994999999999,732.5989999999998,0.7000000000000001,0.35000000000000003,1.1440088272753561
desk,Desk,base,B,9,not modeled,s001,low,six_max,naked,0.3201894,16.00947,0.3201894,0,0,0,0,0,0,0,0,0
desk,Desk,corrupt,B,5,not modeled,s001,low,six_max,naked,0.3201894,16.00947,0.3201894,0,0,0,0,0,0,0,0,0
rebuy_sticky_note,Rebuy Sticky Note,base,B,10,not modeled,s001,low,six_max,naked,0.3201894,16.00947,0.3201894,0,0,0,0,0,0,0,0,0
rebuy_sticky_note,Rebuy Sticky Note,corrupt,B,5,not modeled,s001,low,six_max,naked,0.3201894,16.00947,0.3201894,0,0,0,0,0,0,0,0,0
gaming_chair,Gaming Chair,base,B,10,proc,s001,low,six_max,naked,0.3201894,16.00947,0.3201894,0,0,0,0,0,0,0,0,0
gaming_chair,Gaming Chair,corrupt,B,5,partial,s001,low,six_max,naked,0.3201894,16.00947,0.29249556,-0.027693840000000025,-5.538768000000005,-1.107753600000001,-1.3846920000000011,-276.93840000000046,-55.38768000000009,0,0,-0.0864920575134593
headset,Headset,base,B,6,modeled,s001,low,six_max,naked,0.3201894,16.00947,0.3201894,0,0,0,0,0,0,0,0,0
headset,Headset,corrupt,B,5,modeled,s001,low,six_max,naked,0.3201894,16.00947,0.3201894,0,0,0,0,0,0,0,0,0
prize_vase,Prize Vase,base,C,12,proc,s001,low,six_max,naked,0.3201894,16.00947,0.3201894,0,0,0,0,0,0,0,0,0
prize_vase,Prize Vase,corrupt,C,6,proc,s001,low,six_max,naked,0.3201894,16.00947,0.3201894,0,0,0,0,0,0,0,0,0
compact_fridge,Compact Fridge,base,B,12,not modeled,s001,low,six_max,naked,0.3201894,16.00947,0.3201894,0,0,0,0,0,0,0,0,0
compact_fridge,Compact Fridge,corrupt,B,6,not modeled,s001,low,six_max,naked,0.3201894,16.00947,0.3201894,0,0,0,0,0,0,0,0,0
wall_clock,Wall Clock,base,B,12,proc,s001,low,six_max,naked,0.3201894,16.00947,0.3201894,0,0,0,0,0,0,0,0,0
wall_clock,Wall Clock,corrupt,B,7,partial,s001,low,six_max,naked,0.3201894,16.00947,0.2855721,-0.03461730000000002,-6.923460000000006,-0.9890657142857151,-1.7308649999999997,-346.17300000000023,-49.45328571428575,0,0,-0.10811507189182408
house_cat,House Cat,base,B,8,proc,s001,low,six_max,naked,0.3201894,16.00947,0.3201894,0,0,0,0,0,0,0,0,0
house_cat,House Cat,corrupt,B,4,proc,s001,low,six_max,naked,0.3201894,16.00947,0.3201894,0,0,0,0,0,0,0,0,0
candle,Candle,base,B,7,proc,s001,low,six_max,naked,0.3201894,16.00947,0.3201894,0,0,0,0,0,0,0,0,0
dusty_console,Dusty Console,base,B,5,modeled,s001,low,six_max,naked,0.3201894,16.00947,0.3201894,0,0,0,0,0,0,0,0,0
handheld,Handheld,base,B,5,modeled,s001,low,six_max,naked,0.3201894,16.00947,0.3201894,0,0,0,0,0,0,0,0,0
red_rug,Red Rug,base,B,8,modeled,s001,low,six_max,naked,0.3201894,16.00947,0.3201894,0,0,0,0,0,0,0,0,0
dish_soap,Dish Soap,base,B,12,proc,s001,low,six_max,naked,0.3201894,16.00947,0.3201894,0,0,0,0,0,0,0,0,0
rolled_vouchers,Rolled Vouchers,base,C,9,proc,s001,low,six_max,naked,0.3201894,16.00947,0.3201894,0,0,0,0,0,0,0,0,0
rolled_vouchers,Rolled Vouchers,corrupt,C,5,proc,s001,low,six_max,naked,0.3201894,16.00947,0.3201894,0,0,0,0,0,0,0,0,0
second_monitor,Second Monitor,base,C,10,modeled,s001,low,six_max,naked,0.3201894,16.00947,0.3201894,0,0,0,0,0,0,0,0,0
second_monitor,Second Monitor,corrupt,C,6,modeled,s001,low,six_max,naked,0.3201894,16.00947,0.3201894,0,0,0,0,0,0,0,0,0
laptop_terminal,Laptop Terminal,base,D,12,not modeled,s001,low,six_max,naked,0.3201894,16.00947,0.3201894,0,0,0,0,0,0,0,0,0
laptop_terminal,Laptop Terminal,corrupt,D,6,not modeled,s001,low,six_max,naked,0.3201894,16.00947,0.3201894,0,0,0,0,0,0,0,0,0
gaming_keyboard,Gaming Keyboard,base,D,12,not modeled,s001,low,six_max,naked,0.3201894,16.00947,0.3201894,0,0,0,0,0,0,0,0,0
gaming_keyboard,Gaming Keyboard,corrupt,D,6,not modeled,s001,low,six_max,naked,0.3201894,16.00947,0.3201894,0,0,0,0,0,0,0,0,0
box_of_mice,Box of Mice,base,D,13,not modeled,s001,low,six_max,naked,0.3201894,16.00947,0.3201894,0,0,0,0,0,0,0,0,0
box_of_mice,Box of Mice,corrupt,D,7,not modeled,s001,low,six_max,naked,0.3201894,16.00947,0.3201894,0,0,0,0,0,0,0,0,0
wacom_tablet,Wacom Tablet,base,D,13,not modeled,s001,low,six_max,naked,0.3201894,16.00947,0.3201894,0,0,0,0,0,0,0,0,0
wacom_tablet,Wacom Tablet,corrupt,D,7,not modeled,s001,low,six_max,naked,0.3201894,16.00947,0.3201894,0,0,0,0,0,0,0,0,0
desk_lamp,Desk Lamp,base,D,10,not modeled,s001,low,six_max,naked,0.3201894,16.00947,0.3201894,0,0,0,0,0,0,0,0,0
desk_lamp,Desk Lamp,corrupt,D,6,not modeled,s001,low,six_max,naked,0.3201894,16.00947,0.3201894,0,0,0,0,0,0,0,0,0
telephone,Telephone,base,D,12,not modeled,s001,low,six_max,naked,0.3201894,16.00947,0.3201894,0,0,0,0,0,0,0,0,0
glass_partition,Glass Partition,base,D,12,not modeled,s001,low,six_max,naked,0.3201894,16.00947,0.3201894,0,0,0,0,0,0,0,0,0
electric_kettle,Electric Kettle,base,D,11,not modeled,s001,low,six_max,naked,0.3201894,16.00947,0.3201894,0,0,0,0,0,0,0,0,0
electric_kettle,Electric Kettle,corrupt,D,8,not modeled,s001,low,six_max,naked,0.3201894,16.00947,0.3201894,0,0,0,0,0,0,0,0,0
chrome_toaster,Chrome Toaster,base,D,14,not modeled,s001,low,six_max,naked,0.3201894,16.00947,0.39655548,0.07636608,15.273216000000005,1.0909440000000004,3.8183040000000013,763.6608000000001,54.54720000000001,0.7392,0,0.23850283613386328
chrome_toaster,Chrome Toaster,corrupt,D,8,not modeled,s001,low,six_max,naked,0.3201894,16.00947,0.654291,0.33410159999999994,66.82032000000001,8.352540000000001,16.705080000000002,3341.0159999999996,417.62699999999995,3.234,0,1.0434499080856516
first_aid_kit,First Aid Kit,base,D,16,proc,s001,low,six_max,naked,0.3201894,16.00947,0.3201894,0,0,0,0,0,0,0,0,0
first_aid_kit,First Aid Kit,corrupt,D,8,partial,s001,low,six_max,naked,0.3201894,16.00947,0.2033622,-0.11682720000000002,-23.36544,-2.92068,-5.84136,-1168.272,-146.034,0,0,-0.36486904313509444
nightstand,Nightstand,base,D,13,proc,s001,low,six_max,naked,0.3201894,16.00947,0.3201894,0,0,0,0,0,0,0,0,0
nightstand,Nightstand,corrupt,D,8,proc,s001,low,six_max,naked,0.3201894,16.00947,0.3201894,0,0,0,0,0,0,0,0,0
receipt_printer,Receipt Printer,base,C,19,proc,s001,low,six_max,naked,0.3201894,16.00947,0.3201894,0,0,0,0,0,0,0,0,0
receipt_printer,Receipt Printer,corrupt,C,9,proc,s001,low,six_max,naked,0.3201894,16.00947,0.3201894,0,0,0,0,0,0,0,0,0
microwave_oven,Microwave Oven,base,D,18,proc,s001,low,six_max,naked,0.3201894,16.00947,0.3201894,0,0,0,0,0,0,0,0,0
microwave_oven,Microwave Oven,corrupt,D,10,partial,s001,low,six_max,naked,0.3201894,16.00947,0.2855721,-0.03461730000000002,-6.923460000000006,-0.6923460000000006,-1.7308649999999997,-346.17300000000023,-34.61730000000002,0,0,-0.10811507189182408
framed_diploma,Framed Diploma,base,D,18,proc,s001,low,six_max,naked,0.3201894,16.00947,0.3201894,0,0,0,0,0,0,0,0,0
framed_diploma,Framed Diploma,corrupt,D,9,partial,s001,low,six_max,naked,0.3201894,16.00947,0.2033622,-0.11682720000000002,-23.36544,-2.59616,-5.84136,-1168.272,-129.808,0,0,-0.36486904313509444
laminated_blueprint,Laminated Blueprint,base,D,19,not modeled,s001,low,six_max,naked,0.3201894,16.00947,0.3201894,0,0,0,0,0,0,0,0,0
laminated_blueprint,Laminated Blueprint,corrupt,D,10,not modeled,s001,low,six_max,naked,0.3201894,16.00947,0.3201894,0,0,0,0,0,0,0,0,0
console_television,Console Television,base,D,26,proc,s001,low,six_max,naked,0.3201894,16.00947,0.3201894,0,0,0,0,0,0,0,0,0
console_television,Console Television,corrupt,D,13,partial,s001,low,six_max,naked,0.3201894,16.00947,0.1254774,-0.19471200000000002,-38.942400000000006,-2.9955692307692314,-9.735600000000002,-1947.1200000000003,-149.77846153846156,0,0,-0.6081150718918241
desk_speakers,Desk Speakers,base,C,10,modeled,s001,low,six_max,naked,0.3201894,16.00947,0.3201894,0,0,0,0,0,0,0,0,0
desk_speakers,Desk Speakers,corrupt,C,6,modeled,s001,low,six_max,naked,0.3201894,16.00947,0.2155324,-0.104657,-20.931399999999996,-3.488566666666666,-5.232850000000001,-1046.5700000000006,-174.42833333333343,-0.19999999999999996,-0.09999999999999998,-0.3268596649358161
curved_monitor,Curved Monitor,base,C,13,proc,s001,low,six_max,naked,0.3201894,16.00947,0.3201894,0,0,0,0,0,0,0,0,0
curved_monitor,Curved Monitor,corrupt,C,7,partial,s001,low,six_max,naked,0.3201894,16.00947,0.2855721,-0.03461730000000002,-6.923460000000006,-0.9890657142857151,-1.7308649999999997,-346.17300000000023,-49.45328571428575,0,0,-0.10811507189182408
tower_upgrade,Tower Upgrade,base,C,14,proc,s001,low,six_max,naked,0.3201894,16.00947,0.3201894,0,0,0,0,0,0,0,0,0
tower_upgrade,Tower Upgrade,corrupt,C,5,partial,s001,low,six_max,naked,0.3201894,16.00947,0.3001127,-0.020076700000000003,-4.015340000000002,-0.8030680000000003,-1.0038350000000005,-200.76700000000028,-40.153400000000055,0,0,-0.06270257541317734
copy_machine,Copy Machine,base,C,19,not modeled,s001,low,six_max,naked,0.3201894,16.00947,0.3201894,0,0,0,0,0,0,0,0,0
whiteboard,Whiteboard,base,D,17,not modeled,s001,low,six_max,naked,0.3201894,16.00947,0.3201894,0,0,0,0,0,0,0,0,0
high_roller_pass,High Roller Pass,base,D,19,not modeled,s001,low,six_max,naked,0.3201894,16.00947,0.3201894,0,0,0,0,0,0,0,0,0
high_roller_pass,High Roller Pass,corrupt,D,9,partial,s001,low,six_max,naked,0.3201894,16.00947,0.2855721,-0.03461730000000002,-6.923460000000006,-0.7692733333333339,-1.7308649999999997,-346.17300000000023,-38.46366666666669,0,0,-0.10811507189182408
window,Window,base,D,20,proc,s001,low,six_max,naked,0.3201894,16.00947,0.3201894,0,0,0,0,0,0,0,0,0
window,Window,corrupt,D,10,partial,s001,low,six_max,naked,0.3201894,16.00947,0.2855721,-0.03461730000000002,-6.923460000000006,-0.6923460000000006,-1.7308649999999997,-346.17300000000023,-34.61730000000002,0,0,-0.10811507189182408
bookshelf,Bookshelf,base,D,22,modeled,s001,low,six_max,naked,0.3201894,16.00947,0.3201894,0,0,0,0,0,0,0,0,0
bookshelf,Bookshelf,corrupt,D,11,modeled,s001,low,six_max,naked,0.3201894,16.00947,0.3201894,0,0,0,0,0,0,0,0,0
cereal_shelf,Cereal Shelf,base,D,24,not modeled,s001,low,six_max,naked,0.3201894,16.00947,0.3201894,0,0,0,0,0,0,0,0,0
cereal_shelf,Cereal Shelf,corrupt,D,12,not modeled,s001,low,six_max,naked,0.3201894,16.00947,0.3201894,0,0,0,0,0,0,0,0,0
fire_extinguisher,Fire Extinguisher,base,D,24,proc,s001,low,six_max,naked,0.3201894,16.00947,0.3201894,0,0,0,0,0,0,0,0,0
fire_extinguisher,Fire Extinguisher,corrupt,D,12,partial,s001,low,six_max,naked,0.3201894,16.00947,0.2228334,-0.09735600000000003,-19.471200000000003,-1.6226000000000003,-4.867800000000001,-973.5600000000004,-81.13000000000004,0,0,-0.30405753594591206
blackout_curtains,Blackout Curtains,base,D,24,proc,s001,low,six_max,naked,0.3201894,16.00947,0.3201894,0,0,0,0,0,0,0,0,0
blackout_curtains,Blackout Curtains,corrupt,D,12,partial,s001,low,six_max,naked,0.3201894,16.00947,0.27864864,-0.04154076000000001,-8.308152000000007,-0.6923460000000006,-2.077038,-415.40760000000046,-34.617300000000036,0,0,-0.12973808627018885
tip_jar,Tip Jar,base,D,24,not modeled,s001,low,six_max,naked,0.3201894,16.00947,0.3201894,0,0,0,0,0,0,0,0,0
tip_jar,Tip Jar,corrupt,D,12,not modeled,s001,low,six_max,naked,0.3201894,16.00947,0.3201894,0,0,0,0,0,0,0,0,0
shredder,Shredder,base,D,18,proc,s001,low,six_max,naked,0.3201894,16.00947,0.3201894,0,0,0,0,0,0,0,0,0
shredder,Shredder,corrupt,D,9,partial,s001,low,six_max,naked,0.3201894,16.00947,0.2033622,-0.11682720000000002,-23.36544,-2.59616,-5.84136,-1168.272,-129.808,0,0,-0.36486904313509444
cool_towel,Cool Towel,base,D,16,proc,s001,low,six_max,naked,0.3201894,16.00947,0.3201894,0,0,0,0,0,0,0,0,0
waste_basket,Waste Basket,base,D,18,proc,s001,low,six_max,naked,0.3201894,16.00947,0.3201894,0,0,0,0,0,0,0,0,0
waste_basket,Waste Basket,corrupt,D,9,proc,s001,low,six_max,naked,0.3201894,16.00947,0.3201894,0,0,0,0,0,0,0,0,0
cleaning_robot,Cleaning Robot,base,D,24,proc,s001,low,six_max,naked,0.3201894,16.00947,0.3201894,0,0,0,0,0,0,0,0,0
wall_hanger,Wall Hanger,base,A,2,modeled,s001,low,six_max,mid,1.9212075,96.060375,2.2301931,0.3089856000000002,61.797120000000064,30.898560000000032,15.449280000000002,3089.8559999999998,1544.9279999999999,0,0,0.16082885372870978
wall_hanger,Wall Hanger,corrupt,A,2,modeled,s001,low,six_max,mid,1.9212075,96.060375,8.1009195,6.179712,1235.9424,617.9712,308.9856,61797.12000000001,30898.560000000005,0,0,3.216577074574194
mirror,Mirror,base,A,3,modeled,s001,low,six_max,mid,1.9212075,96.060375,1.9212075,0,0,0,0,0,0,0,0,0
mirror,Mirror,corrupt,A,2,modeled,s001,low,six_max,mid,1.9212075,96.060375,1.9212075,0,0,0,0,0,0,0,0,0
fight_night_poster,Fight Night Poster,base,A,4,not modeled,s001,low,six_max,mid,1.9212075,96.060375,1.9212075,0,0,0,0,0,0,0,0,0
fight_night_poster,Fight Night Poster,corrupt,A,3,not modeled,s001,low,six_max,mid,1.9212075,96.060375,1.9212075,0,0,0,0,0,0,0,0,0
energy_drink,Energy Drink,base,A,3,proc,s001,low,six_max,mid,1.9212075,96.060375,1.9212075,0,0,0,0,0,0,0,0,0
energy_drink,Energy Drink,corrupt,A,2,proc,s001,low,six_max,mid,1.9212075,96.060375,1.9212075,0,0,0,0,0,0,0,0,0
corkboard,Corkboard,base,A,4,modeled,s001,low,six_max,mid,1.9212075,96.060375,2.096995,0.1757875000000002,35.157500000000084,8.789375000000021,8.789375000000007,1757.875,439.46875,1.5399999999999991,0.050000000000000044,0.09149844563900579
corkboard,Corkboard,corrupt,A,2,modeled,s001,low,six_max,mid,1.9212075,96.060375,2.6243575,0.7031499999999999,140.63,70.315,35.1575,7031.5,3515.75,6.16,0.20000000000000007,0.36599378255602266
stack_of_books,Stack of Books,base,A,4,modeled,s001,low,six_max,mid,1.9212075,96.060375,1.933434,0.01222650000000014,2.4453000000000316,0.6113250000000079,0.6113250000000079,122.26500000000306,30.566250000000764,0,0,0.006363966411748934
stack_of_books,Stack of Books,corrupt,A,3,modeled,s001,low,six_max,mid,1.9212075,96.060375,1.9432152,0.022007700000000074,4.401540000000068,1.4671800000000228,1.1003850000000028,220.07700000000114,73.35900000000038,0,0,0.011455139541147989
throw_pillow,Throw Pillow,base,A,4,modeled,s001,low,six_max,mid,1.9212075,96.060375,1.922732925,0.0015254250000000802,0.3050850000000196,0.0762712500000049,0.0762712500000049,15.254250000001775,3.813562500000444,0,0,0.0007939928404402337
throw_pillow,Throw Pillow,corrupt,A,2,modeled,s001,low,six_max,mid,1.9212075,96.060375,1.91399898,-0.0072085200000000516,-1.4417039999999588,-0.7208519999999794,-0.3604259999999897,-72.08519999999771,-36.042599999998856,0,0,-0.0037520777948243755
starter_gift_box,Starter Gift Box,base,A,4,not modeled,s001,low,six_max,mid,1.9212075,96.060375,1.9212075,0,0,0,0,0,0,0,0,0
starter_gift_box,Starter Gift Box,corrupt,A,3,not modeled,s001,low,six_max,mid,1.9212075,96.060375,1.9212075,0,0,0,0,0,0,0,0,0
lava_lamp,Lava Lamp,base,A,5,modeled,s001,low,six_max,mid,1.9212075,96.060375,1.96182171,0.040614209999999984,8.122842000000048,1.6245684000000096,2.030710500000012,406.1421000000046,81.22842000000091,0,0,0.02113993933502757
lava_lamp,Lava Lamp,corrupt,A,3,modeled,s001,low,six_max,mid,1.9212075,96.060375,2.04305013,0.12184263000000017,24.368526000000088,8.122842000000029,6.092131500000008,1218.4263000000028,406.14210000000094,0,0,0.06341981800508284
comfort_bed,Comfort Bed,base,A,4,modeled,s001,low,six_max,mid,1.9212075,96.060375,1.921289415,0.00008191499999998797,0.01638300000001891,0.0040957500000047276,0.0040957500000047276,0.8191500000029919,0.20478750000074797,0,0,0.000042637247668452246
comfort_bed,Comfort Bed,corrupt,A,2,not modeled,s001,low,six_max,mid,1.9212075,96.060375,1.9212075,0,0,0,0,0,0,0,0,0
yellow_sticky_note,Yellow Sticky Note,base,A,5,modeled,s001,low,six_max,mid,1.9212075,96.060375,2.41040715,0.4891996500000002,97.8399300000001,19.56798600000002,24.45998250000001,4891.996500000005,978.399300000001,0,0,0.2546313451306016
yellow_sticky_note,Yellow Sticky Note,corrupt,A,4,modeled,s001,low,six_max,mid,1.9212075,96.060375,7.7916033,5.870395800000001,1174.0791600000002,293.51979000000006,293.51979000000006,58703.958,14675.9895,0,0,3.055576141567218
rubber_duck,Rubber Duck,base,A,5,not modeled,s001,low,six_max,mid,1.9212075,96.060375,1.9212075,0,0,0,0,0,0,0,0,0
rubber_duck,Rubber Duck,corrupt,A,2,modeled,s001,low,six_max,mid,1.9212075,96.060375,1.68830574,-0.23290175999999985,-46.58035199999995,-23.290175999999974,-11.645087999999987,-2329.0175999999956,-1164.5087999999978,0,0,-0.1212267597331365
stash_box,Stash Box,base,B,6,not modeled,s001,low,six_max,mid,1.9212075,96.060375,1.9212075,0,0,0,0,0,0,0,0,0
stash_box,Stash Box,corrupt,B,3,not modeled,s001,low,six_max,mid,1.9212075,96.060375,1.9212075,0,0,0,0,0,0,0,0,0
dogs_playing_poker,Dogs Playing Poker,base,B,6,proc,s001,low,six_max,mid,1.9212075,96.060375,1.9212075,0,0,0,0,0,0,0,0,0
dogs_playing_poker,Dogs Playing Poker,corrupt,B,3,proc,s001,low,six_max,mid,1.9212075,96.060375,1.9212075,0,0,0,0,0,0,0,0,0
calculator,Calculator,base,B,7,modeled,s001,low,six_max,mid,1.9212075,96.060375,2.2252502475,0.30404274750000004,60.80854950000003,8.686935642857147,15.202137375000007,3040.427475000004,434.3467821428577,3.2525999999999975,0.022500000000000075,0.15825606942508816
calculator,Calculator,corrupt,B,4,modeled,s001,low,six_max,mid,1.9212075,96.060375,5.4395651648885,3.5183576648885,703.6715329777002,175.91788324442504,175.91788324441998,35183.576648883994,8795.894162220999,38.472571428571,0.2250000000000001,1.8313262179584977
ring_binder,Ring Binder,base,B,7,not modeled,s001,low,six_max,mid,1.9212075,96.060375,1.9212075,0,0,0,0,0,0,0,0,0
ring_binder,Ring Binder,corrupt,B,4,not modeled,s001,low,six_max,mid,1.9212075,96.060375,1.9212075,0,0,0,0,0,0,0,0,0
space_heater,Space Heater,base,B,8,modeled,s001,low,six_max,mid,1.9212075,96.060375,1.92832572,0.007118219999999953,1.4236440000000243,0.17795550000000304,0.3559110000000061,71.18220000000292,8.897775000000365,0,0,0.003705076104481142
space_heater,Space Heater,corrupt,B,8,modeled,s001,low,six_max,mid,1.9212075,96.060375,1.8500253,-0.07118219999999997,-14.23643999999996,-1.779554999999995,-3.55910999999999,-711.8219999999965,-88.97774999999956,0,0,-0.03705076104481165
pencil_holder,Pencil Holder,base,B,8,not modeled,s001,low,six_max,mid,1.9212075,96.060375,1.9212075,0,0,0,0,0,0,0,0,0
pencil_holder,Pencil Holder,corrupt,B,4,not modeled,s001,low,six_max,mid,1.9212075,96.060375,1.9212075,0,0,0,0,0,0,0,0,0
bonsai,Bonsai,base,B,10,not modeled,s001,low,six_max,mid,1.9212075,96.060375,1.9212075,0,0,0,0,0,0,0,0,0
bonsai,Bonsai,corrupt,B,5,not modeled,s001,low,six_max,mid,1.9212075,96.060375,1.9212075,0,0,0,0,0,0,0,0,0
desk_plant,Desk Plant,base,B,8,modeled,s001,low,six_max,mid,1.9212075,96.060375,2.1321525,0.21094500000000016,42.18900000000008,5.27362500000001,10.547250000000005,2109.4500000000044,263.68125000000055,1.847999999999999,0.06000000000000005,0.1097981347668069
desk_plant,Desk Plant,corrupt,B,5,modeled,s001,low,six_max,mid,1.9212075,96.060375,3.15172,1.2305125000000001,246.10250000000008,49.220500000000015,61.52562500000002,12305.125000000007,2461.0250000000015,10.779999999999998,0.3500000000000001,0.6404891194730398
desk,Desk,base,B,9,not modeled,s001,low,six_max,mid,1.9212075,96.060375,1.9212075,0,0,0,0,0,0,0,0,0
desk,Desk,corrupt,B,5,not modeled,s001,low,six_max,mid,1.9212075,96.060375,1.9212075,0,0,0,0,0,0,0,0,0
rebuy_sticky_note,Rebuy Sticky Note,base,B,10,not modeled,s001,low,six_max,mid,1.9212075,96.060375,1.9212075,0,0,0,0,0,0,0,0,0
rebuy_sticky_note,Rebuy Sticky Note,corrupt,B,5,not modeled,s001,low,six_max,mid,1.9212075,96.060375,1.9212075,0,0,0,0,0,0,0,0,0
gaming_chair,Gaming Chair,base,B,10,proc,s001,low,six_max,mid,1.9212075,96.060375,1.9212075,0,0,0,0,0,0,0,0,0
gaming_chair,Gaming Chair,corrupt,B,5,partial,s001,low,six_max,mid,1.9212075,96.060375,1.90697106,-0.014236439999999906,-2.847287999999992,-0.5694575999999983,-0.711821999999998,-142.36439999999857,-28.472879999999712,0,0,-0.007410152208962284
headset,Headset,base,B,6,modeled,s001,low,six_max,mid,1.9212075,96.060375,1.9212075,0,0,0,0,0,0,0,0,0
headset,Headset,corrupt,B,5,modeled,s001,low,six_max,mid,1.9212075,96.060375,1.9212075,0,0,0,0,0,0,0,0,0
prize_vase,Prize Vase,base,C,12,proc,s001,low,six_max,mid,1.9212075,96.060375,1.9212075,0,0,0,0,0,0,0,0,0
prize_vase,Prize Vase,corrupt,C,6,proc,s001,low,six_max,mid,1.9212075,96.060375,1.9212075,0,0,0,0,0,0,0,0,0
compact_fridge,Compact Fridge,base,B,12,not modeled,s001,low,six_max,mid,1.9212075,96.060375,1.9212075,0,0,0,0,0,0,0,0,0
compact_fridge,Compact Fridge,corrupt,B,6,not modeled,s001,low,six_max,mid,1.9212075,96.060375,1.9212075,0,0,0,0,0,0,0,0,0
wall_clock,Wall Clock,base,B,12,proc,s001,low,six_max,mid,1.9212075,96.060375,1.9212075,0,0,0,0,0,0,0,0,0
wall_clock,Wall Clock,corrupt,B,7,partial,s001,low,six_max,mid,1.9212075,96.060375,1.90341195,-0.017795549999999993,-3.5591099999999756,-0.5084442857142822,-0.8897774999999939,-177.9554999999964,-25.42221428571377,0,0,-0.009262690261202912
house_cat,House Cat,base,B,8,proc,s001,low,six_max,mid,1.9212075,96.060375,1.9212075,0,0,0,0,0,0,0,0,0
house_cat,House Cat,corrupt,B,4,proc,s001,low,six_max,mid,1.9212075,96.060375,1.9212075,0,0,0,0,0,0,0,0,0
candle,Candle,base,B,7,proc,s001,low,six_max,mid,1.9212075,96.060375,1.9212075,0,0,0,0,0,0,0,0,0
dusty_console,Dusty Console,base,B,5,modeled,s001,low,six_max,mid,1.9212075,96.060375,1.9212075,0,0,0,0,0,0,0,0,0
handheld,Handheld,base,B,5,modeled,s001,low,six_max,mid,1.9212075,96.060375,1.9212075,0,0,0,0,0,0,0,0,0
red_rug,Red Rug,base,B,8,modeled,s001,low,six_max,mid,1.9212075,96.060375,1.9212075,0,0,0,0,0,0,0,0,0
dish_soap,Dish Soap,base,B,12,proc,s001,low,six_max,mid,1.9212075,96.060375,1.9212075,0,0,0,0,0,0,0,0,0
rolled_vouchers,Rolled Vouchers,base,C,9,proc,s001,low,six_max,mid,1.9212075,96.060375,1.9212075,0,0,0,0,0,0,0,0,0
rolled_vouchers,Rolled Vouchers,corrupt,C,5,proc,s001,low,six_max,mid,1.9212075,96.060375,1.9212075,0,0,0,0,0,0,0,0,0
second_monitor,Second Monitor,base,C,10,modeled,s001,low,six_max,mid,1.9212075,96.060375,1.9212075,0,0,0,0,0,0,0,0,0
second_monitor,Second Monitor,corrupt,C,6,modeled,s001,low,six_max,mid,1.9212075,96.060375,1.9212075,0,0,0,0,0,0,0,0,0
laptop_terminal,Laptop Terminal,base,D,12,not modeled,s001,low,six_max,mid,1.9212075,96.060375,1.9212075,0,0,0,0,0,0,0,0,0
laptop_terminal,Laptop Terminal,corrupt,D,6,not modeled,s001,low,six_max,mid,1.9212075,96.060375,1.9212075,0,0,0,0,0,0,0,0,0
gaming_keyboard,Gaming Keyboard,base,D,12,not modeled,s001,low,six_max,mid,1.9212075,96.060375,1.9212075,0,0,0,0,0,0,0,0,0
gaming_keyboard,Gaming Keyboard,corrupt,D,6,not modeled,s001,low,six_max,mid,1.9212075,96.060375,1.9212075,0,0,0,0,0,0,0,0,0
box_of_mice,Box of Mice,base,D,13,not modeled,s001,low,six_max,mid,1.9212075,96.060375,1.9212075,0,0,0,0,0,0,0,0,0
box_of_mice,Box of Mice,corrupt,D,7,not modeled,s001,low,six_max,mid,1.9212075,96.060375,1.9212075,0,0,0,0,0,0,0,0,0
wacom_tablet,Wacom Tablet,base,D,13,not modeled,s001,low,six_max,mid,1.9212075,96.060375,1.9212075,0,0,0,0,0,0,0,0,0
wacom_tablet,Wacom Tablet,corrupt,D,7,not modeled,s001,low,six_max,mid,1.9212075,96.060375,1.9212075,0,0,0,0,0,0,0,0,0
desk_lamp,Desk Lamp,base,D,10,not modeled,s001,low,six_max,mid,1.9212075,96.060375,1.9212075,0,0,0,0,0,0,0,0,0
desk_lamp,Desk Lamp,corrupt,D,6,not modeled,s001,low,six_max,mid,1.9212075,96.060375,1.9212075,0,0,0,0,0,0,0,0,0
telephone,Telephone,base,D,12,not modeled,s001,low,six_max,mid,1.9212075,96.060375,1.9212075,0,0,0,0,0,0,0,0,0
glass_partition,Glass Partition,base,D,12,not modeled,s001,low,six_max,mid,1.9212075,96.060375,1.9212075,0,0,0,0,0,0,0,0,0
electric_kettle,Electric Kettle,base,D,11,not modeled,s001,low,six_max,mid,1.9212075,96.060375,1.9212075,0,0,0,0,0,0,0,0,0
electric_kettle,Electric Kettle,corrupt,D,8,not modeled,s001,low,six_max,mid,1.9212075,96.060375,1.9212075,0,0,0,0,0,0,0,0,0
chrome_toaster,Chrome Toaster,base,D,14,not modeled,s001,low,six_max,mid,1.9212075,96.060375,2.015153532,0.09394603199999985,18.789206400000012,1.3420861714285723,4.697301600000003,939.460320000002,67.10430857142872,1.0852799999999974,0,0.04889947181655279
chrome_toaster,Chrome Toaster,corrupt,D,8,not modeled,s001,low,six_max,mid,1.9212075,96.060375,2.33222139,0.41101389,82.20277799999997,10.275347249999996,20.550694500000006,4110.138900000002,513.7673625000002,4.748099999999997,0,0.2139351891974188
first_aid_kit,First Aid Kit,base,D,16,proc,s001,low,six_max,mid,1.9212075,96.060375,1.9212075,0,0,0,0,0,0,0,0,0
first_aid_kit,First Aid Kit,corrupt,D,8,partial,s001,low,six_max,mid,1.9212075,96.060375,1.33416792,-0.5870395799999999,-117.40791599999994,-14.675989499999993,-29.351979,-5870.395799999998,-733.7994749999998,0,0,-0.3055576141567217
nightstand,Nightstand,base,D,13,proc,s001,low,six_max,mid,1.9212075,96.060375,1.9212075,0,0,0,0,0,0,0,0,0
nightstand,Nightstand,corrupt,D,8,proc,s001,low,six_max,mid,1.9212075,96.060375,1.9212075,0,0,0,0,0,0,0,0,0
receipt_printer,Receipt Printer,base,C,19,proc,s001,low,six_max,mid,1.9212075,96.060375,1.9212075,0,0,0,0,0,0,0,0,0
receipt_printer,Receipt Printer,corrupt,C,9,proc,s001,low,six_max,mid,1.9212075,96.060375,1.9212075,0,0,0,0,0,0,0,0,0
microwave_oven,Microwave Oven,base,D,18,proc,s001,low,six_max,mid,1.9212075,96.060375,1.9212075,0,0,0,0,0,0,0,0,0
microwave_oven,Microwave Oven,corrupt,D,10,partial,s001,low,six_max,mid,1.9212075,96.060375,1.90341195,-0.017795549999999993,-3.5591099999999756,-0.35591099999999753,-0.8897774999999939,-177.9554999999964,-17.79554999999964,0,0,-0.009262690261202912
framed_diploma,Framed Diploma,base,D,18,proc,s001,low,six_max,mid,1.9212075,96.060375,1.9212075,0,0,0,0,0,0,0,0,0
framed_diploma,Framed Diploma,corrupt,D,9,partial,s001,low,six_max,mid,1.9212075,96.060375,1.33416792,-0.5870395799999999,-117.40791599999994,-13.045323999999994,-29.351979,-5870.395799999998,-652.2661999999998,0,0,-0.3055576141567217
laminated_blueprint,Laminated Blueprint,base,D,19,not modeled,s001,low,six_max,mid,1.9212075,96.060375,1.9212075,0,0,0,0,0,0,0,0,0
laminated_blueprint,Laminated Blueprint,corrupt,D,10,not modeled,s001,low,six_max,mid,1.9212075,96.060375,1.9212075,0,0,0,0,0,0,0,0,0
console_television,Console Television,base,D,26,proc,s001,low,six_max,mid,1.9212075,96.060375,1.9212075,0,0,0,0,0,0,0,0,0
console_television,Console Television,corrupt,D,13,partial,s001,low,six_max,mid,1.9212075,96.060375,0.9428082,-0.9783993,-195.67985999999996,-15.05229692307692,-48.91996499999999,-9783.992999999995,-752.6148461538457,0,0,-0.509262690261203
desk_speakers,Desk Speakers,base,C,10,modeled,s001,low,six_max,mid,1.9212075,96.060375,1.9212075,0,0,0,0,0,0,0,0,0
desk_speakers,Desk Speakers,corrupt,C,6,modeled,s001,low,six_max,mid,1.9212075,96.060375,1.5696325,-0.35157499999999997,-70.315,-11.719166666666666,-17.57875,-3515.749999999998,-585.958333333333,-3.08,-0.09999999999999998,-0.18299689127801133
curved_monitor,Curved Monitor,base,C,13,proc,s001,low,six_max,mid,1.9212075,96.060375,1.9212075,0,0,0,0,0,0,0,0,0
curved_monitor,Curved Monitor,corrupt,C,7,partial,s001,low,six_max,mid,1.9212075,96.060375,1.90341195,-0.017795549999999993,-3.5591099999999756,-0.5084442857142822,-0.8897774999999939,-177.9554999999964,-25.42221428571377,0,0,-0.009262690261202912
tower_upgrade,Tower Upgrade,base,C,14,proc,s001,low,six_max,mid,1.9212075,96.060375,1.9212075,0,0,0,0,0,0,0,0,0
tower_upgrade,Tower Upgrade,corrupt,C,5,partial,s001,low,six_max,mid,1.9212075,96.060375,1.91253569,-0.008671810000000058,-1.734361999999976,-0.3468723999999952,-0.433590499999994,-86.71809999999823,-17.343619999999646,0,0,-0.004513728995957
copy_machine,Copy Machine,base,C,19,not modeled,s001,low,six_max,mid,1.9212075,96.060375,1.9212075,0,0,0,0,0,0,0,0,0
whiteboard,Whiteboard,base,D,17,not modeled,s001,low,six_max,mid,1.9212075,96.060375,1.9212075,0,0,0,0,0,0,0,0,0
high_roller_pass,High Roller Pass,base,D,19,not modeled,s001,low,six_max,mid,1.9212075,96.060375,1.9212075,0,0,0,0,0,0,0,0,0
high_roller_pass,High Roller Pass,corrupt,D,9,partial,s001,low,six_max,mid,1.9212075,96.060375,1.90341195,-0.017795549999999993,-3.5591099999999756,-0.39545666666666396,-0.8897774999999939,-177.9554999999964,-19.772833333332933,0,0,-0.009262690261202912
window,Window,base,D,20,proc,s001,low,six_max,mid,1.9212075,96.060375,1.9212075,0,0,0,0,0,0,0,0,0
window,Window,corrupt,D,10,partial,s001,low,six_max,mid,1.9212075,96.060375,1.90341195,-0.017795549999999993,-3.5591099999999756,-0.35591099999999753,-0.8897774999999939,-177.9554999999964,-17.79554999999964,0,0,-0.009262690261202912
bookshelf,Bookshelf,base,D,22,modeled,s001,low,six_max,mid,1.9212075,96.060375,1.9212075,0,0,0,0,0,0,0,0,0
bookshelf,Bookshelf,corrupt,D,11,modeled,s001,low,six_max,mid,1.9212075,96.060375,1.9212075,0,0,0,0,0,0,0,0,0
cereal_shelf,Cereal Shelf,base,D,24,not modeled,s001,low,six_max,mid,1.9212075,96.060375,1.9212075,0,0,0,0,0,0,0,0,0
cereal_shelf,Cereal Shelf,corrupt,D,12,not modeled,s001,low,six_max,mid,1.9212075,96.060375,1.9212075,0,0,0,0,0,0,0,0,0
fire_extinguisher,Fire Extinguisher,base,D,24,proc,s001,low,six_max,mid,1.9212075,96.060375,1.9212075,0,0,0,0,0,0,0,0,0
fire_extinguisher,Fire Extinguisher,corrupt,D,12,partial,s001,low,six_max,mid,1.9212075,96.060375,1.43200785,-0.48919965,-97.83992999999998,-8.153327499999998,-24.459982499999995,-4891.9964999999975,-407.6663749999998,0,0,-0.2546313451306015
blackout_curtains,Blackout Curtains,base,D,24,proc,s001,low,six_max,mid,1.9212075,96.060375,1.9212075,0,0,0,0,0,0,0,0,0
blackout_curtains,Blackout Curtains,corrupt,D,12,partial,s001,low,six_max,mid,1.9212075,96.060375,1.89985284,-0.02135465999999986,-4.270931999999959,-0.3559109999999966,-1.0677329999999898,-213.54659999999785,-17.79554999999982,0,0,-0.011115228313443425
tip_jar,Tip Jar,base,D,24,not modeled,s001,low,six_max,mid,1.9212075,96.060375,1.9212075,0,0,0,0,0,0,0,0,0
tip_jar,Tip Jar,corrupt,D,12,not modeled,s001,low,six_max,mid,1.9212075,96.060375,1.9212075,0,0,0,0,0,0,0,0,0
shredder,Shredder,base,D,18,proc,s001,low,six_max,mid,1.9212075,96.060375,1.9212075,0,0,0,0,0,0,0,0,0
shredder,Shredder,corrupt,D,9,partial,s001,low,six_max,mid,1.9212075,96.060375,1.33416792,-0.5870395799999999,-117.40791599999994,-13.045323999999994,-29.351979,-5870.395799999998,-652.2661999999998,0,0,-0.3055576141567217
cool_towel,Cool Towel,base,D,16,proc,s001,low,six_max,mid,1.9212075,96.060375,1.9212075,0,0,0,0,0,0,0,0,0
waste_basket,Waste Basket,base,D,18,proc,s001,low,six_max,mid,1.9212075,96.060375,1.9212075,0,0,0,0,0,0,0,0,0
waste_basket,Waste Basket,corrupt,D,9,proc,s001,low,six_max,mid,1.9212075,96.060375,1.9212075,0,0,0,0,0,0,0,0,0
cleaning_robot,Cleaning Robot,base,D,24,proc,s001,low,six_max,mid,1.9212075,96.060375,1.9212075,0,0,0,0,0,0,0,0,0
wall_hanger,Wall Hanger,base,A,2,modeled,s001,low,six_max,capped,3.4000829,170.004145,3.9896829,0.5895999999999999,117.92000000000007,58.960000000000036,29.480000000000018,5896,2948,0,0,0.17340753662212174
wall_hanger,Wall Hanger,corrupt,A,2,modeled,s001,low,six_max,capped,3.4000829,170.004145,15.1920829,11.792000000000002,2358.4,1179.2,589.6,117920.00000000003,58960.000000000015,0,0,3.4681507324424357
mirror,Mirror,base,A,3,modeled,s001,low,six_max,capped,3.4000829,170.004145,3.4000829,0,0,0,0,0,0,0,0,0
mirror,Mirror,corrupt,A,2,modeled,s001,low,six_max,capped,3.4000829,170.004145,3.4000829,0,0,0,0,0,0,0,0,0
fight_night_poster,Fight Night Poster,base,A,4,not modeled,s001,low,six_max,capped,3.4000829,170.004145,3.4000829,0,0,0,0,0,0,0,0,0
fight_night_poster,Fight Night Poster,corrupt,A,3,not modeled,s001,low,six_max,capped,3.4000829,170.004145,3.4000829,0,0,0,0,0,0,0,0,0
energy_drink,Energy Drink,base,A,3,proc,s001,low,six_max,capped,3.4000829,170.004145,3.4000829,0,0,0,0,0,0,0,0,0
energy_drink,Energy Drink,corrupt,A,2,proc,s001,low,six_max,capped,3.4000829,170.004145,3.4000829,0,0,0,0,0,0,0,0,0
corkboard,Corkboard,base,A,4,modeled,s001,low,six_max,capped,3.4000829,170.004145,3.6581764,0.25809349999999975,51.61869999999999,12.904674999999997,12.904674999999997,2580.9349999999977,645.2337499999994,2.5,0.04999999999999993,0.0759080021254775
corkboard,Corkboard,corrupt,A,2,modeled,s001,low,six_max,capped,3.4000829,170.004145,4.4324569,1.032374,206.47479999999996,103.23739999999998,51.61870000000002,10323.740000000005,5161.870000000003,10,0.19999999999999996,0.3036320085019103
stack_of_books,Stack of Books,base,A,4,modeled,s001,low,six_max,capped,3.4000829,170.004145,3.4066154,0.006532500000000052,1.3065000000000282,0.32662500000000705,0.32662500000000705,65.32500000000437,16.33125000000109,0,0,0.001921276684165569
stack_of_books,Stack of Books,corrupt,A,3,modeled,s001,low,six_max,capped,3.4000829,170.004145,3.4118414,0.011758500000000005,2.3517000000000507,0.7839000000000169,0.5879250000000127,117.5850000000064,39.19500000000213,0,0,0.003458298031497998
throw_pillow,Throw Pillow,base,A,4,modeled,s001,low,six_max,capped,3.4000829,170.004145,3.400402175,0.0003192749999998412,0.06385499999998956,0.01596374999999739,0.01596374999999739,3.192750000001979,0.7981875000004948,0,0,0.00009390212220997353
throw_pillow,Throw Pillow,corrupt,A,2,modeled,s001,low,six_max,capped,3.4000829,170.004145,3.39857414,-0.001508760000000109,-0.30175199999996494,-0.15087599999998247,-0.07543799999999123,-15.087599999998929,-7.5437999999994645,0,0,-0.00044374212169947646
starter_gift_box,Starter Gift Box,base,A,4,not modeled,s001,low,six_max,capped,3.4000829,170.004145,3.4000829,0,0,0,0,0,0,0,0,0
starter_gift_box,Starter Gift Box,corrupt,A,3,not modeled,s001,low,six_max,capped,3.4000829,170.004145,3.4000829,0,0,0,0,0,0,0,0,0
lava_lamp,Lava Lamp,base,A,5,modeled,s001,low,six_max,capped,3.4000829,170.004145,3.43068515,0.03060224999999983,6.120450000000005,1.224090000000001,1.5301125000000013,306.0224999999991,61.204499999999825,0,0,0.009000442312744735
lava_lamp,Lava Lamp,corrupt,A,3,modeled,s001,low,six_max,capped,3.4000829,170.004145,3.49188965,0.09180674999999994,18.36135000000013,6.1204500000000435,4.590337500000004,918.0675000000047,306.02250000000157,0,0,0.02700132693823434
comfort_bed,Comfort Bed,base,A,4,modeled,s001,low,six_max,capped,3.4000829,170.004145,3.400145765,0.00006286499999985651,0.012572999999974854,0.0031432499999937136,0.0031432499999937136,0.6286499999987427,0.15716249999968568,0,0,0.000018489255070767983
comfort_bed,Comfort Bed,corrupt,A,2,not modeled,s001,low,six_max,capped,3.4000829,170.004145,3.4000829,0,0,0,0,0,0,0,0,0
yellow_sticky_note,Yellow Sticky Note,base,A,5,modeled,s001,low,six_max,capped,3.4000829,170.004145,4.25491915,0.85483625,170.96725000000004,34.193450000000006,42.74181250000001,8548.362500000003,1709.6725000000006,0,0,0.25141629634971546
yellow_sticky_note,Yellow Sticky Note,corrupt,A,4,modeled,s001,low,six_max,capped,3.4000829,170.004145,13.6581179,10.258035,2051.6070000000004,512.9017500000001,512.90175,102580.35,25645.0875,0,0,3.0169955561965853
rubber_duck,Rubber Duck,base,A,5,not modeled,s001,low,six_max,capped,3.4000829,170.004145,3.4000829,0,0,0,0,0,0,0,0,0
rubber_duck,Rubber Duck,corrupt,A,2,modeled,s001,low,six_max,capped,3.4000829,170.004145,3.2024393,-0.19764360000000014,-39.52872000000002,-19.76436000000001,-9.882180000000005,-1976.4360000000015,-988.2180000000008,0,0,-0.058129053265142484
stash_box,Stash Box,base,B,6,not modeled,s001,low,six_max,capped,3.4000829,170.004145,3.4000829,0,0,0,0,0,0,0,0,0
stash_box,Stash Box,corrupt,B,3,not modeled,s001,low,six_max,capped,3.4000829,170.004145,3.4000829,0,0,0,0,0,0,0,0,0
dogs_playing_poker,Dogs Playing Poker,base,B,6,proc,s001,low,six_max,capped,3.4000829,170.004145,3.4000829,0,0,0,0,0,0,0,0,0
dogs_playing_poker,Dogs Playing Poker,corrupt,B,3,proc,s001,low,six_max,capped,3.4000829,170.004145,3.4000829,0,0,0,0,0,0,0,0,0
calculator,Calculator,base,B,7,modeled,s001,low,six_max,capped,3.4000829,170.004145,4.0395392375,0.6394563374999995,127.89126750000003,18.270181071428574,31.972816875000007,6394.563375000005,913.5090535714293,6.969000000000001,0.03749999999999998,0.18807080777353974
calculator,Calculator,corrupt,B,4,modeled,s001,low,six_max,capped,3.4000829,170.004145,7.1925296198685,3.7924467198685,758.4893439737,189.622335993425,189.62233599342,37924.467198684,9481.116799671,43.001650165017,0.2799999999999999,1.1153983098084166
ring_binder,Ring Binder,base,B,7,not modeled,s001,low,six_max,capped,3.4000829,170.004145,3.4000829,0,0,0,0,0,0,0,0,0
ring_binder,Ring Binder,corrupt,B,4,not modeled,s001,low,six_max,capped,3.4000829,170.004145,3.4000829,0,0,0,0,0,0,0,0,0
space_heater,Space Heater,base,B,8,modeled,s001,low,six_max,capped,3.4000829,170.004145,3.40393532,0.0038524199999998565,0.7704840000000104,0.0963105000000013,0.1926210000000026,38.52419999999984,4.81552499999998,0,0,0.0011330370797723362
space_heater,Space Heater,corrupt,B,8,modeled,s001,low,six_max,capped,3.4000829,170.004145,3.3615587,-0.03852420000000034,-7.70483999999999,-0.9631049999999988,-1.9262099999999975,-385.24199999999837,-48.155249999999796,0,0,-0.011330370797723885
pencil_holder,Pencil Holder,base,B,8,not modeled,s001,low,six_max,capped,3.4000829,170.004145,3.4000829,0,0,0,0,0,0,0,0,0
pencil_holder,Pencil Holder,corrupt,B,4,not modeled,s001,low,six_max,capped,3.4000829,170.004145,3.4000829,0,0,0,0,0,0,0,0,0
bonsai,Bonsai,base,B,10,not modeled,s001,low,six_max,capped,3.4000829,170.004145,3.4000829,0,0,0,0,0,0,0,0,0
bonsai,Bonsai,corrupt,B,5,not modeled,s001,low,six_max,capped,3.4000829,170.004145,3.4000829,0,0,0,0,0,0,0,0,0
desk_plant,Desk Plant,base,B,8,modeled,s001,low,six_max,capped,3.4000829,170.004145,3.7097951,0.3097121999999999,61.94244000000003,7.742805000000004,15.485610000000008,3097.122000000003,387.1402500000004,3,0.05999999999999994,0.09108960255057306
desk_plant,Desk Plant,corrupt,B,5,modeled,s001,low,six_max,capped,3.4000829,170.004145,4.8454065,1.4453236,289.0647200000001,57.812944000000016,72.26618000000002,14453.236000000004,2890.647200000001,14,0.2799999999999999,0.4250848119026745
desk,Desk,base,B,9,not modeled,s001,low,six_max,capped,3.4000829,170.004145,3.4000829,0,0,0,0,0,0,0,0,0
desk,Desk,corrupt,B,5,not modeled,s001,low,six_max,capped,3.4000829,170.004145,3.4000829,0,0,0,0,0,0,0,0,0
rebuy_sticky_note,Rebuy Sticky Note,base,B,10,not modeled,s001,low,six_max,capped,3.4000829,170.004145,3.4000829,0,0,0,0,0,0,0,0,0
rebuy_sticky_note,Rebuy Sticky Note,corrupt,B,5,not modeled,s001,low,six_max,capped,3.4000829,170.004145,3.4000829,0,0,0,0,0,0,0,0,0
gaming_chair,Gaming Chair,base,B,10,proc,s001,low,six_max,capped,3.4000829,170.004145,3.4000829,0,0,0,0,0,0,0,0,0
gaming_chair,Gaming Chair,corrupt,B,5,partial,s001,low,six_max,capped,3.4000829,170.004145,3.39237806,-0.007704840000000157,-1.5409680000000208,-0.3081936000000042,-0.3852420000000052,-77.04839999999967,-15.409679999999934,0,0,-0.002266074159544803
headset,Headset,base,B,6,modeled,s001,low,six_max,capped,3.4000829,170.004145,3.4000829,0,0,0,0,0,0,0,0,0
headset,Headset,corrupt,B,5,modeled,s001,low,six_max,capped,3.4000829,170.004145,3.4000829,0,0,0,0,0,0,0,0,0
prize_vase,Prize Vase,base,C,12,proc,s001,low,six_max,capped,3.4000829,170.004145,3.4000829,0,0,0,0,0,0,0,0,0
prize_vase,Prize Vase,corrupt,C,6,proc,s001,low,six_max,capped,3.4000829,170.004145,3.4000829,0,0,0,0,0,0,0,0,0
compact_fridge,Compact Fridge,base,B,12,not modeled,s001,low,six_max,capped,3.4000829,170.004145,3.4000829,0,0,0,0,0,0,0,0,0
compact_fridge,Compact Fridge,corrupt,B,6,not modeled,s001,low,six_max,capped,3.4000829,170.004145,3.4000829,0,0,0,0,0,0,0,0,0
wall_clock,Wall Clock,base,B,12,proc,s001,low,six_max,capped,3.4000829,170.004145,3.4000829,0,0,0,0,0,0,0,0,0
wall_clock,Wall Clock,corrupt,B,7,partial,s001,low,six_max,capped,3.4000829,170.004145,3.39045185,-0.009631050000000307,-1.9262099999999691,-0.2751728571428527,-0.4815524999999923,-96.31049999999959,-13.7586428571428,0,0,-0.0028325926994310366
house_cat,House Cat,base,B,8,proc,s001,low,six_max,capped,3.4000829,170.004145,3.4000829,0,0,0,0,0,0,0,0,0
house_cat,House Cat,corrupt,B,4,proc,s001,low,six_max,capped,3.4000829,170.004145,3.4000829,0,0,0,0,0,0,0,0,0
candle,Candle,base,B,7,proc,s001,low,six_max,capped,3.4000829,170.004145,3.4000829,0,0,0,0,0,0,0,0,0
dusty_console,Dusty Console,base,B,5,modeled,s001,low,six_max,capped,3.4000829,170.004145,3.4000829,0,0,0,0,0,0,0,0,0
handheld,Handheld,base,B,5,modeled,s001,low,six_max,capped,3.4000829,170.004145,3.4000829,0,0,0,0,0,0,0,0,0
red_rug,Red Rug,base,B,8,modeled,s001,low,six_max,capped,3.4000829,170.004145,3.4000829,0,0,0,0,0,0,0,0,0
dish_soap,Dish Soap,base,B,12,proc,s001,low,six_max,capped,3.4000829,170.004145,3.4000829,0,0,0,0,0,0,0,0,0
rolled_vouchers,Rolled Vouchers,base,C,9,proc,s001,low,six_max,capped,3.4000829,170.004145,3.4000829,0,0,0,0,0,0,0,0,0
rolled_vouchers,Rolled Vouchers,corrupt,C,5,proc,s001,low,six_max,capped,3.4000829,170.004145,3.4000829,0,0,0,0,0,0,0,0,0
second_monitor,Second Monitor,base,C,10,modeled,s001,low,six_max,capped,3.4000829,170.004145,3.4000829,0,0,0,0,0,0,0,0,0
second_monitor,Second Monitor,corrupt,C,6,modeled,s001,low,six_max,capped,3.4000829,170.004145,3.4000829,0,0,0,0,0,0,0,0,0
laptop_terminal,Laptop Terminal,base,D,12,not modeled,s001,low,six_max,capped,3.4000829,170.004145,3.4000829,0,0,0,0,0,0,0,0,0
laptop_terminal,Laptop Terminal,corrupt,D,6,not modeled,s001,low,six_max,capped,3.4000829,170.004145,3.4000829,0,0,0,0,0,0,0,0,0
gaming_keyboard,Gaming Keyboard,base,D,12,not modeled,s001,low,six_max,capped,3.4000829,170.004145,3.4000829,0,0,0,0,0,0,0,0,0
gaming_keyboard,Gaming Keyboard,corrupt,D,6,not modeled,s001,low,six_max,capped,3.4000829,170.004145,3.4000829,0,0,0,0,0,0,0,0,0
box_of_mice,Box of Mice,base,D,13,not modeled,s001,low,six_max,capped,3.4000829,170.004145,3.4000829,0,0,0,0,0,0,0,0,0
box_of_mice,Box of Mice,corrupt,D,7,not modeled,s001,low,six_max,capped,3.4000829,170.004145,3.4000829,0,0,0,0,0,0,0,0,0
wacom_tablet,Wacom Tablet,base,D,13,not modeled,s001,low,six_max,capped,3.4000829,170.004145,3.4000829,0,0,0,0,0,0,0,0,0
wacom_tablet,Wacom Tablet,corrupt,D,7,not modeled,s001,low,six_max,capped,3.4000829,170.004145,3.4000829,0,0,0,0,0,0,0,0,0
desk_lamp,Desk Lamp,base,D,10,not modeled,s001,low,six_max,capped,3.4000829,170.004145,3.4000829,0,0,0,0,0,0,0,0,0
desk_lamp,Desk Lamp,corrupt,D,6,not modeled,s001,low,six_max,capped,3.4000829,170.004145,3.4000829,0,0,0,0,0,0,0,0,0
telephone,Telephone,base,D,12,not modeled,s001,low,six_max,capped,3.4000829,170.004145,3.4000829,0,0,0,0,0,0,0,0,0
glass_partition,Glass Partition,base,D,12,not modeled,s001,low,six_max,capped,3.4000829,170.004145,3.4000829,0,0,0,0,0,0,0,0,0
electric_kettle,Electric Kettle,base,D,11,not modeled,s001,low,six_max,capped,3.4000829,170.004145,3.4000829,0,0,0,0,0,0,0,0,0
electric_kettle,Electric Kettle,corrupt,D,8,not modeled,s001,low,six_max,capped,3.4000829,170.004145,3.4000829,0,0,0,0,0,0,0,0,0
chrome_toaster,Chrome Toaster,base,D,14,not modeled,s001,low,six_max,capped,3.4000829,170.004145,3.5029145,0.10283160000000002,20.56632000000002,1.4690228571428585,5.141580000000005,1028.315999999999,73.45114285714278,1.3400000000000034,0,0.030243850819049154
chrome_toaster,Chrome Toaster,corrupt,D,8,not modeled,s001,low,six_max,capped,3.4000829,170.004145,3.84997115,0.4498882499999999,89.97765000000004,11.247206250000005,22.49441250000001,4498.882500000007,562.3603125000009,5.862499999999997,0,0.13231684733333998
first_aid_kit,First Aid Kit,base,D,16,proc,s001,low,six_max,capped,3.4000829,170.004145,3.4000829,0,0,0,0,0,0,0,0,0
first_aid_kit,First Aid Kit,corrupt,D,8,partial,s001,low,six_max,capped,3.4000829,170.004145,2.3742794,-1.0258035000000003,-205.16070000000002,-25.645087500000002,-51.29017499999999,-10258.034999999996,-1282.2543749999995,0,0,-0.30169955561965867
nightstand,Nightstand,base,D,13,proc,s001,low,six_max,capped,3.4000829,170.004145,3.4000829,0,0,0,0,0,0,0,0,0
nightstand,Nightstand,corrupt,D,8,proc,s001,low,six_max,capped,3.4000829,170.004145,3.4000829,0,0,0,0,0,0,0,0,0
receipt_printer,Receipt Printer,base,C,19,proc,s001,low,six_max,capped,3.4000829,170.004145,3.4000829,0,0,0,0,0,0,0,0,0
receipt_printer,Receipt Printer,corrupt,C,9,proc,s001,low,six_max,capped,3.4000829,170.004145,3.4000829,0,0,0,0,0,0,0,0,0
microwave_oven,Microwave Oven,base,D,18,proc,s001,low,six_max,capped,3.4000829,170.004145,3.4000829,0,0,0,0,0,0,0,0,0
microwave_oven,Microwave Oven,corrupt,D,10,partial,s001,low,six_max,capped,3.4000829,170.004145,3.39045185,-0.009631050000000307,-1.9262099999999691,-0.1926209999999969,-0.4815524999999923,-96.31049999999959,-9.63104999999996,0,0,-0.0028325926994310366
framed_diploma,Framed Diploma,base,D,18,proc,s001,low,six_max,capped,3.4000829,170.004145,3.4000829,0,0,0,0,0,0,0,0,0
framed_diploma,Framed Diploma,corrupt,D,9,partial,s001,low,six_max,capped,3.4000829,170.004145,2.3742794,-1.0258035000000003,-205.16070000000002,-22.795633333333335,-51.29017499999999,-10258.034999999996,-1139.7816666666663,0,0,-0.30169955561965867
laminated_blueprint,Laminated Blueprint,base,D,19,not modeled,s001,low,six_max,capped,3.4000829,170.004145,3.4000829,0,0,0,0,0,0,0,0,0
laminated_blueprint,Laminated Blueprint,corrupt,D,10,not modeled,s001,low,six_max,capped,3.4000829,170.004145,3.4000829,0,0,0,0,0,0,0,0,0
console_television,Console Television,base,D,26,proc,s001,low,six_max,capped,3.4000829,170.004145,3.4000829,0,0,0,0,0,0,0,0,0
console_television,Console Television,corrupt,D,13,partial,s001,low,six_max,capped,3.4000829,170.004145,1.6904104,-1.7096725000000002,-341.9345,-26.30265384615385,-85.48362499999999,-17096.724999999995,-1315.132692307692,0,0,-0.5028325926994309
desk_speakers,Desk Speakers,base,C,10,modeled,s001,low,six_max,capped,3.4000829,170.004145,3.4000829,0,0,0,0,0,0,0,0,0
desk_speakers,Desk Speakers,corrupt,C,6,modeled,s001,low,six_max,capped,3.4000829,170.004145,2.8838959,-0.516187,-103.23739999999998,-17.20623333333333,-25.809349999999995,-5161.869999999999,-860.3116666666665,-5,-0.10000000000000009,-0.15181600425095515
curved_monitor,Curved Monitor,base,C,13,proc,s001,low,six_max,capped,3.4000829,170.004145,3.4000829,0,0,0,0,0,0,0,0,0
curved_monitor,Curved Monitor,corrupt,C,7,partial,s001,low,six_max,capped,3.4000829,170.004145,3.39045185,-0.009631050000000307,-1.9262099999999691,-0.2751728571428527,-0.4815524999999923,-96.31049999999959,-13.7586428571428,0,0,-0.0028325926994310366
tower_upgrade,Tower Upgrade,base,C,14,proc,s001,low,six_max,capped,3.4000829,170.004145,3.4000829,0,0,0,0,0,0,0,0,0
tower_upgrade,Tower Upgrade,corrupt,C,5,partial,s001,low,six_max,capped,3.4000829,170.004145,3.39660635,-0.0034765500000002447,-0.6953100000000632,-0.13906200000001262,-0.17382749999998737,-34.76549999999406,-6.953099999998813,0,0,-0.001022489775175848
copy_machine,Copy Machine,base,C,19,not modeled,s001,low,six_max,capped,3.4000829,170.004145,3.4000829,0,0,0,0,0,0,0,0,0
whiteboard,Whiteboard,base,D,17,not modeled,s001,low,six_max,capped,3.4000829,170.004145,3.4000829,0,0,0,0,0,0,0,0,0
high_roller_pass,High Roller Pass,base,D,19,not modeled,s001,low,six_max,capped,3.4000829,170.004145,3.4000829,0,0,0,0,0,0,0,0,0
high_roller_pass,High Roller Pass,corrupt,D,9,partial,s001,low,six_max,capped,3.4000829,170.004145,3.39045185,-0.009631050000000307,-1.9262099999999691,-0.2140233333333299,-0.4815524999999923,-96.31049999999959,-10.701166666666621,0,0,-0.0028325926994310366
window,Window,base,D,20,proc,s001,low,six_max,capped,3.4000829,170.004145,3.4000829,0,0,0,0,0,0,0,0,0
window,Window,corrupt,D,10,partial,s001,low,six_max,capped,3.4000829,170.004145,3.39045185,-0.009631050000000307,-1.9262099999999691,-0.1926209999999969,-0.4815524999999923,-96.31049999999959,-9.63104999999996,0,0,-0.0028325926994310366
bookshelf,Bookshelf,base,D,22,modeled,s001,low,six_max,capped,3.4000829,170.004145,3.4000829,0,0,0,0,0,0,0,0,0
bookshelf,Bookshelf,corrupt,D,11,modeled,s001,low,six_max,capped,3.4000829,170.004145,3.4000829,0,0,0,0,0,0,0,0,0
cereal_shelf,Cereal Shelf,base,D,24,not modeled,s001,low,six_max,capped,3.4000829,170.004145,3.4000829,0,0,0,0,0,0,0,0,0
cereal_shelf,Cereal Shelf,corrupt,D,12,not modeled,s001,low,six_max,capped,3.4000829,170.004145,3.4000829,0,0,0,0,0,0,0,0,0
fire_extinguisher,Fire Extinguisher,base,D,24,proc,s001,low,six_max,capped,3.4000829,170.004145,3.4000829,0,0,0,0,0,0,0,0,0
fire_extinguisher,Fire Extinguisher,corrupt,D,12,partial,s001,low,six_max,capped,3.4000829,170.004145,2.54524665,-0.85483625,-170.96724999999992,-14.247270833333326,-42.741812499999995,-8548.3625,-712.3635416666666,0,0,-0.25141629634971546
blackout_curtains,Blackout Curtains,base,D,24,proc,s001,low,six_max,capped,3.4000829,170.004145,3.4000829,0,0,0,0,0,0,0,0,0
blackout_curtains,Blackout Curtains,corrupt,D,12,partial,s001,low,six_max,capped,3.4000829,170.004145,3.38852564,-0.011557260000000014,-2.3114519999999175,-0.19262099999999313,-0.5778630000000078,-115.57259999999951,-9.63104999999996,0,0,-0.0033991112393171393
tip_jar,Tip Jar,base,D,24,not modeled,s001,low,six_max,capped,3.4000829,170.004145,3.4000829,0,0,0,0,0,0,0,0,0
tip_jar,Tip Jar,corrupt,D,12,not modeled,s001,low,six_max,capped,3.4000829,170.004145,3.4000829,0,0,0,0,0,0,0,0,0
shredder,Shredder,base,D,18,proc,s001,low,six_max,capped,3.4000829,170.004145,3.4000829,0,0,0,0,0,0,0,0,0
shredder,Shredder,corrupt,D,9,partial,s001,low,six_max,capped,3.4000829,170.004145,2.3742794,-1.0258035000000003,-205.16070000000002,-22.795633333333335,-51.29017499999999,-10258.034999999996,-1139.7816666666663,0,0,-0.30169955561965867
cool_towel,Cool Towel,base,D,16,proc,s001,low,six_max,capped,3.4000829,170.004145,3.4000829,0,0,0,0,0,0,0,0,0
waste_basket,Waste Basket,base,D,18,proc,s001,low,six_max,capped,3.4000829,170.004145,3.4000829,0,0,0,0,0,0,0,0,0
waste_basket,Waste Basket,corrupt,D,9,proc,s001,low,six_max,capped,3.4000829,170.004145,3.4000829,0,0,0,0,0,0,0,0,0
cleaning_robot,Cleaning Robot,base,D,24,proc,s001,low,six_max,capped,3.4000829,170.004145,3.4000829,0,0,0,0,0,0,0,0,0
wall_hanger,Wall Hanger,base,A,2,modeled,s001,low,hu,naked,0.112378,5.6189,0.142298,0.029920000000000002,14.960000000000015,7.4800000000000075,1.4959999999999996,747.9999999999995,373.9999999999998,0,0,0.26624428268878253
wall_hanger,Wall Hanger,corrupt,A,2,modeled,s001,low,hu,naked,0.112378,5.6189,0.710778,0.5984,299.2,149.6,29.919999999999998,14959.999999999996,7479.999999999998,0,0,5.324885653775651
mirror,Mirror,base,A,3,modeled,s001,low,hu,naked,0.112378,5.6189,0.252815,0.140437,70.2185,23.406166666666667,7.021850000000001,3510.9249999999997,1170.3083333333332,2.1999999999999993,0.09999999999999998,1.249684101870473
mirror,Mirror,corrupt,A,2,modeled,s001,low,hu,naked,0.112378,5.6189,0.6039075,0.49152950000000006,245.76475000000002,122.88237500000001,24.576475,12288.237499999997,6144.118749999999,7.699999999999999,0.35,4.373894356546655
fight_night_poster,Fight Night Poster,base,A,4,not modeled,s001,low,hu,naked,0.112378,5.6189,0.112378,0,0,0,0,0,0,0,0,0
fight_night_poster,Fight Night Poster,corrupt,A,3,not modeled,s001,low,hu,naked,0.112378,5.6189,0.112378,0,0,0,0,0,0,0,0,0
energy_drink,Energy Drink,base,A,3,proc,s001,low,hu,naked,0.112378,5.6189,0.112378,0,0,0,0,0,0,0,0,0
energy_drink,Energy Drink,corrupt,A,2,proc,s001,low,hu,naked,0.112378,5.6189,0.112378,0,0,0,0,0,0,0,0,0
corkboard,Corkboard,base,A,4,modeled,s001,low,hu,naked,0.112378,5.6189,0.1825965,0.07021849999999999,35.109249999999996,8.777312499999999,3.5109250000000003,1755.4625,438.865625,1.0999999999999996,0.04999999999999999,0.6248420509352363
corkboard,Corkboard,corrupt,A,2,modeled,s001,low,hu,naked,0.112378,5.6189,0.393252,0.28087399999999996,140.437,70.2185,14.043700000000001,7021.8499999999985,3510.9249999999993,4.399999999999999,0.19999999999999996,2.499368203740945
stack_of_books,Stack of Books,base,A,4,modeled,s001,low,hu,naked,0.112378,5.6189,0.121178,0.008799999999999988,4.399999999999999,1.0999999999999996,0.4400000000000004,220,55,0,0,0.07830714196728887
stack_of_books,Stack of Books,corrupt,A,3,modeled,s001,low,hu,naked,0.112378,5.6189,0.128218,0.015839999999999993,7.919999999999995,2.6399999999999983,0.7919999999999998,395.99999999999955,131.99999999999986,0,0,0.14095285554112008
throw_pillow,Throw Pillow,base,A,4,modeled,s001,low,hu,naked,0.112378,5.6189,0.1232785,0.010900499999999994,5.450249999999997,1.3625624999999992,0.5450249999999999,272.5124999999998,68.12812499999995,0,0,0.09699852284254919
throw_pillow,Throw Pillow,corrupt,A,2,modeled,s001,low,hu,naked,0.112378,5.6189,0.0608668,-0.05151120000000001,-25.7556,-12.8778,-2.57556,-1287.7800000000002,-643.8900000000001,0,0,-0.45837441492107
starter_gift_box,Starter Gift Box,base,A,4,not modeled,s001,low,hu,naked,0.112378,5.6189,0.112378,0,0,0,0,0,0,0,0,0
starter_gift_box,Starter Gift Box,corrupt,A,3,not modeled,s001,low,hu,naked,0.112378,5.6189,0.112378,0,0,0,0,0,0,0,0,0
lava_lamp,Lava Lamp,base,A,5,modeled,s001,low,hu,naked,0.112378,5.6189,0.124078,0.011699999999999988,5.849999999999994,1.1699999999999988,0.585,292.49999999999955,58.49999999999991,0,0,0.10411290466105455
lava_lamp,Lava Lamp,corrupt,A,3,modeled,s001,low,hu,naked,0.112378,5.6189,0.147478,0.03509999999999999,17.54999999999999,5.849999999999997,1.755,877.4999999999995,292.49999999999983,0,0,0.3123387139831639
comfort_bed,Comfort Bed,base,A,4,modeled,s001,low,hu,naked,0.112378,5.6189,0.1296373,0.017259300000000005,8.629650000000005,2.1574125000000013,0.862965,431.4824999999996,107.8706249999999,0,0,0.15358255174500351
comfort_bed,Comfort Bed,corrupt,A,2,not modeled,s001,low,hu,naked,0.112378,5.6189,0.112378,0,0,0,0,0,0,0,0,0
yellow_sticky_note,Yellow Sticky Note,base,A,5,modeled,s001,low,hu,naked,0.112378,5.6189,0.207878,0.0955,47.75000000000001,9.55,4.775,2387.4999999999995,477.4999999999999,0,0,0.8498104611222836
yellow_sticky_note,Yellow Sticky Note,corrupt,A,4,modeled,s001,low,hu,naked,0.112378,5.6189,1.258378,1.146,573,143.25,57.3,28650,7162.5,0,0,10.197725533467404
rubber_duck,Rubber Duck,base,A,5,not modeled,s001,low,hu,naked,0.112378,5.6189,0.112378,0,0,0,0,0,0,0,0,0
rubber_duck,Rubber Duck,corrupt,A,2,modeled,s001,low,hu,naked,0.112378,5.6189,-0.082922,-0.1953,-97.65,-48.825,-9.765,-4882.5,-2441.25,0,0,-1.73788463934222
stash_box,Stash Box,base,B,6,not modeled,s001,low,hu,naked,0.112378,5.6189,0.112378,0,0,0,0,0,0,0,0,0
stash_box,Stash Box,corrupt,B,3,not modeled,s001,low,hu,naked,0.112378,5.6189,0.112378,0,0,0,0,0,0,0,0,0
dogs_playing_poker,Dogs Playing Poker,base,B,6,proc,s001,low,hu,naked,0.112378,5.6189,0.112378,0,0,0,0,0,0,0,0,0
dogs_playing_poker,Dogs Playing Poker,corrupt,B,3,proc,s001,low,hu,naked,0.112378,5.6189,0.112378,0,0,0,0,0,0,0,0,0
calculator,Calculator,base,B,7,modeled,s001,low,hu,naked,0.112378,5.6189,0.112378,0,0,0,0,0,0,0,0,0
calculator,Calculator,corrupt,B,4,modeled,s001,low,hu,naked,0.112378,5.6189,0.112378,0,0,0,0,0,0,0,0,0
ring_binder,Ring Binder,base,B,7,not modeled,s001,low,hu,naked,0.112378,5.6189,0.112378,0,0,0,0,0,0,0,0,0
ring_binder,Ring Binder,corrupt,B,4,not modeled,s001,low,hu,naked,0.112378,5.6189,0.112378,0,0,0,0,0,0,0,0,0
space_heater,Space Heater,base,B,8,modeled,s001,low,hu,naked,0.112378,5.6189,0.1663024,0.05392439999999998,26.96219999999999,3.3702749999999986,2.6962200000000003,1348.1100000000001,168.51375000000002,0,0,0.4798483688978268
space_heater,Space Heater,corrupt,B,8,modeled,s001,low,hu,naked,0.112378,5.6189,-0.426866,-0.5392440000000001,-269.622,-33.70275,-26.9622,-13481.1,-1685.1375,0,0,-4.79848368897827
pencil_holder,Pencil Holder,base,B,8,not modeled,s001,low,hu,naked,0.112378,5.6189,0.112378,0,0,0,0,0,0,0,0,0
pencil_holder,Pencil Holder,corrupt,B,4,not modeled,s001,low,hu,naked,0.112378,5.6189,0.112378,0,0,0,0,0,0,0,0,0
bonsai,Bonsai,base,B,10,not modeled,s001,low,hu,naked,0.112378,5.6189,0.112378,0,0,0,0,0,0,0,0,0
bonsai,Bonsai,corrupt,B,5,not modeled,s001,low,hu,naked,0.112378,5.6189,0.112378,0,0,0,0,0,0,0,0,0
desk_plant,Desk Plant,base,B,8,modeled,s001,low,hu,naked,0.112378,5.6189,0.112378,0,0,0,0,0,0,0,0,0
desk_plant,Desk Plant,corrupt,B,5,modeled,s001,low,hu,naked,0.112378,5.6189,0.112378,0,0,0,0,0,0,0,0,0
desk,Desk,base,B,9,not modeled,s001,low,hu,naked,0.112378,5.6189,0.112378,0,0,0,0,0,0,0,0,0
desk,Desk,corrupt,B,5,not modeled,s001,low,hu,naked,0.112378,5.6189,0.112378,0,0,0,0,0,0,0,0,0
rebuy_sticky_note,Rebuy Sticky Note,base,B,10,not modeled,s001,low,hu,naked,0.112378,5.6189,0.112378,0,0,0,0,0,0,0,0,0
rebuy_sticky_note,Rebuy Sticky Note,corrupt,B,5,not modeled,s001,low,hu,naked,0.112378,5.6189,0.112378,0,0,0,0,0,0,0,0,0
gaming_chair,Gaming Chair,base,B,10,proc,s001,low,hu,naked,0.112378,5.6189,0.112378,0,0,0,0,0,0,0,0,0
gaming_chair,Gaming Chair,corrupt,B,5,partial,s001,low,hu,naked,0.112378,5.6189,0.0045292000000001,-0.10784879999999991,-53.92439999999995,-10.78487999999999,-5.39243999999999,-2696.2199999999953,-539.243999999999,0,0,-0.9596967377956531
headset,Headset,base,B,6,modeled,s001,low,hu,naked,0.112378,5.6189,0.112378,0,0,0,0,0,0,0,0,0
headset,Headset,corrupt,B,5,modeled,s001,low,hu,naked,0.112378,5.6189,0.112378,0,0,0,0,0,0,0,0,0
prize_vase,Prize Vase,base,C,12,proc,s001,low,hu,naked,0.112378,5.6189,0.112378,0,0,0,0,0,0,0,0,0
prize_vase,Prize Vase,corrupt,C,6,proc,s001,low,hu,naked,0.112378,5.6189,0.112378,0,0,0,0,0,0,0,0,0
compact_fridge,Compact Fridge,base,B,12,not modeled,s001,low,hu,naked,0.112378,5.6189,0.112378,0,0,0,0,0,0,0,0,0
compact_fridge,Compact Fridge,corrupt,B,6,not modeled,s001,low,hu,naked,0.112378,5.6189,0.112378,0,0,0,0,0,0,0,0,0
wall_clock,Wall Clock,base,B,12,proc,s001,low,hu,naked,0.112378,5.6189,0.112378,0,0,0,0,0,0,0,0,0
wall_clock,Wall Clock,corrupt,B,7,partial,s001,low,hu,naked,0.112378,5.6189,-0.022433,-0.13481100000000001,-67.4055,-9.629357142857144,-6.74055,-3370.2750000000005,-481.4678571428572,0,0,-1.1996209222445675
house_cat,House Cat,base,B,8,proc,s001,low,hu,naked,0.112378,5.6189,0.112378,0,0,0,0,0,0,0,0,0
house_cat,House Cat,corrupt,B,4,proc,s001,low,hu,naked,0.112378,5.6189,0.112378,0,0,0,0,0,0,0,0,0
candle,Candle,base,B,7,proc,s001,low,hu,naked,0.112378,5.6189,0.112378,0,0,0,0,0,0,0,0,0
dusty_console,Dusty Console,base,B,5,modeled,s001,low,hu,naked,0.112378,5.6189,0.1545091,0.042131100000000005,21.065549999999995,4.213109999999999,2.106555,1053.2774999999997,210.65549999999993,0.6600000000000001,0.02999999999999997,0.3749052305611419
handheld,Handheld,base,B,5,modeled,s001,low,hu,naked,0.112378,5.6189,0.112378,0,0,0,0,0,0,0,0,0
red_rug,Red Rug,base,B,8,modeled,s001,low,hu,naked,0.112378,5.6189,0.112378,0,0,0,0,0,0,0,0,0
dish_soap,Dish Soap,base,B,12,proc,s001,low,hu,naked,0.112378,5.6189,0.112378,0,0,0,0,0,0,0,0,0
rolled_vouchers,Rolled Vouchers,base,C,9,proc,s001,low,hu,naked,0.112378,5.6189,0.112378,0,0,0,0,0,0,0,0,0
rolled_vouchers,Rolled Vouchers,corrupt,C,5,proc,s001,low,hu,naked,0.112378,5.6189,0.112378,0,0,0,0,0,0,0,0,0
second_monitor,Second Monitor,base,C,10,modeled,s001,low,hu,naked,0.112378,5.6189,0.112378,0,0,0,0,0,0,0,0,0
second_monitor,Second Monitor,corrupt,C,6,modeled,s001,low,hu,naked,0.112378,5.6189,0.112378,0,0,0,0,0,0,0,0,0
laptop_terminal,Laptop Terminal,base,D,12,not modeled,s001,low,hu,naked,0.112378,5.6189,0.112378,0,0,0,0,0,0,0,0,0
laptop_terminal,Laptop Terminal,corrupt,D,6,not modeled,s001,low,hu,naked,0.112378,5.6189,0.112378,0,0,0,0,0,0,0,0,0
gaming_keyboard,Gaming Keyboard,base,D,12,not modeled,s001,low,hu,naked,0.112378,5.6189,0.112378,0,0,0,0,0,0,0,0,0
gaming_keyboard,Gaming Keyboard,corrupt,D,6,not modeled,s001,low,hu,naked,0.112378,5.6189,0.112378,0,0,0,0,0,0,0,0,0
box_of_mice,Box of Mice,base,D,13,not modeled,s001,low,hu,naked,0.112378,5.6189,0.112378,0,0,0,0,0,0,0,0,0
box_of_mice,Box of Mice,corrupt,D,7,not modeled,s001,low,hu,naked,0.112378,5.6189,0.112378,0,0,0,0,0,0,0,0,0
wacom_tablet,Wacom Tablet,base,D,13,not modeled,s001,low,hu,naked,0.112378,5.6189,0.112378,0,0,0,0,0,0,0,0,0
wacom_tablet,Wacom Tablet,corrupt,D,7,not modeled,s001,low,hu,naked,0.112378,5.6189,0.112378,0,0,0,0,0,0,0,0,0
desk_lamp,Desk Lamp,base,D,10,not modeled,s001,low,hu,naked,0.112378,5.6189,0.112378,0,0,0,0,0,0,0,0,0
desk_lamp,Desk Lamp,corrupt,D,6,not modeled,s001,low,hu,naked,0.112378,5.6189,0.112378,0,0,0,0,0,0,0,0,0
telephone,Telephone,base,D,12,not modeled,s001,low,hu,naked,0.112378,5.6189,0.112378,0,0,0,0,0,0,0,0,0
glass_partition,Glass Partition,base,D,12,not modeled,s001,low,hu,naked,0.112378,5.6189,0.112378,0,0,0,0,0,0,0,0,0
electric_kettle,Electric Kettle,base,D,11,not modeled,s001,low,hu,naked,0.112378,5.6189,0.112378,0,0,0,0,0,0,0,0,0
electric_kettle,Electric Kettle,corrupt,D,8,not modeled,s001,low,hu,naked,0.112378,5.6189,0.112378,0,0,0,0,0,0,0,0,0
chrome_toaster,Chrome Toaster,base,D,14,not modeled,s001,low,hu,naked,0.112378,5.6189,0.12553,0.013151999999999997,6.5760000000000005,0.46971428571428575,0.6576000000000004,328.7999999999997,23.485714285714266,1.0239999999999991,0,0.1170335830856573
chrome_toaster,Chrome Toaster,corrupt,D,8,not modeled,s001,low,hu,naked,0.112378,5.6189,0.169918,0.05754000000000001,28.770000000000017,3.596250000000002,2.8770000000000007,1438.4999999999995,179.81249999999994,4.479999999999999,0,0.5120219259997509
first_aid_kit,First Aid Kit,base,D,16,proc,s001,low,hu,naked,0.112378,5.6189,0.112378,0,0,0,0,0,0,0,0,0
first_aid_kit,First Aid Kit,corrupt,D,8,partial,s001,low,hu,naked,0.112378,5.6189,-0.0022219999999999,-0.11459999999999991,-57.29999999999995,-7.162499999999993,-5.73,-2865.0000000000005,-358.12500000000006,0,0,-1.0197725533467397
nightstand,Nightstand,base,D,13,proc,s001,low,hu,naked,0.112378,5.6189,0.112378,0,0,0,0,0,0,0,0,0
nightstand,Nightstand,corrupt,D,8,proc,s001,low,hu,naked,0.112378,5.6189,0.112378,0,0,0,0,0,0,0,0,0
receipt_printer,Receipt Printer,base,C,19,proc,s001,low,hu,naked,0.112378,5.6189,0.112378,0,0,0,0,0,0,0,0,0
receipt_printer,Receipt Printer,corrupt,C,9,proc,s001,low,hu,naked,0.112378,5.6189,0.112378,0,0,0,0,0,0,0,0,0
microwave_oven,Microwave Oven,base,D,18,proc,s001,low,hu,naked,0.112378,5.6189,0.112378,0,0,0,0,0,0,0,0,0
microwave_oven,Microwave Oven,corrupt,D,10,partial,s001,low,hu,naked,0.112378,5.6189,-0.022433,-0.13481100000000001,-67.4055,-6.740550000000001,-6.74055,-3370.2750000000005,-337.02750000000003,0,0,-1.1996209222445675
framed_diploma,Framed Diploma,base,D,18,proc,s001,low,hu,naked,0.112378,5.6189,0.112378,0,0,0,0,0,0,0,0,0
framed_diploma,Framed Diploma,corrupt,D,9,partial,s001,low,hu,naked,0.112378,5.6189,-0.0022219999999999,-0.11459999999999991,-57.29999999999995,-6.366666666666661,-5.73,-2865.0000000000005,-318.33333333333337,0,0,-1.0197725533467397
laminated_blueprint,Laminated Blueprint,base,D,19,not modeled,s001,low,hu,naked,0.112378,5.6189,0.112378,0,0,0,0,0,0,0,0,0
laminated_blueprint,Laminated Blueprint,corrupt,D,10,not modeled,s001,low,hu,naked,0.112378,5.6189,0.112378,0,0,0,0,0,0,0,0,0
console_television,Console Television,base,D,26,proc,s001,low,hu,naked,0.112378,5.6189,0.112378,0,0,0,0,0,0,0,0,0
console_television,Console Television,corrupt,D,13,partial,s001,low,hu,naked,0.112378,5.6189,-0.078622,-0.191,-95.5,-7.346153846153846,-9.55,-4775,-367.3076923076923,0,0,-1.6996209222445673
desk_speakers,Desk Speakers,base,C,10,modeled,s001,low,hu,naked,0.112378,5.6189,0.112378,0,0,0,0,0,0,0,0,0
desk_speakers,Desk Speakers,corrupt,C,6,modeled,s001,low,hu,naked,0.112378,5.6189,0.112378,0,0,0,0,0,0,0,0,0
curved_monitor,Curved Monitor,base,C,13,proc,s001,low,hu,naked,0.112378,5.6189,0.112378,0,0,0,0,0,0,0,0,0
curved_monitor,Curved Monitor,corrupt,C,7,partial,s001,low,hu,naked,0.112378,5.6189,-0.022433,-0.13481100000000001,-67.4055,-9.629357142857144,-6.74055,-3370.2750000000005,-481.4678571428572,0,0,-1.1996209222445675
tower_upgrade,Tower Upgrade,base,C,14,proc,s001,low,hu,naked,0.112378,5.6189,0.112378,0,0,0,0,0,0,0,0,0
tower_upgrade,Tower Upgrade,corrupt,C,5,partial,s001,low,hu,naked,0.112378,5.6189,0.096124,-0.016254000000000005,-8.127000000000002,-1.6254000000000004,-0.8127000000000004,-406.35000000000036,-81.27000000000007,0,0,-0.14463685062912673
copy_machine,Copy Machine,base,C,19,not modeled,s001,low,hu,naked,0.112378,5.6189,0.112378,0,0,0,0,0,0,0,0,0
whiteboard,Whiteboard,base,D,17,not modeled,s001,low,hu,naked,0.112378,5.6189,0.112378,0,0,0,0,0,0,0,0,0
high_roller_pass,High Roller Pass,base,D,19,not modeled,s001,low,hu,naked,0.112378,5.6189,0.112378,0,0,0,0,0,0,0,0,0
high_roller_pass,High Roller Pass,corrupt,D,9,partial,s001,low,hu,naked,0.112378,5.6189,-0.022433,-0.13481100000000001,-67.4055,-7.4895000000000005,-6.74055,-3370.2750000000005,-374.4750000000001,0,0,-1.1996209222445675
window,Window,base,D,20,proc,s001,low,hu,naked,0.112378,5.6189,0.112378,0,0,0,0,0,0,0,0,0
window,Window,corrupt,D,10,partial,s001,low,hu,naked,0.112378,5.6189,-0.022433,-0.13481100000000001,-67.4055,-6.740550000000001,-6.74055,-3370.2750000000005,-337.02750000000003,0,0,-1.1996209222445675
bookshelf,Bookshelf,base,D,22,modeled,s001,low,hu,naked,0.112378,5.6189,0.112378,0,0,0,0,0,0,0,0,0
bookshelf,Bookshelf,corrupt,D,11,modeled,s001,low,hu,naked,0.112378,5.6189,0.112378,0,0,0,0,0,0,0,0,0
cereal_shelf,Cereal Shelf,base,D,24,not modeled,s001,low,hu,naked,0.112378,5.6189,0.112378,0,0,0,0,0,0,0,0,0
cereal_shelf,Cereal Shelf,corrupt,D,12,not modeled,s001,low,hu,naked,0.112378,5.6189,0.112378,0,0,0,0,0,0,0,0,0
fire_extinguisher,Fire Extinguisher,base,D,24,proc,s001,low,hu,naked,0.112378,5.6189,0.112378,0,0,0,0,0,0,0,0,0
fire_extinguisher,Fire Extinguisher,corrupt,D,12,partial,s001,low,hu,naked,0.112378,5.6189,0.016878,-0.0955,-47.75,-3.9791666666666665,-4.775,-2387.5000000000005,-198.95833333333337,0,0,-0.8498104611222836
blackout_curtains,Blackout Curtains,base,D,24,proc,s001,low,hu,naked,0.112378,5.6189,0.112378,0,0,0,0,0,0,0,0,0
blackout_curtains,Blackout Curtains,corrupt,D,12,partial,s001,low,hu,naked,0.112378,5.6189,-0.0493952,-0.1617732,-80.8866,-6.74055,-8.08866,-4044.3300000000004,-337.02750000000003,0,0,-1.439545106693481
tip_jar,Tip Jar,base,D,24,not modeled,s001,low,hu,naked,0.112378,5.6189,0.112378,0,0,0,0,0,0,0,0,0
tip_jar,Tip Jar,corrupt,D,12,not modeled,s001,low,hu,naked,0.112378,5.6189,0.112378,0,0,0,0,0,0,0,0,0
shredder,Shredder,base,D,18,proc,s001,low,hu,naked,0.112378,5.6189,0.112378,0,0,0,0,0,0,0,0,0
shredder,Shredder,corrupt,D,9,partial,s001,low,hu,naked,0.112378,5.6189,-0.0022219999999999,-0.11459999999999991,-57.29999999999995,-6.366666666666661,-5.73,-2865.0000000000005,-318.33333333333337,0,0,-1.0197725533467397
cool_towel,Cool Towel,base,D,16,proc,s001,low,hu,naked,0.112378,5.6189,0.112378,0,0,0,0,0,0,0,0,0
waste_basket,Waste Basket,base,D,18,proc,s001,low,hu,naked,0.112378,5.6189,0.112378,0,0,0,0,0,0,0,0,0
waste_basket,Waste Basket,corrupt,D,9,proc,s001,low,hu,naked,0.112378,5.6189,0.112378,0,0,0,0,0,0,0,0,0
cleaning_robot,Cleaning Robot,base,D,24,proc,s001,low,hu,naked,0.112378,5.6189,0.112378,0,0,0,0,0,0,0,0,0
wall_hanger,Wall Hanger,base,A,2,modeled,s001,low,hu,mid,0.5726485,28.632425,0.6676445,0.09499599999999997,47.49799999999999,23.748999999999995,4.749799999999997,2374.899999999998,1187.449999999999,0,0,0.16588884804552875
wall_hanger,Wall Hanger,corrupt,A,2,modeled,s001,low,hu,mid,0.5726485,28.632425,2.4725685,1.8999199999999998,949.9599999999999,474.97999999999996,94.996,47497.99999999999,23748.999999999996,0,0,3.317776960910576
mirror,Mirror,base,A,3,modeled,s001,low,hu,mid,0.5726485,28.632425,0.7518155,0.17916699999999997,89.58350000000002,29.861166666666673,8.95835,4479.174999999999,1493.0583333333332,5.080000000000002,0.09999999999999998,0.3128743024735068
mirror,Mirror,corrupt,A,2,modeled,s001,low,hu,mid,0.5726485,28.632425,1.199733,0.6270844999999999,313.54224999999985,156.77112499999993,31.354224999999996,15677.1125,7838.55625,17.779999999999998,0.35,1.0950600586572738
fight_night_poster,Fight Night Poster,base,A,4,not modeled,s001,low,hu,mid,0.5726485,28.632425,0.5726485,0,0,0,0,0,0,0,0,0
fight_night_poster,Fight Night Poster,corrupt,A,3,not modeled,s001,low,hu,mid,0.5726485,28.632425,0.5726485,0,0,0,0,0,0,0,0,0
energy_drink,Energy Drink,base,A,3,proc,s001,low,hu,mid,0.5726485,28.632425,0.5726485,0,0,0,0,0,0,0,0,0
energy_drink,Energy Drink,corrupt,A,2,proc,s001,low,hu,mid,0.5726485,28.632425,0.5726485,0,0,0,0,0,0,0,0,0
corkboard,Corkboard,base,A,4,modeled,s001,low,hu,mid,0.5726485,28.632425,0.662232,0.08958350000000004,44.791750000000036,11.197937500000009,4.4791750000000015,2239.587499999998,559.8968749999995,2.539999999999999,0.04999999999999993,0.1564371512367535
corkboard,Corkboard,corrupt,A,2,modeled,s001,low,hu,mid,0.5726485,28.632425,0.9309825,0.35833400000000004,179.16700000000003,89.58350000000002,17.916699999999995,8958.349999999995,4479.174999999997,10.16,0.19999999999999996,0.6257486049470138
stack_of_books,Stack of Books,base,A,4,modeled,s001,low,hu,mid,0.5726485,28.632425,0.5738585,0.0012100000000000444,0.6050000000000182,0.15125000000000455,0.060499999999997556,30.24999999999818,7.562499999999545,0,0,0.0021129890325392356
stack_of_books,Stack of Books,corrupt,A,3,modeled,s001,low,hu,mid,0.5726485,28.632425,0.5748265,0.0021780000000000133,1.0889999999999986,0.36299999999999955,0.10889999999999844,54.44999999999891,18.149999999999636,0,0,0.0038033802585705073
throw_pillow,Throw Pillow,base,A,4,modeled,s001,low,hu,mid,0.5726485,28.632425,0.579082375,0.006433875000000033,3.2169375000000286,0.8042343750000072,0.3216937499999979,160.84687499999745,40.21171874999936,0,0,0.011235295298948716
throw_pillow,Throw Pillow,corrupt,A,2,modeled,s001,low,hu,mid,0.5726485,28.632425,0.5422447,-0.03040379999999998,-15.201900000000023,-7.600950000000012,-1.520190000000003,-760.095000000003,-380.0475000000015,0,0,-0.05309330243596199
starter_gift_box,Starter Gift Box,base,A,4,not modeled,s001,low,hu,mid,0.5726485,28.632425,0.5726485,0,0,0,0,0,0,0,0,0
starter_gift_box,Starter Gift Box,corrupt,A,3,not modeled,s001,low,hu,mid,0.5726485,28.632425,0.5726485,0,0,0,0,0,0,0,0,0
lava_lamp,Lava Lamp,base,A,5,modeled,s001,low,hu,mid,0.5726485,28.632425,0.58093975,0.008291249999999972,4.1456249999999955,0.8291249999999991,0.41456249999999883,207.28124999999818,41.456249999999635,0,0,0.01447877712069441
lava_lamp,Lava Lamp,corrupt,A,3,modeled,s001,low,hu,mid,0.5726485,28.632425,0.59752225,0.024873750000000028,12.436874999999986,4.1456249999999955,1.2436875,621.8437499999982,207.2812499999994,0,0,0.04343633136208342
comfort_bed,Comfort Bed,base,A,4,modeled,s001,low,hu,mid,0.5726485,28.632425,0.585592975,0.012944474999999955,6.472237499999949,1.6180593749999872,0.6472237499999984,323.61187499999687,80.90296874999922,0,0,0.022604573311551423
comfort_bed,Comfort Bed,corrupt,A,2,not modeled,s001,low,hu,mid,0.5726485,28.632425,0.5726485,0,0,0,0,0,0,0,0,0
yellow_sticky_note,Yellow Sticky Note,base,A,5,modeled,s001,low,hu,mid,0.5726485,28.632425,0.76224725,0.18959875000000004,94.79937500000005,18.95987500000001,9.479937500000002,4739.96875,947.99375,0,0,0.33109097465548243
yellow_sticky_note,Yellow Sticky Note,corrupt,A,4,modeled,s001,low,hu,mid,0.5726485,28.632425,2.8478335,2.275185,1137.5925000000002,284.39812500000005,113.75925,56879.62499999999,14219.906249999998,0,0,3.9730916958657887
rubber_duck,Rubber Duck,base,A,5,not modeled,s001,low,hu,mid,0.5726485,28.632425,0.5726485,0,0,0,0,0,0,0,0,0
rubber_duck,Rubber Duck,corrupt,A,2,modeled,s001,low,hu,mid,0.5726485,28.632425,0.3875041,-0.1851444,-92.57220000000001,-46.286100000000005,-9.25722,-4628.610000000002,-2314.305000000001,0,0,-0.3233124682942503
stash_box,Stash Box,base,B,6,not modeled,s001,low,hu,mid,0.5726485,28.632425,0.5726485,0,0,0,0,0,0,0,0,0
stash_box,Stash Box,corrupt,B,3,not modeled,s001,low,hu,mid,0.5726485,28.632425,0.5726485,0,0,0,0,0,0,0,0,0
dogs_playing_poker,Dogs Playing Poker,base,B,6,proc,s001,low,hu,mid,0.5726485,28.632425,0.5726485,0,0,0,0,0,0,0,0,0
dogs_playing_poker,Dogs Playing Poker,corrupt,B,3,proc,s001,low,hu,mid,0.5726485,28.632425,0.5726485,0,0,0,0,0,0,0,0,0
calculator,Calculator,base,B,7,modeled,s001,low,hu,mid,0.5726485,28.632425,0.64640764856008,0.07375914856008003,36.87957428004,5.268510611434286,3.687957428004001,1843.978714001998,263.425530571714,3.396842105262998,0.022499999999999964,0.12880353054287236
calculator,Calculator,corrupt,B,4,modeled,s001,low,hu,mid,0.5726485,28.632425,1.1522848776477,0.5796363776476999,289.81818882385005,72.45454720596251,28.981818882383,14490.9094411915,3622.727360297875,27.883754789272,0.22499999999999998,1.0122027345705087
ring_binder,Ring Binder,base,B,7,not modeled,s001,low,hu,mid,0.5726485,28.632425,0.5726485,0,0,0,0,0,0,0,0,0
ring_binder,Ring Binder,corrupt,B,4,not modeled,s001,low,hu,mid,0.5726485,28.632425,0.5726485,0,0,0,0,0,0,0,0,0
space_heater,Space Heater,base,B,8,modeled,s001,low,hu,mid,0.5726485,28.632425,0.6097978,0.03714929999999994,18.574649999999963,2.3218312499999954,1.8574649999999977,928.7324999999964,116.09156249999955,0,0,0.06487277972438579
space_heater,Space Heater,corrupt,B,8,modeled,s001,low,hu,mid,0.5726485,28.632425,0.2011555,-0.371493,-185.74650000000003,-23.218312500000003,-18.574650000000002,-9287.325,-1160.915625,0,0,-0.6487277972438591
pencil_holder,Pencil Holder,base,B,8,not modeled,s001,low,hu,mid,0.5726485,28.632425,0.5726485,0,0,0,0,0,0,0,0,0
pencil_holder,Pencil Holder,corrupt,B,4,not modeled,s001,low,hu,mid,0.5726485,28.632425,0.5726485,0,0,0,0,0,0,0,0,0
bonsai,Bonsai,base,B,10,not modeled,s001,low,hu,mid,0.5726485,28.632425,0.5726485,0,0,0,0,0,0,0,0,0
bonsai,Bonsai,corrupt,B,5,not modeled,s001,low,hu,mid,0.5726485,28.632425,0.5726485,0,0,0,0,0,0,0,0,0
desk_plant,Desk Plant,base,B,8,modeled,s001,low,hu,mid,0.5726485,28.632425,0.5726485,0,0,0,0,0,0,0,0,0
desk_plant,Desk Plant,corrupt,B,5,modeled,s001,low,hu,mid,0.5726485,28.632425,0.5726485,0,0,0,0,0,0,0,0,0
desk,Desk,base,B,9,not modeled,s001,low,hu,mid,0.5726485,28.632425,0.5726485,0,0,0,0,0,0,0,0,0
desk,Desk,corrupt,B,5,not modeled,s001,low,hu,mid,0.5726485,28.632425,0.5726485,0,0,0,0,0,0,0,0,0
rebuy_sticky_note,Rebuy Sticky Note,base,B,10,not modeled,s001,low,hu,mid,0.5726485,28.632425,0.5726485,0,0,0,0,0,0,0,0,0
rebuy_sticky_note,Rebuy Sticky Note,corrupt,B,5,not modeled,s001,low,hu,mid,0.5726485,28.632425,0.5726485,0,0,0,0,0,0,0,0,0
gaming_chair,Gaming Chair,base,B,10,proc,s001,low,hu,mid,0.5726485,28.632425,0.5726485,0,0,0,0,0,0,0,0,0
gaming_chair,Gaming Chair,corrupt,B,5,partial,s001,low,hu,mid,0.5726485,28.632425,0.4983499,-0.07429859999999999,-37.14930000000001,-7.429860000000002,-3.7149300000000025,-1857.4650000000038,-371.49300000000073,0,0,-0.12974555944877178
headset,Headset,base,B,6,modeled,s001,low,hu,mid,0.5726485,28.632425,0.5726485,0,0,0,0,0,0,0,0,0
headset,Headset,corrupt,B,5,modeled,s001,low,hu,mid,0.5726485,28.632425,0.5726485,0,0,0,0,0,0,0,0,0
prize_vase,Prize Vase,base,C,12,proc,s001,low,hu,mid,0.5726485,28.632425,0.5726485,0,0,0,0,0,0,0,0,0
prize_vase,Prize Vase,corrupt,C,6,proc,s001,low,hu,mid,0.5726485,28.632425,0.5726485,0,0,0,0,0,0,0,0,0
compact_fridge,Compact Fridge,base,B,12,not modeled,s001,low,hu,mid,0.5726485,28.632425,0.5726485,0,0,0,0,0,0,0,0,0
compact_fridge,Compact Fridge,corrupt,B,6,not modeled,s001,low,hu,mid,0.5726485,28.632425,0.5726485,0,0,0,0,0,0,0,0,0
wall_clock,Wall Clock,base,B,12,proc,s001,low,hu,mid,0.5726485,28.632425,0.5726485,0,0,0,0,0,0,0,0,0
wall_clock,Wall Clock,corrupt,B,7,partial,s001,low,hu,mid,0.5726485,28.632425,0.47977525,-0.09287325000000002,-46.43662499999999,-6.633803571428571,-4.643662500000001,-2321.831250000001,-331.6901785714287,0,0,-0.16218194931096477
house_cat,House Cat,base,B,8,proc,s001,low,hu,mid,0.5726485,28.632425,0.5726485,0,0,0,0,0,0,0,0,0
house_cat,House Cat,corrupt,B,4,proc,s001,low,hu,mid,0.5726485,28.632425,0.5726485,0,0,0,0,0,0,0,0,0
candle,Candle,base,B,7,proc,s001,low,hu,mid,0.5726485,28.632425,0.5726485,0,0,0,0,0,0,0,0,0
dusty_console,Dusty Console,base,B,5,modeled,s001,low,hu,mid,0.5726485,28.632425,0.6263986,0.05375010000000002,26.875049999999987,5.375009999999998,2.687504999999998,1343.7524999999969,268.75049999999936,1.5239999999999974,0.029999999999999916,0.0938622907420521
handheld,Handheld,base,B,5,modeled,s001,low,hu,mid,0.5726485,28.632425,0.5726485,0,0,0,0,0,0,0,0,0
red_rug,Red Rug,base,B,8,modeled,s001,low,hu,mid,0.5726485,28.632425,0.5726485,0,0,0,0,0,0,0,0,0
dish_soap,Dish Soap,base,B,12,proc,s001,low,hu,mid,0.5726485,28.632425,0.5726485,0,0,0,0,0,0,0,0,0
rolled_vouchers,Rolled Vouchers,base,C,9,proc,s001,low,hu,mid,0.5726485,28.632425,0.5726485,0,0,0,0,0,0,0,0,0
rolled_vouchers,Rolled Vouchers,corrupt,C,5,proc,s001,low,hu,mid,0.5726485,28.632425,0.5726485,0,0,0,0,0,0,0,0,0
second_monitor,Second Monitor,base,C,10,modeled,s001,low,hu,mid,0.5726485,28.632425,0.5726485,0,0,0,0,0,0,0,0,0
second_monitor,Second Monitor,corrupt,C,6,modeled,s001,low,hu,mid,0.5726485,28.632425,0.5726485,0,0,0,0,0,0,0,0,0
laptop_terminal,Laptop Terminal,base,D,12,not modeled,s001,low,hu,mid,0.5726485,28.632425,0.5726485,0,0,0,0,0,0,0,0,0
laptop_terminal,Laptop Terminal,corrupt,D,6,not modeled,s001,low,hu,mid,0.5726485,28.632425,0.5726485,0,0,0,0,0,0,0,0,0
gaming_keyboard,Gaming Keyboard,base,D,12,not modeled,s001,low,hu,mid,0.5726485,28.632425,0.5726485,0,0,0,0,0,0,0,0,0
gaming_keyboard,Gaming Keyboard,corrupt,D,6,not modeled,s001,low,hu,mid,0.5726485,28.632425,0.5726485,0,0,0,0,0,0,0,0,0
box_of_mice,Box of Mice,base,D,13,not modeled,s001,low,hu,mid,0.5726485,28.632425,0.5726485,0,0,0,0,0,0,0,0,0
box_of_mice,Box of Mice,corrupt,D,7,not modeled,s001,low,hu,mid,0.5726485,28.632425,0.5726485,0,0,0,0,0,0,0,0,0
wacom_tablet,Wacom Tablet,base,D,13,not modeled,s001,low,hu,mid,0.5726485,28.632425,0.5726485,0,0,0,0,0,0,0,0,0
wacom_tablet,Wacom Tablet,corrupt,D,7,not modeled,s001,low,hu,mid,0.5726485,28.632425,0.5726485,0,0,0,0,0,0,0,0,0
desk_lamp,Desk Lamp,base,D,10,not modeled,s001,low,hu,mid,0.5726485,28.632425,0.5726485,0,0,0,0,0,0,0,0,0
desk_lamp,Desk Lamp,corrupt,D,6,not modeled,s001,low,hu,mid,0.5726485,28.632425,0.5726485,0,0,0,0,0,0,0,0,0
telephone,Telephone,base,D,12,not modeled,s001,low,hu,mid,0.5726485,28.632425,0.5726485,0,0,0,0,0,0,0,0,0
glass_partition,Glass Partition,base,D,12,not modeled,s001,low,hu,mid,0.5726485,28.632425,0.5726485,0,0,0,0,0,0,0,0,0
electric_kettle,Electric Kettle,base,D,11,not modeled,s001,low,hu,mid,0.5726485,28.632425,0.5726485,0,0,0,0,0,0,0,0,0
electric_kettle,Electric Kettle,corrupt,D,8,not modeled,s001,low,hu,mid,0.5726485,28.632425,0.5726485,0,0,0,0,0,0,0,0,0
chrome_toaster,Chrome Toaster,base,D,14,not modeled,s001,low,hu,mid,0.5726485,28.632425,0.5834065,0.010758000000000045,5.379000000000019,0.38421428571428706,0.5378999999999969,268.9499999999971,19.21071428571408,1.4871999999999979,0,0.018786393398393685
chrome_toaster,Chrome Toaster,corrupt,D,8,not modeled,s001,low,hu,mid,0.5726485,28.632425,0.61971475,0.047066249999999976,23.533124999999984,2.941640624999998,2.3533124999999977,1176.6562499999982,147.08203124999977,6.506499999999999,0,0.08219047111797198
first_aid_kit,First Aid Kit,base,D,16,proc,s001,low,hu,mid,0.5726485,28.632425,0.5726485,0,0,0,0,0,0,0,0,0
first_aid_kit,First Aid Kit,corrupt,D,8,partial,s001,low,hu,mid,0.5726485,28.632425,0.34513,-0.2275185,-113.75925000000001,-14.219906250000001,-11.375925000000002,-5687.962500000003,-710.9953125000004,0,0,-0.39730916958657886
nightstand,Nightstand,base,D,13,proc,s001,low,hu,mid,0.5726485,28.632425,0.5726485,0,0,0,0,0,0,0,0,0
nightstand,Nightstand,corrupt,D,8,proc,s001,low,hu,mid,0.5726485,28.632425,0.5726485,0,0,0,0,0,0,0,0,0
receipt_printer,Receipt Printer,base,C,19,proc,s001,low,hu,mid,0.5726485,28.632425,0.5726485,0,0,0,0,0,0,0,0,0
receipt_printer,Receipt Printer,corrupt,C,9,proc,s001,low,hu,mid,0.5726485,28.632425,0.5726485,0,0,0,0,0,0,0,0,0
microwave_oven,Microwave Oven,base,D,18,proc,s001,low,hu,mid,0.5726485,28.632425,0.5726485,0,0,0,0,0,0,0,0,0
microwave_oven,Microwave Oven,corrupt,D,10,partial,s001,low,hu,mid,0.5726485,28.632425,0.47977525,-0.09287325000000002,-46.43662499999999,-4.6436625,-4.643662500000001,-2321.831250000001,-232.1831250000001,0,0,-0.16218194931096477
framed_diploma,Framed Diploma,base,D,18,proc,s001,low,hu,mid,0.5726485,28.632425,0.5726485,0,0,0,0,0,0,0,0,0
framed_diploma,Framed Diploma,corrupt,D,9,partial,s001,low,hu,mid,0.5726485,28.632425,0.34513,-0.2275185,-113.75925000000001,-12.639916666666668,-11.375925000000002,-5687.962500000003,-631.9958333333337,0,0,-0.39730916958657886
laminated_blueprint,Laminated Blueprint,base,D,19,not modeled,s001,low,hu,mid,0.5726485,28.632425,0.5726485,0,0,0,0,0,0,0,0,0
laminated_blueprint,Laminated Blueprint,corrupt,D,10,not modeled,s001,low,hu,mid,0.5726485,28.632425,0.5726485,0,0,0,0,0,0,0,0,0
console_television,Console Television,base,D,26,proc,s001,low,hu,mid,0.5726485,28.632425,0.5726485,0,0,0,0,0,0,0,0,0
console_television,Console Television,corrupt,D,13,partial,s001,low,hu,mid,0.5726485,28.632425,0.193451,-0.37919749999999997,-189.59875,-14.58451923076923,-18.959875000000004,-9479.937500000002,-729.2259615384617,0,0,-0.6621819493109646
desk_speakers,Desk Speakers,base,C,10,modeled,s001,low,hu,mid,0.5726485,28.632425,0.5726485,0,0,0,0,0,0,0,0,0
desk_speakers,Desk Speakers,corrupt,C,6,modeled,s001,low,hu,mid,0.5726485,28.632425,0.5726485,0,0,0,0,0,0,0,0,0
curved_monitor,Curved Monitor,base,C,13,proc,s001,low,hu,mid,0.5726485,28.632425,0.5726485,0,0,0,0,0,0,0,0,0
curved_monitor,Curved Monitor,corrupt,C,7,partial,s001,low,hu,mid,0.5726485,28.632425,0.47977525,-0.09287325000000002,-46.43662499999999,-6.633803571428571,-4.643662500000001,-2321.831250000001,-331.6901785714287,0,0,-0.16218194931096477
tower_upgrade,Tower Upgrade,base,C,14,proc,s001,low,hu,mid,0.5726485,28.632425,0.5726485,0,0,0,0,0,0,0,0,0
tower_upgrade,Tower Upgrade,corrupt,C,5,partial,s001,low,hu,mid,0.5726485,28.632425,0.5669596,-0.005688899999999997,-2.844449999999995,-0.568889999999999,-0.2844450000000016,-142.22250000000167,-28.444500000000335,0,0,-0.009934366369596702
copy_machine,Copy Machine,base,C,19,not modeled,s001,low,hu,mid,0.5726485,28.632425,0.5726485,0,0,0,0,0,0,0,0,0
whiteboard,Whiteboard,base,D,17,not modeled,s001,low,hu,mid,0.5726485,28.632425,0.5726485,0,0,0,0,0,0,0,0,0
high_roller_pass,High Roller Pass,base,D,19,not modeled,s001,low,hu,mid,0.5726485,28.632425,0.5726485,0,0,0,0,0,0,0,0,0
high_roller_pass,High Roller Pass,corrupt,D,9,partial,s001,low,hu,mid,0.5726485,28.632425,0.47977525,-0.09287325000000002,-46.43662499999999,-5.159624999999999,-4.643662500000001,-2321.831250000001,-257.9812500000001,0,0,-0.16218194931096477
window,Window,base,D,20,proc,s001,low,hu,mid,0.5726485,28.632425,0.5726485,0,0,0,0,0,0,0,0,0
window,Window,corrupt,D,10,partial,s001,low,hu,mid,0.5726485,28.632425,0.47977525,-0.09287325000000002,-46.43662499999999,-4.6436625,-4.643662500000001,-2321.831250000001,-232.1831250000001,0,0,-0.16218194931096477
bookshelf,Bookshelf,base,D,22,modeled,s001,low,hu,mid,0.5726485,28.632425,0.5726485,0,0,0,0,0,0,0,0,0
bookshelf,Bookshelf,corrupt,D,11,modeled,s001,low,hu,mid,0.5726485,28.632425,0.5726485,0,0,0,0,0,0,0,0,0
cereal_shelf,Cereal Shelf,base,D,24,not modeled,s001,low,hu,mid,0.5726485,28.632425,0.5726485,0,0,0,0,0,0,0,0,0
cereal_shelf,Cereal Shelf,corrupt,D,12,not modeled,s001,low,hu,mid,0.5726485,28.632425,0.5726485,0,0,0,0,0,0,0,0,0
fire_extinguisher,Fire Extinguisher,base,D,24,proc,s001,low,hu,mid,0.5726485,28.632425,0.5726485,0,0,0,0,0,0,0,0,0
fire_extinguisher,Fire Extinguisher,corrupt,D,12,partial,s001,low,hu,mid,0.5726485,28.632425,0.38304975,-0.18959874999999998,-94.799375,-7.899947916666666,-9.479937500000002,-4739.968750000002,-394.9973958333335,0,0,-0.3310909746554823
blackout_curtains,Blackout Curtains,base,D,24,proc,s001,low,hu,mid,0.5726485,28.632425,0.5726485,0,0,0,0,0,0,0,0,0
blackout_curtains,Blackout Curtains,corrupt,D,12,partial,s001,low,hu,mid,0.5726485,28.632425,0.4612006,-0.11144789999999999,-55.72395,-4.6436625000000005,-5.572395,-2786.1975,-232.18312500000002,0,0,-0.19461833917315768
tip_jar,Tip Jar,base,D,24,not modeled,s001,low,hu,mid,0.5726485,28.632425,0.5726485,0,0,0,0,0,0,0,0,0
tip_jar,Tip Jar,corrupt,D,12,not modeled,s001,low,hu,mid,0.5726485,28.632425,0.5726485,0,0,0,0,0,0,0,0,0
shredder,Shredder,base,D,18,proc,s001,low,hu,mid,0.5726485,28.632425,0.5726485,0,0,0,0,0,0,0,0,0
shredder,Shredder,corrupt,D,9,partial,s001,low,hu,mid,0.5726485,28.632425,0.34513,-0.2275185,-113.75925000000001,-12.639916666666668,-11.375925000000002,-5687.962500000003,-631.9958333333337,0,0,-0.39730916958657886
cool_towel,Cool Towel,base,D,16,proc,s001,low,hu,mid,0.5726485,28.632425,0.5726485,0,0,0,0,0,0,0,0,0
waste_basket,Waste Basket,base,D,18,proc,s001,low,hu,mid,0.5726485,28.632425,0.5726485,0,0,0,0,0,0,0,0,0
waste_basket,Waste Basket,corrupt,D,9,proc,s001,low,hu,mid,0.5726485,28.632425,0.5726485,0,0,0,0,0,0,0,0,0
cleaning_robot,Cleaning Robot,base,D,24,proc,s001,low,hu,mid,0.5726485,28.632425,0.5726485,0,0,0,0,0,0,0,0,0
wall_hanger,Wall Hanger,base,A,2,modeled,s001,low,hu,capped,0.85236595454545,42.618297727273,0.99300231818182,0.14063636363637,70.318181818185,35.1590909090925,7.031818181817997,3515.9090909089937,1757.9545454544968,0,0,0.16499528504909444
wall_hanger,Wall Hanger,corrupt,A,2,modeled,s001,low,hu,capped,0.85236595454545,42.618297727273,3.6650932272727,2.81272727272725,1406.3636363636251,703.1818181818126,140.63636363636698,70318.18181818351,35159.090909091756,0,0,3.2999057009817125
mirror,Mirror,base,A,3,modeled,s001,low,hu,capped,0.85236595454545,42.618297727273,1.0432484090909,0.19088245454544994,95.44122727272497,31.813742424241656,9.544122727271997,4772.061363635996,1590.6871212119986,6.363636363636999,0.09999999999999998,0.2239442501516192
mirror,Mirror,corrupt,A,2,modeled,s001,low,hu,capped,0.85236595454545,42.618297727273,1.4250133181818,0.57264736363635,286.32368181817503,143.16184090908752,28.632368181817995,14316.184090908995,7158.092045454498,19.090909090909,0.29999999999999993,0.6718327504548578
fight_night_poster,Fight Night Poster,base,A,4,not modeled,s001,low,hu,capped,0.85236595454545,42.618297727273,0.85236595454545,0,0,0,0,0,0,0,0,0
fight_night_poster,Fight Night Poster,corrupt,A,3,not modeled,s001,low,hu,capped,0.85236595454545,42.618297727273,0.85236595454545,0,0,0,0,0,0,0,0,0
energy_drink,Energy Drink,base,A,3,proc,s001,low,hu,capped,0.85236595454545,42.618297727273,0.85236595454545,0,0,0,0,0,0,0,0,0
energy_drink,Energy Drink,corrupt,A,2,proc,s001,low,hu,capped,0.85236595454545,42.618297727273,0.85236595454545,0,0,0,0,0,0,0,0,0
corkboard,Corkboard,base,A,4,modeled,s001,low,hu,capped,0.85236595454545,42.618297727273,0.94780718181818,0.09544122727272997,47.72061363636499,11.930153409091247,4.7720613636359985,2386.030681817996,596.507670454499,3.181818181819004,0.04999999999999993,0.11197212507581546
corkboard,Corkboard,corrupt,A,2,modeled,s001,low,hu,capped,0.85236595454545,42.618297727273,1.2341308636364,0.38176490909094984,190.88245454547484,95.44122727273742,19.088245454544996,9544.122727272494,4772.061363636247,12.727272727273004,0.19999999999999996,0.447888500303297
stack_of_books,Stack of Books,base,A,4,modeled,s001,low,hu,capped,0.85236595454545,42.618297727273,0.85236595454545,0,0,0,0,0,0,0,0,0
stack_of_books,Stack of Books,corrupt,A,3,modeled,s001,low,hu,capped,0.85236595454545,42.618297727273,0.85236595454545,0,0,0,0,0,0,0,0,0
throw_pillow,Throw Pillow,base,A,4,modeled,s001,low,hu,capped,0.85236595454545,42.618297727273,0.85646707954545,0.004101124999999928,2.0505624999999554,0.5126406249999889,0.20505624999999839,102.52812499999709,25.632031249999272,0,0,0.00481146035705635
throw_pillow,Throw Pillow,corrupt,A,2,modeled,s001,low,hu,capped,0.85236595454545,42.618297727273,0.83298575454545,-0.01938020000000007,-9.690099999999973,-4.845049999999986,-0.9690100000000044,-484.50500000000466,-242.25250000000233,0,0,-0.022736947547764442
starter_gift_box,Starter Gift Box,base,A,4,not modeled,s001,low,hu,capped,0.85236595454545,42.618297727273,0.85236595454545,0,0,0,0,0,0,0,0,0
starter_gift_box,Starter Gift Box,corrupt,A,3,not modeled,s001,low,hu,capped,0.85236595454545,42.618297727273,0.85236595454545,0,0,0,0,0,0,0,0,0
lava_lamp,Lava Lamp,base,A,5,modeled,s001,low,hu,capped,0.85236595454545,42.618297727273,0.85568981818182,0.003323863636369939,1.6619318181849962,0.33238636363699925,0.16619318181799514,83.09659090899368,16.619318181798736,0,0,0.003899573438667538
lava_lamp,Lava Lamp,corrupt,A,3,modeled,s001,low,hu,capped,0.85236595454545,42.618297727273,0.86233754545455,0.009971590909099937,4.9857954545499865,1.661931818183329,0.49857954545399963,249.28977272699922,83.09659090899974,0,0,0.011698720315991023
comfort_bed,Comfort Bed,base,A,4,modeled,s001,low,hu,capped,0.85236595454545,42.618297727273,0.86243387954545,0.010067924999999978,5.03396250000003,1.2584906250000074,0.5033962499999944,251.6981249999917,62.924531249997926,0,0,0.01181173995313903
comfort_bed,Comfort Bed,corrupt,A,2,not modeled,s001,low,hu,capped,0.85236595454545,42.618297727273,0.85236595454545,0,0,0,0,0,0,0,0,0
yellow_sticky_note,Yellow Sticky Note,base,A,5,modeled,s001,low,hu,capped,0.85236595454545,42.618297727273,1.0994398181818,0.24707386363634987,123.53693181817493,24.70738636363499,12.353693181817995,6176.846590908994,1235.3693181817987,0,0,0.2898682922737212
yellow_sticky_note,Yellow Sticky Note,corrupt,A,4,modeled,s001,low,hu,capped,0.85236595454545,42.618297727273,3.8172523181818,2.96488636363635,1482.4431818181747,370.6107954545437,148.244318181817,74122.1590909085,18530.539772727127,0,0,3.478419507284832
rubber_duck,Rubber Duck,base,A,5,not modeled,s001,low,hu,capped,0.85236595454545,42.618297727273,0.85236595454545,0,0,0,0,0,0,0,0,0
rubber_duck,Rubber Duck,corrupt,A,2,modeled,s001,low,hu,capped,0.85236595454545,42.618297727273,0.68831395454545,-0.1640520000000001,-82.02600000000001,-41.013000000000005,-8.202600000000004,-4101.300000000003,-2050.6500000000015,0,0,-0.19246662671725995
stash_box,Stash Box,base,B,6,not modeled,s001,low,hu,capped,0.85236595454545,42.618297727273,0.85236595454545,0,0,0,0,0,0,0,0,0
stash_box,Stash Box,corrupt,B,3,not modeled,s001,low,hu,capped,0.85236595454545,42.618297727273,0.85236595454545,0,0,0,0,0,0,0,0,0
dogs_playing_poker,Dogs Playing Poker,base,B,6,proc,s001,low,hu,capped,0.85236595454545,42.618297727273,0.85236595454545,0,0,0,0,0,0,0,0,0
dogs_playing_poker,Dogs Playing Poker,corrupt,B,3,proc,s001,low,hu,capped,0.85236595454545,42.618297727273,0.85236595454545,0,0,0,0,0,0,0,0,0
calculator,Calculator,base,B,7,modeled,s001,low,hu,capped,0.85236595454545,42.618297727273,0.95255067067973,0.10018471613427993,50.09235806713997,7.156051152448567,5.009235806713001,2504.6179033564986,357.8025576223569,4.990075426757002,0.03749999999999998,0.11753720992728582
calculator,Calculator,corrupt,B,4,modeled,s001,low,hu,capped,0.85236595454545,42.618297727273,1.5183301935149,0.66596423896945,332.9821194847251,83.24552987118128,33.29821194847099,16649.1059742355,4162.276493558875,32.961432506887,0.29999999999999993,0.7813125752125982
ring_binder,Ring Binder,base,B,7,not modeled,s001,low,hu,capped,0.85236595454545,42.618297727273,0.85236595454545,0,0,0,0,0,0,0,0,0
ring_binder,Ring Binder,corrupt,B,4,not modeled,s001,low,hu,capped,0.85236595454545,42.618297727273,0.85236595454545,0,0,0,0,0,0,0,0,0
space_heater,Space Heater,base,B,8,modeled,s001,low,hu,capped,0.85236595454545,42.618297727273,0.87955185454545,0.027185899999999985,13.59295000000003,1.6991187500000038,1.359294999999996,679.6474999999955,84.95593749999944,0,0,0.031894633818988806
space_heater,Space Heater,corrupt,B,8,modeled,s001,low,hu,capped,0.85236595454545,42.618297727273,0.58050695454545,-0.2718590000000001,-135.92950000000002,-16.991187500000002,-13.592950000000002,-6796.475000000002,-849.5593750000003,0,0,-0.3189463381898883
pencil_holder,Pencil Holder,base,B,8,not modeled,s001,low,hu,capped,0.85236595454545,42.618297727273,0.85236595454545,0,0,0,0,0,0,0,0,0
pencil_holder,Pencil Holder,corrupt,B,4,not modeled,s001,low,hu,capped,0.85236595454545,42.618297727273,0.85236595454545,0,0,0,0,0,0,0,0,0
bonsai,Bonsai,base,B,10,not modeled,s001,low,hu,capped,0.85236595454545,42.618297727273,0.85236595454545,0,0,0,0,0,0,0,0,0
bonsai,Bonsai,corrupt,B,5,not modeled,s001,low,hu,capped,0.85236595454545,42.618297727273,0.85236595454545,0,0,0,0,0,0,0,0,0
desk_plant,Desk Plant,base,B,8,modeled,s001,low,hu,capped,0.85236595454545,42.618297727273,0.85236595454545,0,0,0,0,0,0,0,0,0
desk_plant,Desk Plant,corrupt,B,5,modeled,s001,low,hu,capped,0.85236595454545,42.618297727273,0.85236595454545,0,0,0,0,0,0,0,0,0
desk,Desk,base,B,9,not modeled,s001,low,hu,capped,0.85236595454545,42.618297727273,0.85236595454545,0,0,0,0,0,0,0,0,0
desk,Desk,corrupt,B,5,not modeled,s001,low,hu,capped,0.85236595454545,42.618297727273,0.85236595454545,0,0,0,0,0,0,0,0,0
rebuy_sticky_note,Rebuy Sticky Note,base,B,10,not modeled,s001,low,hu,capped,0.85236595454545,42.618297727273,0.85236595454545,0,0,0,0,0,0,0,0,0
rebuy_sticky_note,Rebuy Sticky Note,corrupt,B,5,not modeled,s001,low,hu,capped,0.85236595454545,42.618297727273,0.85236595454545,0,0,0,0,0,0,0,0,0
gaming_chair,Gaming Chair,base,B,10,proc,s001,low,hu,capped,0.85236595454545,42.618297727273,0.85236595454545,0,0,0,0,0,0,0,0,0
gaming_chair,Gaming Chair,corrupt,B,5,partial,s001,low,hu,capped,0.85236595454545,42.618297727273,0.79799415454545,-0.05437180000000008,-27.18590000000006,-5.437180000000012,-2.718590000000006,-1359.2950000000055,-271.8590000000011,0,0,-0.06378926763797774
headset,Headset,base,B,6,modeled,s001,low,hu,capped,0.85236595454545,42.618297727273,0.85236595454545,0,0,0,0,0,0,0,0,0
headset,Headset,corrupt,B,5,modeled,s001,low,hu,capped,0.85236595454545,42.618297727273,0.85236595454545,0,0,0,0,0,0,0,0,0
prize_vase,Prize Vase,base,C,12,proc,s001,low,hu,capped,0.85236595454545,42.618297727273,0.85236595454545,0,0,0,0,0,0,0,0,0
prize_vase,Prize Vase,corrupt,C,6,proc,s001,low,hu,capped,0.85236595454545,42.618297727273,0.85236595454545,0,0,0,0,0,0,0,0,0
compact_fridge,Compact Fridge,base,B,12,not modeled,s001,low,hu,capped,0.85236595454545,42.618297727273,0.85236595454545,0,0,0,0,0,0,0,0,0
compact_fridge,Compact Fridge,corrupt,B,6,not modeled,s001,low,hu,capped,0.85236595454545,42.618297727273,0.85236595454545,0,0,0,0,0,0,0,0,0
wall_clock,Wall Clock,base,B,12,proc,s001,low,hu,capped,0.85236595454545,42.618297727273,0.85236595454545,0,0,0,0,0,0,0,0,0
wall_clock,Wall Clock,corrupt,B,7,partial,s001,low,hu,capped,0.85236595454545,42.618297727273,0.78440120454545,-0.06796475000000002,-33.98237499999999,-4.854624999999999,-3.3982375000000005,-1699.1187500000015,-242.73125000000022,0,0,-0.07973658454747208
house_cat,House Cat,base,B,8,proc,s001,low,hu,capped,0.85236595454545,42.618297727273,0.85236595454545,0,0,0,0,0,0,0,0,0
house_cat,House Cat,corrupt,B,4,proc,s001,low,hu,capped,0.85236595454545,42.618297727273,0.85236595454545,0,0,0,0,0,0,0,0,0
candle,Candle,base,B,7,proc,s001,low,hu,capped,0.85236595454545,42.618297727273,0.85236595454545,0,0,0,0,0,0,0,0,0
dusty_console,Dusty Console,base,B,5,modeled,s001,low,hu,capped,0.85236595454545,42.618297727273,0.90963069090909,0.057264736363639934,28.632368181820027,5.726473636364005,2.8632368181819956,1431.6184090909956,286.32368181819913,1.909090909091006,0.030000000000000027,0.06718327504549157
handheld,Handheld,base,B,5,modeled,s001,low,hu,capped,0.85236595454545,42.618297727273,0.85236595454545,0,0,0,0,0,0,0,0,0
red_rug,Red Rug,base,B,8,modeled,s001,low,hu,capped,0.85236595454545,42.618297727273,0.85236595454545,0,0,0,0,0,0,0,0,0
dish_soap,Dish Soap,base,B,12,proc,s001,low,hu,capped,0.85236595454545,42.618297727273,0.85236595454545,0,0,0,0,0,0,0,0,0
rolled_vouchers,Rolled Vouchers,base,C,9,proc,s001,low,hu,capped,0.85236595454545,42.618297727273,0.85236595454545,0,0,0,0,0,0,0,0,0
rolled_vouchers,Rolled Vouchers,corrupt,C,5,proc,s001,low,hu,capped,0.85236595454545,42.618297727273,0.85236595454545,0,0,0,0,0,0,0,0,0
second_monitor,Second Monitor,base,C,10,modeled,s001,low,hu,capped,0.85236595454545,42.618297727273,0.85236595454545,0,0,0,0,0,0,0,0,0
second_monitor,Second Monitor,corrupt,C,6,modeled,s001,low,hu,capped,0.85236595454545,42.618297727273,0.85236595454545,0,0,0,0,0,0,0,0,0
laptop_terminal,Laptop Terminal,base,D,12,not modeled,s001,low,hu,capped,0.85236595454545,42.618297727273,0.85236595454545,0,0,0,0,0,0,0,0,0
laptop_terminal,Laptop Terminal,corrupt,D,6,not modeled,s001,low,hu,capped,0.85236595454545,42.618297727273,0.85236595454545,0,0,0,0,0,0,0,0,0
gaming_keyboard,Gaming Keyboard,base,D,12,not modeled,s001,low,hu,capped,0.85236595454545,42.618297727273,0.85236595454545,0,0,0,0,0,0,0,0,0
gaming_keyboard,Gaming Keyboard,corrupt,D,6,not modeled,s001,low,hu,capped,0.85236595454545,42.618297727273,0.85236595454545,0,0,0,0,0,0,0,0,0
box_of_mice,Box of Mice,base,D,13,not modeled,s001,low,hu,capped,0.85236595454545,42.618297727273,0.85236595454545,0,0,0,0,0,0,0,0,0
box_of_mice,Box of Mice,corrupt,D,7,not modeled,s001,low,hu,capped,0.85236595454545,42.618297727273,0.85236595454545,0,0,0,0,0,0,0,0,0
wacom_tablet,Wacom Tablet,base,D,13,not modeled,s001,low,hu,capped,0.85236595454545,42.618297727273,0.85236595454545,0,0,0,0,0,0,0,0,0
wacom_tablet,Wacom Tablet,corrupt,D,7,not modeled,s001,low,hu,capped,0.85236595454545,42.618297727273,0.85236595454545,0,0,0,0,0,0,0,0,0
desk_lamp,Desk Lamp,base,D,10,not modeled,s001,low,hu,capped,0.85236595454545,42.618297727273,0.85236595454545,0,0,0,0,0,0,0,0,0
desk_lamp,Desk Lamp,corrupt,D,6,not modeled,s001,low,hu,capped,0.85236595454545,42.618297727273,0.85236595454545,0,0,0,0,0,0,0,0,0
telephone,Telephone,base,D,12,not modeled,s001,low,hu,capped,0.85236595454545,42.618297727273,0.85236595454545,0,0,0,0,0,0,0,0,0
glass_partition,Glass Partition,base,D,12,not modeled,s001,low,hu,capped,0.85236595454545,42.618297727273,0.85236595454545,0,0,0,0,0,0,0,0,0
electric_kettle,Electric Kettle,base,D,11,not modeled,s001,low,hu,capped,0.85236595454545,42.618297727273,0.85236595454545,0,0,0,0,0,0,0,0,0
electric_kettle,Electric Kettle,corrupt,D,8,not modeled,s001,low,hu,capped,0.85236595454545,42.618297727273,0.85236595454545,0,0,0,0,0,0,0,0,0
chrome_toaster,Chrome Toaster,base,D,14,not modeled,s001,low,hu,capped,0.85236595454545,42.618297727273,0.86075686363636,0.008390909090909893,4.195454545454993,0.2996753246753566,0.4195454545449948,209.77272727249874,14.98376623374991,1.6545454545460032,0,0.009844256502929659
chrome_toaster,Chrome Toaster,corrupt,D,8,not modeled,s001,low,hu,capped,0.85236595454545,42.618297727273,0.88907618181818,0.03671022727272999,18.35511363636499,2.294389204545624,1.8355113636359945,917.7556818179946,114.71946022724933,7.238636363636999,0,0.04306862220031633
first_aid_kit,First Aid Kit,base,D,16,proc,s001,low,hu,capped,0.85236595454545,42.618297727273,0.85236595454545,0,0,0,0,0,0,0,0,0
first_aid_kit,First Aid Kit,corrupt,D,8,partial,s001,low,hu,capped,0.85236595454545,42.618297727273,0.55587731818182,-0.2964886363636301,-148.244318181815,-18.530539772726875,-14.824431818182003,-7412.215909091003,-926.5269886363753,0,0,-0.34784195072847746
nightstand,Nightstand,base,D,13,proc,s001,low,hu,capped,0.85236595454545,42.618297727273,0.85236595454545,0,0,0,0,0,0,0,0,0
nightstand,Nightstand,corrupt,D,8,proc,s001,low,hu,capped,0.85236595454545,42.618297727273,0.85236595454545,0,0,0,0,0,0,0,0,0
receipt_printer,Receipt Printer,base,C,19,proc,s001,low,hu,capped,0.85236595454545,42.618297727273,0.85236595454545,0,0,0,0,0,0,0,0,0
receipt_printer,Receipt Printer,corrupt,C,9,proc,s001,low,hu,capped,0.85236595454545,42.618297727273,0.85236595454545,0,0,0,0,0,0,0,0,0
microwave_oven,Microwave Oven,base,D,18,proc,s001,low,hu,capped,0.85236595454545,42.618297727273,0.85236595454545,0,0,0,0,0,0,0,0,0
microwave_oven,Microwave Oven,corrupt,D,10,partial,s001,low,hu,capped,0.85236595454545,42.618297727273,0.78440120454545,-0.06796475000000002,-33.98237499999999,-3.398237499999999,-3.3982375000000005,-1699.1187500000015,-169.91187500000015,0,0,-0.07973658454747208
framed_diploma,Framed Diploma,base,D,18,proc,s001,low,hu,capped,0.85236595454545,42.618297727273,0.85236595454545,0,0,0,0,0,0,0,0,0
framed_diploma,Framed Diploma,corrupt,D,9,partial,s001,low,hu,capped,0.85236595454545,42.618297727273,0.55587731818182,-0.2964886363636301,-148.244318181815,-16.471590909090555,-14.824431818182003,-7412.215909091003,-823.5795454545558,0,0,-0.34784195072847746
laminated_blueprint,Laminated Blueprint,base,D,19,not modeled,s001,low,hu,capped,0.85236595454545,42.618297727273,0.85236595454545,0,0,0,0,0,0,0,0,0
laminated_blueprint,Laminated Blueprint,corrupt,D,10,not modeled,s001,low,hu,capped,0.85236595454545,42.618297727273,0.85236595454545,0,0,0,0,0,0,0,0,0
console_television,Console Television,base,D,26,proc,s001,low,hu,capped,0.85236595454545,42.618297727273,0.85236595454545,0,0,0,0,0,0,0,0,0
console_television,Console Television,corrupt,D,13,partial,s001,low,hu,capped,0.85236595454545,42.618297727273,0.35821822727273,-0.49414772727272005,-247.07386363636,-19.005681818181536,-24.707386363637003,-12353.693181818504,-950.2840909091157,0,0,-0.5797365845474662
desk_speakers,Desk Speakers,base,C,10,modeled,s001,low,hu,capped,0.85236595454545,42.618297727273,0.85236595454545,0,0,0,0,0,0,0,0,0
desk_speakers,Desk Speakers,corrupt,C,6,modeled,s001,low,hu,capped,0.85236595454545,42.618297727273,0.85236595454545,0,0,0,0,0,0,0,0,0
curved_monitor,Curved Monitor,base,C,13,proc,s001,low,hu,capped,0.85236595454545,42.618297727273,0.85236595454545,0,0,0,0,0,0,0,0,0
curved_monitor,Curved Monitor,corrupt,C,7,partial,s001,low,hu,capped,0.85236595454545,42.618297727273,0.78440120454545,-0.06796475000000002,-33.98237499999999,-4.854624999999999,-3.3982375000000005,-1699.1187500000015,-242.73125000000022,0,0,-0.07973658454747208
tower_upgrade,Tower Upgrade,base,C,14,proc,s001,low,hu,capped,0.85236595454545,42.618297727273,0.85236595454545,0,0,0,0,0,0,0,0,0
tower_upgrade,Tower Upgrade,corrupt,C,5,partial,s001,low,hu,capped,0.85236595454545,42.618297727273,0.85131245454545,-0.0010535000000000405,-0.5267499999999927,-0.10534999999999854,-0.052675000000000693,-26.337500000001455,-5.267500000000291,0,0,-0.0012359714678677556
copy_machine,Copy Machine,base,C,19,not modeled,s001,low,hu,capped,0.85236595454545,42.618297727273,0.85236595454545,0,0,0,0,0,0,0,0,0
whiteboard,Whiteboard,base,D,17,not modeled,s001,low,hu,capped,0.85236595454545,42.618297727273,0.85236595454545,0,0,0,0,0,0,0,0,0
high_roller_pass,High Roller Pass,base,D,19,not modeled,s001,low,hu,capped,0.85236595454545,42.618297727273,0.85236595454545,0,0,0,0,0,0,0,0,0
high_roller_pass,High Roller Pass,corrupt,D,9,partial,s001,low,hu,capped,0.85236595454545,42.618297727273,0.78440120454545,-0.06796475000000002,-33.98237499999999,-3.7758194444444433,-3.3982375000000005,-1699.1187500000015,-188.7909722222224,0,0,-0.07973658454747208
window,Window,base,D,20,proc,s001,low,hu,capped,0.85236595454545,42.618297727273,0.85236595454545,0,0,0,0,0,0,0,0,0
window,Window,corrupt,D,10,partial,s001,low,hu,capped,0.85236595454545,42.618297727273,0.78440120454545,-0.06796475000000002,-33.98237499999999,-3.398237499999999,-3.3982375000000005,-1699.1187500000015,-169.91187500000015,0,0,-0.07973658454747208
bookshelf,Bookshelf,base,D,22,modeled,s001,low,hu,capped,0.85236595454545,42.618297727273,0.85236595454545,0,0,0,0,0,0,0,0,0
bookshelf,Bookshelf,corrupt,D,11,modeled,s001,low,hu,capped,0.85236595454545,42.618297727273,0.85236595454545,0,0,0,0,0,0,0,0,0
cereal_shelf,Cereal Shelf,base,D,24,not modeled,s001,low,hu,capped,0.85236595454545,42.618297727273,0.85236595454545,0,0,0,0,0,0,0,0,0
cereal_shelf,Cereal Shelf,corrupt,D,12,not modeled,s001,low,hu,capped,0.85236595454545,42.618297727273,0.85236595454545,0,0,0,0,0,0,0,0,0
fire_extinguisher,Fire Extinguisher,base,D,24,proc,s001,low,hu,capped,0.85236595454545,42.618297727273,0.85236595454545,0,0,0,0,0,0,0,0,0
fire_extinguisher,Fire Extinguisher,corrupt,D,12,partial,s001,low,hu,capped,0.85236595454545,42.618297727273,0.60529209090909,-0.24707386363636008,-123.53693181818,-10.294744318181666,-12.353693181818002,-6176.846590909003,-514.7372159090836,0,0,-0.2898682922737332
blackout_curtains,Blackout Curtains,base,D,24,proc,s001,low,hu,capped,0.85236595454545,42.618297727273,0.85236595454545,0,0,0,0,0,0,0,0,0
blackout_curtains,Blackout Curtains,corrupt,D,12,partial,s001,low,hu,capped,0.85236595454545,42.618297727273,0.77080825454545,-0.08155770000000007,-40.778850000000034,-3.3982375000000027,-4.077885000000002,-2038.942500000001,-169.9118750000001,0,0,-0.09568390145696654
tip_jar,Tip Jar,base,D,24,not modeled,s001,low,hu,capped,0.85236595454545,42.618297727273,0.85236595454545,0,0,0,0,0,0,0,0,0
tip_jar,Tip Jar,corrupt,D,12,not modeled,s001,low,hu,capped,0.85236595454545,42.618297727273,0.85236595454545,0,0,0,0,0,0,0,0,0
shredder,Shredder,base,D,18,proc,s001,low,hu,capped,0.85236595454545,42.618297727273,0.85236595454545,0,0,0,0,0,0,0,0,0
shredder,Shredder,corrupt,D,9,partial,s001,low,hu,capped,0.85236595454545,42.618297727273,0.55587731818182,-0.2964886363636301,-148.244318181815,-16.471590909090555,-14.824431818182003,-7412.215909091003,-823.5795454545558,0,0,-0.34784195072847746
cool_towel,Cool Towel,base,D,16,proc,s001,low,hu,capped,0.85236595454545,42.618297727273,0.85236595454545,0,0,0,0,0,0,0,0,0
waste_basket,Waste Basket,base,D,18,proc,s001,low,hu,capped,0.85236595454545,42.618297727273,0.85236595454545,0,0,0,0,0,0,0,0,0
waste_basket,Waste Basket,corrupt,D,9,proc,s001,low,hu,capped,0.85236595454545,42.618297727273,0.85236595454545,0,0,0,0,0,0,0,0,0
cleaning_robot,Cleaning Robot,base,D,24,proc,s001,low,hu,capped,0.85236595454545,42.618297727273,0.85236595454545,0,0,0,0,0,0,0,0,0
wall_hanger,Wall Hanger,base,A,2,modeled,s001,low,zoom,naked,0.054204573714096,2.7102286857048,0.054204573714096,0,0,0,0,0,0,0,0,0
wall_hanger,Wall Hanger,corrupt,A,2,modeled,s001,low,zoom,naked,0.054204573714096,2.7102286857048,0.054204573714096,0,0,0,0,0,0,0,0,0
mirror,Mirror,base,A,3,modeled,s001,low,zoom,naked,0.054204573714096,2.7102286857048,0.054204573714096,0,0,0,0,0,0,0,0,0
mirror,Mirror,corrupt,A,2,modeled,s001,low,zoom,naked,0.054204573714096,2.7102286857048,0.054204573714096,0,0,0,0,0,0,0,0,0
fight_night_poster,Fight Night Poster,base,A,4,not modeled,s001,low,zoom,naked,0.054204573714096,2.7102286857048,0.054204573714096,0,0,0,0,0,0,0,0,0
fight_night_poster,Fight Night Poster,corrupt,A,3,not modeled,s001,low,zoom,naked,0.054204573714096,2.7102286857048,0.054204573714096,0,0,0,0,0,0,0,0,0
energy_drink,Energy Drink,base,A,3,proc,s001,low,zoom,naked,0.054204573714096,2.7102286857048,0.054204573714096,0,0,0,0,0,0,0,0,0
energy_drink,Energy Drink,corrupt,A,2,proc,s001,low,zoom,naked,0.054204573714096,2.7102286857048,0.054204573714096,0,0,0,0,0,0,0,0,0
corkboard,Corkboard,base,A,4,modeled,s001,low,zoom,naked,0.054204573714096,2.7102286857048,0.067674596924607,0.013470023210511009,15.15377611182489,3.7884440279562224,0.6735011605256003,757.6888055913,189.422201397825,0,0.04999999999999993,0.24850344329906804
corkboard,Corkboard,corrupt,A,2,modeled,s001,low,zoom,naked,0.054204573714096,2.7102286857048,0.10808466655614,0.05388009284204401,60.61510444729951,30.307552223649754,2.6940046421022,3030.755222364974,1515.377611182487,0,0.19999999999999996,0.9940137731962717
stack_of_books,Stack of Books,base,A,4,modeled,s001,low,zoom,naked,0.054204573714096,2.7102286857048,0.063769791105401,0.009565217391305003,10.760869565218123,2.6902173913045306,0.4782608695652,538.0434782608495,134.51086956521237,0,0,0.1764651345061229
stack_of_books,Stack of Books,corrupt,A,3,modeled,s001,low,zoom,naked,0.054204573714096,2.7102286857048,0.071421965018444,0.017217391304348004,19.369565217391504,6.456521739130501,0.8608695652174001,968.4782608695746,322.8260869565249,0,0,0.3176372421110027
throw_pillow,Throw Pillow,base,A,4,modeled,s001,low,zoom,naked,0.054204573714096,2.7102286857048,0.056003072284163,0.001798498570067003,2.02331089132538,0.505827722831345,0.08992492850329992,101.16554456621179,25.291386141552948,0,0,0.03317983053520999
throw_pillow,Throw Pillow,corrupt,A,2,modeled,s001,low,zoom,naked,0.054204573714096,2.7102286857048,0.045705622331827,-0.008498951382268999,-9.561320305052625,-4.780660152526313,-0.4249475691133999,-478.0660152525752,-239.0330076262876,0,0,-0.15679398987799495
starter_gift_box,Starter Gift Box,base,A,4,not modeled,s001,low,zoom,naked,0.054204573714096,2.7102286857048,0.054204573714096,0,0,0,0,0,0,0,0,0
starter_gift_box,Starter Gift Box,corrupt,A,3,not modeled,s001,low,zoom,naked,0.054204573714096,2.7102286857048,0.054204573714096,0,0,0,0,0,0,0,0,0
lava_lamp,Lava Lamp,base,A,5,modeled,s001,low,zoom,naked,0.054204573714096,2.7102286857048,0.071117073714096,0.016912499999999997,19.026562500000004,3.8053125000000008,0.8456250000000001,951.328125,190.265625,0,0,0.3120124159486171
lava_lamp,Lava Lamp,corrupt,A,3,modeled,s001,low,zoom,naked,0.054204573714096,2.7102286857048,0.1049420737141,0.050737500000004,57.07968750000449,19.026562500001496,2.5368749999999998,2853.9843749999995,951.3281249999999,0,0,0.9360372478459253
comfort_bed,Comfort Bed,base,A,4,modeled,s001,low,zoom,naked,0.054204573714096,2.7102286857048,0.054204573714096,0,0,0,0,0,0,0,0,0
comfort_bed,Comfort Bed,corrupt,A,2,not modeled,s001,low,zoom,naked,0.054204573714096,2.7102286857048,0.054204573714096,0,0,0,0,0,0,0,0,0
yellow_sticky_note,Yellow Sticky Note,base,A,5,modeled,s001,low,zoom,naked,0.054204573714096,2.7102286857048,0.078326856322792,0.024122282608696005,27.137567934783,5.4275135869566,1.2061141304348002,1356.8783967391496,271.37567934782993,0,0,0.44502301108260467
yellow_sticky_note,Yellow Sticky Note,corrupt,A,4,modeled,s001,low,zoom,naked,0.054204573714096,2.7102286857048,0.34367196501844,0.289467391304344,325.65081521738693,81.41270380434673,14.4733695652172,16282.540760869346,4070.6351902173365,0,0,5.340276132991107
rubber_duck,Rubber Duck,base,A,5,not modeled,s001,low,zoom,naked,0.054204573714096,2.7102286857048,0.054204573714096,0,0,0,0,0,0,0,0,0
rubber_duck,Rubber Duck,corrupt,A,2,modeled,s001,low,zoom,naked,0.054204573714096,2.7102286857048,-0.16920820035645,-0.223412774070546,-251.3393708293642,-125.6696854146821,-11.170638703527201,-12566.9685414681,-6283.48427073405,0,0,-4.121659091886689
stash_box,Stash Box,base,B,6,not modeled,s001,low,zoom,naked,0.054204573714096,2.7102286857048,0.054204573714096,0,0,0,0,0,0,0,0,0
stash_box,Stash Box,corrupt,B,3,not modeled,s001,low,zoom,naked,0.054204573714096,2.7102286857048,0.054204573714096,0,0,0,0,0,0,0,0,0
dogs_playing_poker,Dogs Playing Poker,base,B,6,proc,s001,low,zoom,naked,0.054204573714096,2.7102286857048,0.054204573714096,0,0,0,0,0,0,0,0,0
dogs_playing_poker,Dogs Playing Poker,corrupt,B,3,proc,s001,low,zoom,naked,0.054204573714096,2.7102286857048,0.054204573714096,0,0,0,0,0,0,0,0,0
calculator,Calculator,base,B,7,modeled,s001,low,zoom,naked,0.054204573714096,2.7102286857048,0.054204573714096,0,0,0,0,0,0,0,0,0
calculator,Calculator,corrupt,B,4,modeled,s001,low,zoom,naked,0.054204573714096,2.7102286857048,0.054204573714096,0,0,0,0,0,0,0,0,0
ring_binder,Ring Binder,base,B,7,not modeled,s001,low,zoom,naked,0.054204573714096,2.7102286857048,0.054204573714096,0,0,0,0,0,0,0,0,0
ring_binder,Ring Binder,corrupt,B,4,not modeled,s001,low,zoom,naked,0.054204573714096,2.7102286857048,0.054204573714096,0,0,0,0,0,0,0,0,0
space_heater,Space Heater,base,B,8,modeled,s001,low,zoom,naked,0.054204573714096,2.7102286857048,0.062661485058234,0.008456911344138007,9.514025262155265,1.189253157769408,0.42284556720690025,475.7012631077623,59.46265788847029,0,0,0.15601840886609117
space_heater,Space Heater,corrupt,B,8,modeled,s001,low,zoom,naked,0.054204573714096,2.7102286857048,-0.030364539727276,-0.084569113441372,-95.14025262154348,-11.892531577692935,-4.2284556720686,-4757.012631077175,-594.6265788846468,0,0,-1.5601840886607627
pencil_holder,Pencil Holder,base,B,8,not modeled,s001,low,zoom,naked,0.054204573714096,2.7102286857048,0.054204573714096,0,0,0,0,0,0,0,0,0
pencil_holder,Pencil Holder,corrupt,B,4,not modeled,s001,low,zoom,naked,0.054204573714096,2.7102286857048,0.054204573714096,0,0,0,0,0,0,0,0,0
bonsai,Bonsai,base,B,10,not modeled,s001,low,zoom,naked,0.054204573714096,2.7102286857048,0.054204573714096,0,0,0,0,0,0,0,0,0
bonsai,Bonsai,corrupt,B,5,not modeled,s001,low,zoom,naked,0.054204573714096,2.7102286857048,0.054204573714096,0,0,0,0,0,0,0,0,0
desk_plant,Desk Plant,base,B,8,modeled,s001,low,zoom,naked,0.054204573714096,2.7102286857048,0.054204573714096,0,0,0,0,0,0,0,0,0
desk_plant,Desk Plant,corrupt,B,5,modeled,s001,low,zoom,naked,0.054204573714096,2.7102286857048,0.054204573714096,0,0,0,0,0,0,0,0,0
desk,Desk,base,B,9,not modeled,s001,low,zoom,naked,0.054204573714096,2.7102286857048,0.054204573714096,0,0,0,0,0,0,0,0,0
desk,Desk,corrupt,B,5,not modeled,s001,low,zoom,naked,0.054204573714096,2.7102286857048,0.054204573714096,0,0,0,0,0,0,0,0,0
rebuy_sticky_note,Rebuy Sticky Note,base,B,10,not modeled,s001,low,zoom,naked,0.054204573714096,2.7102286857048,0.054204573714096,0,0,0,0,0,0,0,0,0
rebuy_sticky_note,Rebuy Sticky Note,corrupt,B,5,not modeled,s001,low,zoom,naked,0.054204573714096,2.7102286857048,0.054204573714096,0,0,0,0,0,0,0,0,0
gaming_chair,Gaming Chair,base,B,10,proc,s001,low,zoom,naked,0.054204573714096,2.7102286857048,0.054204573714096,0,0,0,0,0,0,0,0,0
gaming_chair,Gaming Chair,corrupt,B,5,partial,s001,low,zoom,naked,0.054204573714096,2.7102286857048,0.037290751025822,-0.016913822688273995,-19.02805052430824,-3.8056101048616484,-0.8456911344136999,-951.4025262154128,-190.28050524308256,0,0,-0.3120368177321451
headset,Headset,base,B,6,modeled,s001,low,zoom,naked,0.054204573714096,2.7102286857048,0.07036860156671,0.016164027852614005,18.18453133419076,3.0307552223651264,0.8082013926306999,909.2265667095371,151.53776111825619,0,0.05999999999999994,0.2982041319588963
headset,Headset,corrupt,B,5,modeled,s001,low,zoom,naked,0.054204573714096,2.7102286857048,0.14849473618767,0.09429016247357401,106.07643278277075,21.21528655655415,4.7145081236789,5303.821639138761,1060.7643278277524,0,0.35,1.73952410309342
prize_vase,Prize Vase,base,C,12,proc,s001,low,zoom,naked,0.054204573714096,2.7102286857048,0.054204573714096,0,0,0,0,0,0,0,0,0
prize_vase,Prize Vase,corrupt,C,6,proc,s001,low,zoom,naked,0.054204573714096,2.7102286857048,0.054204573714096,0,0,0,0,0,0,0,0,0
compact_fridge,Compact Fridge,base,B,12,not modeled,s001,low,zoom,naked,0.054204573714096,2.7102286857048,0.054204573714096,0,0,0,0,0,0,0,0,0
compact_fridge,Compact Fridge,corrupt,B,6,not modeled,s001,low,zoom,naked,0.054204573714096,2.7102286857048,0.054204573714096,0,0,0,0,0,0,0,0,0
wall_clock,Wall Clock,base,B,12,proc,s001,low,zoom,naked,0.054204573714096,2.7102286857048,0.054204573714096,0,0,0,0,0,0,0,0,0
wall_clock,Wall Clock,corrupt,B,7,partial,s001,low,zoom,naked,0.054204573714096,2.7102286857048,0.033062295353753,-0.021142278360343,-23.78506315538587,-3.3978661650551243,-1.0571139180170999,-1189.2531577692375,-169.89330825274823,0,0,-0.3900460221651907
house_cat,House Cat,base,B,8,proc,s001,low,zoom,naked,0.054204573714096,2.7102286857048,0.054204573714096,0,0,0,0,0,0,0,0,0
house_cat,House Cat,corrupt,B,4,proc,s001,low,zoom,naked,0.054204573714096,2.7102286857048,0.054204573714096,0,0,0,0,0,0,0,0,0
candle,Candle,base,B,7,proc,s001,low,zoom,naked,0.054204573714096,2.7102286857048,0.054204573714096,0,0,0,0,0,0,0,0,0
dusty_console,Dusty Console,base,B,5,modeled,s001,low,zoom,naked,0.054204573714096,2.7102286857048,0.054204573714096,0,0,0,0,0,0,0,0,0
handheld,Handheld,base,B,5,modeled,s001,low,zoom,naked,0.054204573714096,2.7102286857048,0.062286587640403,0.008082013926307002,9.092265667095383,1.8184531334190766,0.4041006963153002,454.6132833547126,90.92265667094253,0,0.029999999999999916,0.14910206597944814
red_rug,Red Rug,base,B,8,modeled,s001,low,zoom,naked,0.054204573714096,2.7102286857048,0.054204573714096,0,0,0,0,0,0,0,0,0
dish_soap,Dish Soap,base,B,12,proc,s001,low,zoom,naked,0.054204573714096,2.7102286857048,0.054204573714096,0,0,0,0,0,0,0,0,0
rolled_vouchers,Rolled Vouchers,base,C,9,proc,s001,low,zoom,naked,0.054204573714096,2.7102286857048,0.054204573714096,0,0,0,0,0,0,0,0,0
rolled_vouchers,Rolled Vouchers,corrupt,C,5,proc,s001,low,zoom,naked,0.054204573714096,2.7102286857048,0.054204573714096,0,0,0,0,0,0,0,0,0
second_monitor,Second Monitor,base,C,10,modeled,s001,low,zoom,naked,0.054204573714096,2.7102286857048,0.054204573714096,0,0,0,0,0,0,0,0,0
second_monitor,Second Monitor,corrupt,C,6,modeled,s001,low,zoom,naked,0.054204573714096,2.7102286857048,0.054204573714096,0,0,0,0,0,0,0,0,0
laptop_terminal,Laptop Terminal,base,D,12,not modeled,s001,low,zoom,naked,0.054204573714096,2.7102286857048,0.054204573714096,0,0,0,0,0,0,0,0,0
laptop_terminal,Laptop Terminal,corrupt,D,6,not modeled,s001,low,zoom,naked,0.054204573714096,2.7102286857048,0.054204573714096,0,0,0,0,0,0,0,0,0
gaming_keyboard,Gaming Keyboard,base,D,12,not modeled,s001,low,zoom,naked,0.054204573714096,2.7102286857048,0.054204573714096,0,0,0,0,0,0,0,0,0
gaming_keyboard,Gaming Keyboard,corrupt,D,6,not modeled,s001,low,zoom,naked,0.054204573714096,2.7102286857048,0.054204573714096,0,0,0,0,0,0,0,0,0
box_of_mice,Box of Mice,base,D,13,not modeled,s001,low,zoom,naked,0.054204573714096,2.7102286857048,0.054204573714096,0,0,0,0,0,0,0,0,0
box_of_mice,Box of Mice,corrupt,D,7,not modeled,s001,low,zoom,naked,0.054204573714096,2.7102286857048,0.054204573714096,0,0,0,0,0,0,0,0,0
wacom_tablet,Wacom Tablet,base,D,13,not modeled,s001,low,zoom,naked,0.054204573714096,2.7102286857048,0.054204573714096,0,0,0,0,0,0,0,0,0
wacom_tablet,Wacom Tablet,corrupt,D,7,not modeled,s001,low,zoom,naked,0.054204573714096,2.7102286857048,0.054204573714096,0,0,0,0,0,0,0,0,0
desk_lamp,Desk Lamp,base,D,10,not modeled,s001,low,zoom,naked,0.054204573714096,2.7102286857048,0.054204573714096,0,0,0,0,0,0,0,0,0
desk_lamp,Desk Lamp,corrupt,D,6,not modeled,s001,low,zoom,naked,0.054204573714096,2.7102286857048,0.054204573714096,0,0,0,0,0,0,0,0,0
telephone,Telephone,base,D,12,not modeled,s001,low,zoom,naked,0.054204573714096,2.7102286857048,0.054204573714096,0,0,0,0,0,0,0,0,0
glass_partition,Glass Partition,base,D,12,not modeled,s001,low,zoom,naked,0.054204573714096,2.7102286857048,0.054204573714096,0,0,0,0,0,0,0,0,0
electric_kettle,Electric Kettle,base,D,11,not modeled,s001,low,zoom,naked,0.054204573714096,2.7102286857048,0.054204573714096,0,0,0,0,0,0,0,0,0
electric_kettle,Electric Kettle,corrupt,D,8,not modeled,s001,low,zoom,naked,0.054204573714096,2.7102286857048,0.054204573714096,0,0,0,0,0,0,0,0,0
chrome_toaster,Chrome Toaster,base,D,14,not modeled,s001,low,zoom,naked,0.054204573714096,2.7102286857048,0.10504051574308,0.050835942028984005,57.19043478260701,4.0850310559005,2.5417971014493,2859.521739130462,204.25155279503298,0.54202898550725,0,0.9378533681884491
chrome_toaster,Chrome Toaster,corrupt,D,8,not modeled,s001,low,zoom,naked,0.054204573714096,2.7102286857048,0.27661182009091,0.22240724637681403,250.20815217391575,31.27601902173947,11.120362318840199,12510.407608695223,1563.8009510869028,2.3713768115942,0,4.103108485824631
first_aid_kit,First Aid Kit,base,D,16,proc,s001,low,zoom,naked,0.054204573714096,2.7102286857048,0.054204573714096,0,0,0,0,0,0,0,0,0
first_aid_kit,First Aid Kit,corrupt,D,8,partial,s001,low,zoom,naked,0.054204573714096,2.7102286857048,0.025257834583661,-0.028946739130434995,-32.565081521739366,-4.070635190217421,-1.4473369565216998,-1628.2540760869124,-203.53175951086405,0,0,-0.5340276132991217
nightstand,Nightstand,base,D,13,proc,s001,low,zoom,naked,0.054204573714096,2.7102286857048,0.054204573714096,0,0,0,0,0,0,0,0,0
nightstand,Nightstand,corrupt,D,8,proc,s001,low,zoom,naked,0.054204573714096,2.7102286857048,0.054204573714096,0,0,0,0,0,0,0,0,0
receipt_printer,Receipt Printer,base,C,19,proc,s001,low,zoom,naked,0.054204573714096,2.7102286857048,0.054204573714096,0,0,0,0,0,0,0,0,0
receipt_printer,Receipt Printer,corrupt,C,9,proc,s001,low,zoom,naked,0.054204573714096,2.7102286857048,0.054204573714096,0,0,0,0,0,0,0,0,0
microwave_oven,Microwave Oven,base,D,18,proc,s001,low,zoom,naked,0.054204573714096,2.7102286857048,0.054204573714096,0,0,0,0,0,0,0,0,0
microwave_oven,Microwave Oven,corrupt,D,10,partial,s001,low,zoom,naked,0.054204573714096,2.7102286857048,0.033062295353753,-0.021142278360343,-23.78506315538587,-2.378506315538587,-1.0571139180170999,-1189.2531577692375,-118.92531577692375,0,0,-0.3900460221651907
framed_diploma,Framed Diploma,base,D,18,proc,s001,low,zoom,naked,0.054204573714096,2.7102286857048,0.054204573714096,0,0,0,0,0,0,0,0,0
framed_diploma,Framed Diploma,corrupt,D,9,partial,s001,low,zoom,naked,0.054204573714096,2.7102286857048,0.025257834583661,-0.028946739130434995,-32.565081521739366,-3.618342391304374,-1.4473369565216998,-1628.2540760869124,-180.9171195652125,0,0,-0.5340276132991217
laminated_blueprint,Laminated Blueprint,base,D,19,not modeled,s001,low,zoom,naked,0.054204573714096,2.7102286857048,0.054204573714096,0,0,0,0,0,0,0,0,0
laminated_blueprint,Laminated Blueprint,corrupt,D,10,not modeled,s001,low,zoom,naked,0.054204573714096,2.7102286857048,0.054204573714096,0,0,0,0,0,0,0,0,0
console_television,Console Television,base,D,26,proc,s001,low,zoom,naked,0.054204573714096,2.7102286857048,0.054204573714096,0,0,0,0,0,0,0,0,0
console_television,Console Television,corrupt,D,13,partial,s001,low,zoom,naked,0.054204573714096,2.7102286857048,0.0059600084967049,-0.048244565217391094,-54.27513586956498,-4.175010451504998,-2.41222826086955,-2713.7567934782437,-208.7505225752495,0,0,-0.8900460221651925
desk_speakers,Desk Speakers,base,C,10,modeled,s001,low,zoom,naked,0.054204573714096,2.7102286857048,0.054204573714096,0,0,0,0,0,0,0,0,0
desk_speakers,Desk Speakers,corrupt,C,6,modeled,s001,low,zoom,naked,0.054204573714096,2.7102286857048,0.054204573714096,0,0,0,0,0,0,0,0,0
curved_monitor,Curved Monitor,base,C,13,proc,s001,low,zoom,naked,0.054204573714096,2.7102286857048,0.054204573714096,0,0,0,0,0,0,0,0,0
curved_monitor,Curved Monitor,corrupt,C,7,partial,s001,low,zoom,naked,0.054204573714096,2.7102286857048,0.033062295353753,-0.021142278360343,-23.78506315538587,-3.3978661650551243,-1.0571139180170999,-1189.2531577692375,-169.89330825274823,0,0,-0.3900460221651907
tower_upgrade,Tower Upgrade,base,C,14,proc,s001,low,zoom,naked,0.054204573714096,2.7102286857048,0.054204573714096,0,0,0,0,0,0,0,0,0
tower_upgrade,Tower Upgrade,corrupt,C,5,partial,s001,low,zoom,naked,0.054204573714096,2.7102286857048,0.04064666141667,-0.013557912297425999,-15.252651334604252,-3.0505302669208505,-0.6778956148713,-762.6325667302131,-152.5265133460426,0,0,-0.25012487634231206
copy_machine,Copy Machine,base,C,19,not modeled,s001,low,zoom,naked,0.054204573714096,2.7102286857048,0.054204573714096,0,0,0,0,0,0,0,0,0
whiteboard,Whiteboard,base,D,17,not modeled,s001,low,zoom,naked,0.054204573714096,2.7102286857048,0.054204573714096,0,0,0,0,0,0,0,0,0
high_roller_pass,High Roller Pass,base,D,19,not modeled,s001,low,zoom,naked,0.054204573714096,2.7102286857048,0.054204573714096,0,0,0,0,0,0,0,0,0
high_roller_pass,High Roller Pass,corrupt,D,9,partial,s001,low,zoom,naked,0.054204573714096,2.7102286857048,0.033062295353753,-0.021142278360343,-23.78506315538587,-2.6427847950428744,-1.0571139180170999,-1189.2531577692375,-132.1392397521375,0,0,-0.3900460221651907
window,Window,base,D,20,proc,s001,low,zoom,naked,0.054204573714096,2.7102286857048,0.054204573714096,0,0,0,0,0,0,0,0,0
window,Window,corrupt,D,10,partial,s001,low,zoom,naked,0.054204573714096,2.7102286857048,0.033062295353753,-0.021142278360343,-23.78506315538587,-2.378506315538587,-1.0571139180170999,-1189.2531577692375,-118.92531577692375,0,0,-0.3900460221651907
bookshelf,Bookshelf,base,D,22,modeled,s001,low,zoom,naked,0.054204573714096,2.7102286857048,0.054204573714096,0,0,0,0,0,0,0,0,0
bookshelf,Bookshelf,corrupt,D,11,modeled,s001,low,zoom,naked,0.054204573714096,2.7102286857048,0.054204573714096,0,0,0,0,0,0,0,0,0
cereal_shelf,Cereal Shelf,base,D,24,not modeled,s001,low,zoom,naked,0.054204573714096,2.7102286857048,0.054204573714096,0,0,0,0,0,0,0,0,0
cereal_shelf,Cereal Shelf,corrupt,D,12,not modeled,s001,low,zoom,naked,0.054204573714096,2.7102286857048,0.054204573714096,0,0,0,0,0,0,0,0,0
fire_extinguisher,Fire Extinguisher,base,D,24,proc,s001,low,zoom,naked,0.054204573714096,2.7102286857048,0.054204573714096,0,0,0,0,0,0,0,0,0
fire_extinguisher,Fire Extinguisher,corrupt,D,12,partial,s001,low,zoom,naked,0.054204573714096,2.7102286857048,0.030082291105401,-0.024122282608694996,-27.13756793478187,-2.261463994565156,-1.2061141304348,-1356.8783967391503,-113.07319972826252,0,0,-0.4450230110825861
blackout_curtains,Blackout Curtains,base,D,24,proc,s001,low,zoom,naked,0.054204573714096,2.7102286857048,0.054204573714096,0,0,0,0,0,0,0,0,0
blackout_curtains,Blackout Curtains,corrupt,D,12,partial,s001,low,zoom,naked,0.054204573714096,2.7102286857048,0.028833839681684,-0.025370734032411996,-28.542075786463492,-2.3785063155386243,-1.2685367016206,-1427.1037893231753,-118.92531577693127,0,0,-0.4680552265982361
tip_jar,Tip Jar,base,D,24,not modeled,s001,low,zoom,naked,0.054204573714096,2.7102286857048,0.054204573714096,0,0,0,0,0,0,0,0,0
tip_jar,Tip Jar,corrupt,D,12,not modeled,s001,low,zoom,naked,0.054204573714096,2.7102286857048,0.054204573714096,0,0,0,0,0,0,0,0,0
shredder,Shredder,base,D,18,proc,s001,low,zoom,naked,0.054204573714096,2.7102286857048,0.054204573714096,0,0,0,0,0,0,0,0,0
shredder,Shredder,corrupt,D,9,partial,s001,low,zoom,naked,0.054204573714096,2.7102286857048,0.025257834583661,-0.028946739130434995,-32.565081521739366,-3.618342391304374,-1.4473369565216998,-1628.2540760869124,-180.9171195652125,0,0,-0.5340276132991217
cool_towel,Cool Towel,base,D,16,proc,s001,low,zoom,naked,0.054204573714096,2.7102286857048,0.054204573714096,0,0,0,0,0,0,0,0,0
waste_basket,Waste Basket,base,D,18,proc,s001,low,zoom,naked,0.054204573714096,2.7102286857048,0.054204573714096,0,0,0,0,0,0,0,0,0
waste_basket,Waste Basket,corrupt,D,9,proc,s001,low,zoom,naked,0.054204573714096,2.7102286857048,0.054204573714096,0,0,0,0,0,0,0,0,0
cleaning_robot,Cleaning Robot,base,D,24,proc,s001,low,zoom,naked,0.054204573714096,2.7102286857048,0.054204573714096,0,0,0,0,0,0,0,0,0
wall_hanger,Wall Hanger,base,A,2,modeled,s001,low,zoom,mid,0.1693937706907,8.4696885345351,0.17753922523616,0.008145454545460007,9.163636363642496,4.581818181821248,0.4072727272726997,458.1818181817853,229.09090909089264,0,0,0.04808591551062985
wall_hanger,Wall Hanger,corrupt,A,2,modeled,s001,low,zoom,mid,0.1693937706907,8.4696885345351,0.33230286159979,0.16290909090909,183.2727272727262,91.6363636363631,8.145454545454898,9163.636363636759,4581.818181818379,0,0,0.9617183102119469
mirror,Mirror,base,A,3,modeled,s001,low,zoom,mid,0.1693937706907,8.4696885345351,0.1693937706907,0,0,0,0,0,0,0,0,0
mirror,Mirror,corrupt,A,2,modeled,s001,low,zoom,mid,0.1693937706907,8.4696885345351,0.1693937706907,0,0,0,0,0,0,0,0,0
fight_night_poster,Fight Night Poster,base,A,4,not modeled,s001,low,zoom,mid,0.1693937706907,8.4696885345351,0.1693937706907,0,0,0,0,0,0,0,0,0
fight_night_poster,Fight Night Poster,corrupt,A,3,not modeled,s001,low,zoom,mid,0.1693937706907,8.4696885345351,0.1693937706907,0,0,0,0,0,0,0,0,0
energy_drink,Energy Drink,base,A,3,proc,s001,low,zoom,mid,0.1693937706907,8.4696885345351,0.1693937706907,0,0,0,0,0,0,0,0,0
energy_drink,Energy Drink,corrupt,A,2,proc,s001,low,zoom,mid,0.1693937706907,8.4696885345351,0.1693937706907,0,0,0,0,0,0,0,0,0
corkboard,Corkboard,base,A,4,modeled,s001,low,zoom,mid,0.1693937706907,8.4696885345351,0.1857129907271,0.016319220036400017,18.35912254095001,4.589780635237503,0.8159610018199004,917.9561270473878,229.48903176184695,0.03636363636363993,0.050000000000000044,0.09633896199286843
corkboard,Corkboard,corrupt,A,2,modeled,s001,low,zoom,mid,0.1693937706907,8.4696885345351,0.23467065083629,0.06527688014559,73.4364901637887,36.71824508189435,3.2638440072799,3671.824508189886,1835.912254094943,0.14545454545453995,0.20000000000000007,0.38535584797141426
stack_of_books,Stack of Books,base,A,4,modeled,s001,low,zoom,mid,0.1693937706907,8.4696885345351,0.18123013432706,0.011836363636360009,13.315909090905024,3.328977272726256,0.5918181818181001,665.7954545453613,166.44886363634032,0,0,0.06987484597631574
stack_of_books,Stack of Books,corrupt,A,3,modeled,s001,low,zoom,mid,0.1693937706907,8.4696885345351,0.19069922523616,0.021305454545460012,23.96863636364253,7.98954545454751,1.0652727272726992,1198.4318181817853,399.4772727272618,0,0,0.12577472275743914
throw_pillow,Throw Pillow,base,A,4,modeled,s001,low,zoom,mid,0.1693937706907,8.4696885345351,0.1694860013866,0.00009223069590000299,0.10375953288752271,0.025939883221880677,0.004611534794999983,5.18797664437443,1.2969941610936075,0,0,0.0005444751334357457
throw_pillow,Throw Pillow,corrupt,A,2,modeled,s001,low,zoom,mid,0.1693937706907,8.4696885345351,0.16895792703007,-0.0004358436606299865,-0.490324118208747,-0.2451620591043735,-0.021792183031500656,-24.516205910438657,-12.258102955219329,0,0,-0.002572961560822703
starter_gift_box,Starter Gift Box,base,A,4,not modeled,s001,low,zoom,mid,0.1693937706907,8.4696885345351,0.1693937706907,0,0,0,0,0,0,0,0,0
starter_gift_box,Starter Gift Box,corrupt,A,3,not modeled,s001,low,zoom,mid,0.1693937706907,8.4696885345351,0.1693937706907,0,0,0,0,0,0,0,0,0
lava_lamp,Lava Lamp,base,A,5,modeled,s001,low,zoom,mid,0.1693937706907,8.4696885345351,0.18809904341797,0.018705272727270017,21.04343181817876,4.208686363635752,0.9352636363635991,1052.1715909090472,210.43431818180943,0,0,0.11042479691549228
lava_lamp,Lava Lamp,corrupt,A,3,modeled,s001,low,zoom,mid,0.1693937706907,8.4696885345351,0.22550958887252,0.056115818181820015,63.13029545454751,21.0434318181825,2.8057909090909003,3156.5147727272615,1052.1715909090872,0,0,0.3312743907465357
comfort_bed,Comfort Bed,base,A,4,modeled,s001,low,zoom,mid,0.1693937706907,8.4696885345351,0.1693937706907,0,0,0,0,0,0,0,0,0
comfort_bed,Comfort Bed,corrupt,A,2,not modeled,s001,low,zoom,mid,0.1693937706907,8.4696885345351,0.1693937706907,0,0,0,0,0,0,0,0,0
yellow_sticky_note,Yellow Sticky Note,base,A,5,modeled,s001,low,zoom,mid,0.1693937706907,8.4696885345351,0.21617286159979,0.04677909090908999,52.62647727272622,10.525295454545244,2.3389545454549,2631.3238636367623,526.2647727273525,0,0,0.27615591009249696
yellow_sticky_note,Yellow Sticky Note,corrupt,A,4,modeled,s001,low,zoom,mid,0.1693937706907,8.4696885345351,0.73074286159979,0.5613490909090899,631.5177272727262,157.87943181818156,28.0674545454549,31575.88636363676,7893.97159090919,0,0,3.3138709211100226
rubber_duck,Rubber Duck,base,A,5,not modeled,s001,low,zoom,mid,0.1693937706907,8.4696885345351,0.1693937706907,0,0,0,0,0,0,0,0,0
rubber_duck,Rubber Duck,corrupt,A,2,modeled,s001,low,zoom,mid,0.1693937706907,8.4696885345351,-0.0041234838374208,-0.1735172545281208,-195.2069113441359,-97.60345567206795,-8.675862726406141,-9760.345567206909,-4880.172783603454,0,0,-1.024342594303246
stash_box,Stash Box,base,B,6,not modeled,s001,low,zoom,mid,0.1693937706907,8.4696885345351,0.1693937706907,0,0,0,0,0,0,0,0,0
stash_box,Stash Box,corrupt,B,3,not modeled,s001,low,zoom,mid,0.1693937706907,8.4696885345351,0.1693937706907,0,0,0,0,0,0,0,0,0
dogs_playing_poker,Dogs Playing Poker,base,B,6,proc,s001,low,zoom,mid,0.1693937706907,8.4696885345351,0.1693937706907,0,0,0,0,0,0,0,0,0
dogs_playing_poker,Dogs Playing Poker,corrupt,B,3,proc,s001,low,zoom,mid,0.1693937706907,8.4696885345351,0.1693937706907,0,0,0,0,0,0,0,0,0
calculator,Calculator,base,B,7,modeled,s001,low,zoom,mid,0.1693937706907,8.4696885345351,0.19081200148969,0.021418230798989996,24.095509648863754,3.442215664123393,1.0709115399493,1204.7754824429612,172.1107832061373,0.11916996047430994,0.022500000000000075,0.12644048663452942
calculator,Calculator,corrupt,B,4,modeled,s001,low,zoom,mid,0.1693937706907,8.4696885345351,0.50296139705882,0.33356762636812004,375.263579664135,93.81589491603376,16.678381318405897,18763.178983206635,4690.794745801659,2.21149732620319,0.2250000000000001,1.9691847286237514
ring_binder,Ring Binder,base,B,7,not modeled,s001,low,zoom,mid,0.1693937706907,8.4696885345351,0.1693937706907,0,0,0,0,0,0,0,0,0
ring_binder,Ring Binder,corrupt,B,4,not modeled,s001,low,zoom,mid,0.1693937706907,8.4696885345351,0.1693937706907,0,0,0,0,0,0,0,0,0
space_heater,Space Heater,base,B,8,modeled,s001,low,zoom,mid,0.1693937706907,8.4696885345351,0.17293828927983,0.0035445185891299913,3.9875834127712437,0.49844792659640547,0.17722592945660054,199.37917063867462,24.922396329834328,0,0,0.02092472807398573
space_heater,Space Heater,corrupt,B,8,modeled,s001,low,zoom,mid,0.1693937706907,8.4696885345351,0.13394858479938,-0.03544518589132001,-39.875834127735004,-4.9844792659668755,-1.7722592945663003,-1993.791706387089,-249.22396329838614,0,0,-0.20924728073997592
pencil_holder,Pencil Holder,base,B,8,not modeled,s001,low,zoom,mid,0.1693937706907,8.4696885345351,0.1693937706907,0,0,0,0,0,0,0,0,0
pencil_holder,Pencil Holder,corrupt,B,4,not modeled,s001,low,zoom,mid,0.1693937706907,8.4696885345351,0.1693937706907,0,0,0,0,0,0,0,0,0
bonsai,Bonsai,base,B,10,not modeled,s001,low,zoom,mid,0.1693937706907,8.4696885345351,0.1693937706907,0,0,0,0,0,0,0,0,0
bonsai,Bonsai,corrupt,B,5,not modeled,s001,low,zoom,mid,0.1693937706907,8.4696885345351,0.1693937706907,0,0,0,0,0,0,0,0,0
desk_plant,Desk Plant,base,B,8,modeled,s001,low,zoom,mid,0.1693937706907,8.4696885345351,0.1693937706907,0,0,0,0,0,0,0,0,0
desk_plant,Desk Plant,corrupt,B,5,modeled,s001,low,zoom,mid,0.1693937706907,8.4696885345351,0.1693937706907,0,0,0,0,0,0,0,0,0
desk,Desk,base,B,9,not modeled,s001,low,zoom,mid,0.1693937706907,8.4696885345351,0.1693937706907,0,0,0,0,0,0,0,0,0
desk,Desk,corrupt,B,5,not modeled,s001,low,zoom,mid,0.1693937706907,8.4696885345351,0.1693937706907,0,0,0,0,0,0,0,0,0
rebuy_sticky_note,Rebuy Sticky Note,base,B,10,not modeled,s001,low,zoom,mid,0.1693937706907,8.4696885345351,0.1693937706907,0,0,0,0,0,0,0,0,0
rebuy_sticky_note,Rebuy Sticky Note,corrupt,B,5,not modeled,s001,low,zoom,mid,0.1693937706907,8.4696885345351,0.1693937706907,0,0,0,0,0,0,0,0,0
gaming_chair,Gaming Chair,base,B,10,proc,s001,low,zoom,mid,0.1693937706907,8.4696885345351,0.1693937706907,0,0,0,0,0,0,0,0,0
gaming_chair,Gaming Chair,corrupt,B,5,partial,s001,low,zoom,mid,0.1693937706907,8.4696885345351,0.16230473351244,-0.007089037178259983,-7.9751668255424875,-1.5950333651084976,-0.35445185891330055,-398.75834127746384,-79.75166825549277,0,0,-0.04184945614797146
headset,Headset,base,B,6,modeled,s001,low,zoom,mid,0.1693937706907,8.4696885345351,0.18897683473438,0.019583064043680015,22.030947049140025,3.6718245081900043,0.9791532021839,1101.547352456888,183.59122540948132,0.04363636363635992,0.06000000000000005,0.11560675439144208
headset,Headset,corrupt,B,5,modeled,s001,low,zoom,mid,0.1693937706907,8.4696885345351,0.25098987087269,0.08159610018198998,91.79561270473872,18.359122540947745,4.0798050090999,4589.780635237386,917.9561270474773,0.18181818181818,0.25,0.4816948099642825
prize_vase,Prize Vase,base,C,12,proc,s001,low,zoom,mid,0.1693937706907,8.4696885345351,0.1693937706907,0,0,0,0,0,0,0,0,0
prize_vase,Prize Vase,corrupt,C,6,proc,s001,low,zoom,mid,0.1693937706907,8.4696885345351,0.1693937706907,0,0,0,0,0,0,0,0,0
compact_fridge,Compact Fridge,base,B,12,not modeled,s001,low,zoom,mid,0.1693937706907,8.4696885345351,0.1693937706907,0,0,0,0,0,0,0,0,0
compact_fridge,Compact Fridge,corrupt,B,6,not modeled,s001,low,zoom,mid,0.1693937706907,8.4696885345351,0.1693937706907,0,0,0,0,0,0,0,0,0
wall_clock,Wall Clock,base,B,12,proc,s001,low,zoom,mid,0.1693937706907,8.4696885345351,0.1693937706907,0,0,0,0,0,0,0,0,0
wall_clock,Wall Clock,corrupt,B,7,partial,s001,low,zoom,mid,0.1693937706907,8.4696885345351,0.16053247421787,-0.008861296472829988,-9.968958531933765,-1.424136933133395,-0.4430648236416008,-498.44792659680206,-71.20684665668601,0,0,-0.0523118201849939
house_cat,House Cat,base,B,8,proc,s001,low,zoom,mid,0.1693937706907,8.4696885345351,0.1693937706907,0,0,0,0,0,0,0,0,0
house_cat,House Cat,corrupt,B,4,proc,s001,low,zoom,mid,0.1693937706907,8.4696885345351,0.1693937706907,0,0,0,0,0,0,0,0,0
candle,Candle,base,B,7,proc,s001,low,zoom,mid,0.1693937706907,8.4696885345351,0.1693937706907,0,0,0,0,0,0,0,0,0
dusty_console,Dusty Console,base,B,5,modeled,s001,low,zoom,mid,0.1693937706907,8.4696885345351,0.1693937706907,0,0,0,0,0,0,0,0,0
handheld,Handheld,base,B,5,modeled,s001,low,zoom,mid,0.1693937706907,8.4696885345351,0.17918530271254,0.009791532021839994,11.015473524569984,2.2030947049139966,0.4895766010918994,550.7736762283857,110.15473524567714,0.02181818181817996,0.030000000000000027,0.05780337719572096
red_rug,Red Rug,base,B,8,modeled,s001,low,zoom,mid,0.1693937706907,8.4696885345351,0.1693937706907,0,0,0,0,0,0,0,0,0
dish_soap,Dish Soap,base,B,12,proc,s001,low,zoom,mid,0.1693937706907,8.4696885345351,0.1693937706907,0,0,0,0,0,0,0,0,0
rolled_vouchers,Rolled Vouchers,base,C,9,proc,s001,low,zoom,mid,0.1693937706907,8.4696885345351,0.1693937706907,0,0,0,0,0,0,0,0,0
rolled_vouchers,Rolled Vouchers,corrupt,C,5,proc,s001,low,zoom,mid,0.1693937706907,8.4696885345351,0.1693937706907,0,0,0,0,0,0,0,0,0
second_monitor,Second Monitor,base,C,10,modeled,s001,low,zoom,mid,0.1693937706907,8.4696885345351,0.1693937706907,0,0,0,0,0,0,0,0,0
second_monitor,Second Monitor,corrupt,C,6,modeled,s001,low,zoom,mid,0.1693937706907,8.4696885345351,0.1693937706907,0,0,0,0,0,0,0,0,0
laptop_terminal,Laptop Terminal,base,D,12,not modeled,s001,low,zoom,mid,0.1693937706907,8.4696885345351,0.1693937706907,0,0,0,0,0,0,0,0,0
laptop_terminal,Laptop Terminal,corrupt,D,6,not modeled,s001,low,zoom,mid,0.1693937706907,8.4696885345351,0.1693937706907,0,0,0,0,0,0,0,0,0
gaming_keyboard,Gaming Keyboard,base,D,12,not modeled,s001,low,zoom,mid,0.1693937706907,8.4696885345351,0.1693937706907,0,0,0,0,0,0,0,0,0
gaming_keyboard,Gaming Keyboard,corrupt,D,6,not modeled,s001,low,zoom,mid,0.1693937706907,8.4696885345351,0.1693937706907,0,0,0,0,0,0,0,0,0
box_of_mice,Box of Mice,base,D,13,not modeled,s001,low,zoom,mid,0.1693937706907,8.4696885345351,0.1693937706907,0,0,0,0,0,0,0,0,0
box_of_mice,Box of Mice,corrupt,D,7,not modeled,s001,low,zoom,mid,0.1693937706907,8.4696885345351,0.1693937706907,0,0,0,0,0,0,0,0,0
wacom_tablet,Wacom Tablet,base,D,13,not modeled,s001,low,zoom,mid,0.1693937706907,8.4696885345351,0.1693937706907,0,0,0,0,0,0,0,0,0
wacom_tablet,Wacom Tablet,corrupt,D,7,not modeled,s001,low,zoom,mid,0.1693937706907,8.4696885345351,0.1693937706907,0,0,0,0,0,0,0,0,0
desk_lamp,Desk Lamp,base,D,10,not modeled,s001,low,zoom,mid,0.1693937706907,8.4696885345351,0.1693937706907,0,0,0,0,0,0,0,0,0
desk_lamp,Desk Lamp,corrupt,D,6,not modeled,s001,low,zoom,mid,0.1693937706907,8.4696885345351,0.1693937706907,0,0,0,0,0,0,0,0,0
telephone,Telephone,base,D,12,not modeled,s001,low,zoom,mid,0.1693937706907,8.4696885345351,0.1693937706907,0,0,0,0,0,0,0,0,0
glass_partition,Glass Partition,base,D,12,not modeled,s001,low,zoom,mid,0.1693937706907,8.4696885345351,0.1693937706907,0,0,0,0,0,0,0,0,0
electric_kettle,Electric Kettle,base,D,11,not modeled,s001,low,zoom,mid,0.1693937706907,8.4696885345351,0.1693937706907,0,0,0,0,0,0,0,0,0
electric_kettle,Electric Kettle,corrupt,D,8,not modeled,s001,low,zoom,mid,0.1693937706907,8.4696885345351,0.1693937706907,0,0,0,0,0,0,0,0,0
chrome_toaster,Chrome Toaster,base,D,14,not modeled,s001,low,zoom,mid,0.1693937706907,8.4696885345351,0.25158955250888,0.08219578181817999,92.47025454545249,6.605018181818035,4.109789090908899,4623.512727272509,330.2509090908935,0.95709090909089,0,0.48523497341742966
chrome_toaster,Chrome Toaster,corrupt,D,8,not modeled,s001,low,zoom,mid,0.1693937706907,8.4696885345351,0.52900031614525,0.35960654545455,404.5573636363688,50.5696704545461,17.980327272726903,20227.868181817765,2528.4835227272206,4.18727272727269,0,2.122903008701329
first_aid_kit,First Aid Kit,base,D,16,proc,s001,low,zoom,mid,0.1693937706907,8.4696885345351,0.1693937706907,0,0,0,0,0,0,0,0,0
first_aid_kit,First Aid Kit,corrupt,D,8,partial,s001,low,zoom,mid,0.1693937706907,8.4696885345351,0.11325886159979,-0.05613490909091,-63.15177272727374,-7.893971590909217,-2.8067454545455,-3157.5886363636882,-394.69857954546103,0,0,-0.3313870921110082
nightstand,Nightstand,base,D,13,proc,s001,low,zoom,mid,0.1693937706907,8.4696885345351,0.1693937706907,0,0,0,0,0,0,0,0,0
nightstand,Nightstand,corrupt,D,8,proc,s001,low,zoom,mid,0.1693937706907,8.4696885345351,0.1693937706907,0,0,0,0,0,0,0,0,0
receipt_printer,Receipt Printer,base,C,19,proc,s001,low,zoom,mid,0.1693937706907,8.4696885345351,0.1693937706907,0,0,0,0,0,0,0,0,0
receipt_printer,Receipt Printer,corrupt,C,9,proc,s001,low,zoom,mid,0.1693937706907,8.4696885345351,0.1693937706907,0,0,0,0,0,0,0,0,0
microwave_oven,Microwave Oven,base,D,18,proc,s001,low,zoom,mid,0.1693937706907,8.4696885345351,0.1693937706907,0,0,0,0,0,0,0,0,0
microwave_oven,Microwave Oven,corrupt,D,10,partial,s001,low,zoom,mid,0.1693937706907,8.4696885345351,0.16053247421787,-0.008861296472829988,-9.968958531933765,-0.9968958531933765,-0.4430648236416008,-498.44792659680206,-49.84479265968021,0,0,-0.0523118201849939
framed_diploma,Framed Diploma,base,D,18,proc,s001,low,zoom,mid,0.1693937706907,8.4696885345351,0.1693937706907,0,0,0,0,0,0,0,0,0
framed_diploma,Framed Diploma,corrupt,D,9,partial,s001,low,zoom,mid,0.1693937706907,8.4696885345351,0.11325886159979,-0.05613490909091,-63.15177272727374,-7.016863636363748,-2.8067454545455,-3157.5886363636882,-350.8431818181876,0,0,-0.3313870921110082
laminated_blueprint,Laminated Blueprint,base,D,19,not modeled,s001,low,zoom,mid,0.1693937706907,8.4696885345351,0.1693937706907,0,0,0,0,0,0,0,0,0
laminated_blueprint,Laminated Blueprint,corrupt,D,10,not modeled,s001,low,zoom,mid,0.1693937706907,8.4696885345351,0.1693937706907,0,0,0,0,0,0,0,0,0
console_television,Console Television,base,D,26,proc,s001,low,zoom,mid,0.1693937706907,8.4696885345351,0.1693937706907,0,0,0,0,0,0,0,0,0
console_television,Console Television,corrupt,D,13,partial,s001,low,zoom,mid,0.1693937706907,8.4696885345351,0.075835588872519,-0.093558181818181,-105.25295454545362,-8.096381118881048,-4.6779090909091,-5262.647727272739,-404.81905594405686,0,0,-0.5523118201849999
desk_speakers,Desk Speakers,base,C,10,modeled,s001,low,zoom,mid,0.1693937706907,8.4696885345351,0.1693937706907,0,0,0,0,0,0,0,0,0
desk_speakers,Desk Speakers,corrupt,C,6,modeled,s001,low,zoom,mid,0.1693937706907,8.4696885345351,0.1693937706907,0,0,0,0,0,0,0,0,0
curved_monitor,Curved Monitor,base,C,13,proc,s001,low,zoom,mid,0.1693937706907,8.4696885345351,0.1693937706907,0,0,0,0,0,0,0,0,0
curved_monitor,Curved Monitor,corrupt,C,7,partial,s001,low,zoom,mid,0.1693937706907,8.4696885345351,0.16053247421787,-0.008861296472829988,-9.968958531933765,-1.424136933133395,-0.4430648236416008,-498.44792659680206,-71.20684665668601,0,0,-0.0523118201849939
tower_upgrade,Tower Upgrade,base,C,14,proc,s001,low,zoom,mid,0.1693937706907,8.4696885345351,0.1693937706907,0,0,0,0,0,0,0,0,0
tower_upgrade,Tower Upgrade,corrupt,C,5,partial,s001,low,zoom,mid,0.1693937706907,8.4696885345351,0.16448709766878,-0.004906673021919994,-5.520007149659989,-1.1040014299319978,-0.2453336510963009,-276.00035748333903,-55.2000714966678,0,0,-0.028966077099016833
copy_machine,Copy Machine,base,C,19,not modeled,s001,low,zoom,mid,0.1693937706907,8.4696885345351,0.1693937706907,0,0,0,0,0,0,0,0,0
whiteboard,Whiteboard,base,D,17,not modeled,s001,low,zoom,mid,0.1693937706907,8.4696885345351,0.1693937706907,0,0,0,0,0,0,0,0,0
high_roller_pass,High Roller Pass,base,D,19,not modeled,s001,low,zoom,mid,0.1693937706907,8.4696885345351,0.1693937706907,0,0,0,0,0,0,0,0,0
high_roller_pass,High Roller Pass,corrupt,D,9,partial,s001,low,zoom,mid,0.1693937706907,8.4696885345351,0.16053247421787,-0.008861296472829988,-9.968958531933765,-1.1076620591037516,-0.4430648236416008,-498.44792659680206,-55.38310295520023,0,0,-0.0523118201849939
window,Window,base,D,20,proc,s001,low,zoom,mid,0.1693937706907,8.4696885345351,0.1693937706907,0,0,0,0,0,0,0,0,0
window,Window,corrupt,D,10,partial,s001,low,zoom,mid,0.1693937706907,8.4696885345351,0.16053247421787,-0.008861296472829988,-9.968958531933765,-0.9968958531933765,-0.4430648236416008,-498.44792659680206,-49.84479265968021,0,0,-0.0523118201849939
bookshelf,Bookshelf,base,D,22,modeled,s001,low,zoom,mid,0.1693937706907,8.4696885345351,0.1693937706907,0,0,0,0,0,0,0,0,0
bookshelf,Bookshelf,corrupt,D,11,modeled,s001,low,zoom,mid,0.1693937706907,8.4696885345351,0.1693937706907,0,0,0,0,0,0,0,0,0
cereal_shelf,Cereal Shelf,base,D,24,not modeled,s001,low,zoom,mid,0.1693937706907,8.4696885345351,0.1693937706907,0,0,0,0,0,0,0,0,0
cereal_shelf,Cereal Shelf,corrupt,D,12,not modeled,s001,low,zoom,mid,0.1693937706907,8.4696885345351,0.1693937706907,0,0,0,0,0,0,0,0,0
fire_extinguisher,Fire Extinguisher,base,D,24,proc,s001,low,zoom,mid,0.1693937706907,8.4696885345351,0.1693937706907,0,0,0,0,0,0,0,0,0
fire_extinguisher,Fire Extinguisher,corrupt,D,12,partial,s001,low,zoom,mid,0.1693937706907,8.4696885345351,0.12261467978161,-0.04677909090908999,-52.62647727272625,-4.385539772727188,-2.3389545454546,-2631.323863636425,-219.27698863636874,0,0,-0.27615591009249696
blackout_curtains,Blackout Curtains,base,D,24,proc,s001,low,zoom,mid,0.1693937706907,8.4696885345351,0.1693937706907,0,0,0,0,0,0,0,0,0
blackout_curtains,Blackout Curtains,corrupt,D,12,partial,s001,low,zoom,mid,0.1693937706907,8.4696885345351,0.1587602149233,-0.010633555767399994,-11.962750238324986,-0.9968958531937488,-0.5316777883699002,-598.1375119161385,-49.844792659678205,0,0,-0.06277418422201635
tip_jar,Tip Jar,base,D,24,not modeled,s001,low,zoom,mid,0.1693937706907,8.4696885345351,0.1693937706907,0,0,0,0,0,0,0,0,0
tip_jar,Tip Jar,corrupt,D,12,not modeled,s001,low,zoom,mid,0.1693937706907,8.4696885345351,0.1693937706907,0,0,0,0,0,0,0,0,0
shredder,Shredder,base,D,18,proc,s001,low,zoom,mid,0.1693937706907,8.4696885345351,0.1693937706907,0,0,0,0,0,0,0,0,0
shredder,Shredder,corrupt,D,9,partial,s001,low,zoom,mid,0.1693937706907,8.4696885345351,0.11325886159979,-0.05613490909091,-63.15177272727374,-7.016863636363748,-2.8067454545455,-3157.5886363636882,-350.8431818181876,0,0,-0.3313870921110082
cool_towel,Cool Towel,base,D,16,proc,s001,low,zoom,mid,0.1693937706907,8.4696885345351,0.1693937706907,0,0,0,0,0,0,0,0,0
waste_basket,Waste Basket,base,D,18,proc,s001,low,zoom,mid,0.1693937706907,8.4696885345351,0.1693937706907,0,0,0,0,0,0,0,0,0
waste_basket,Waste Basket,corrupt,D,9,proc,s001,low,zoom,mid,0.1693937706907,8.4696885345351,0.1693937706907,0,0,0,0,0,0,0,0,0
cleaning_robot,Cleaning Robot,base,D,24,proc,s001,low,zoom,mid,0.1693937706907,8.4696885345351,0.1693937706907,0,0,0,0,0,0,0,0,0
wall_hanger,Wall Hanger,base,A,2,modeled,s001,low,zoom,capped,0.45178126864188,22.589063432094,0.50624935374826,0.05446808510637996,61.27659574467742,30.63829787233871,2.723404255319,3063.829787233877,1531.9148936169386,0,0,0.12056295576423282
wall_hanger,Wall Hanger,corrupt,A,2,modeled,s001,low,zoom,capped,0.45178126864188,22.589063432094,1.5411429707695,1.0893617021276198,1225.5319148935725,612.7659574467863,54.46808510638299,61276.595744680875,30638.297872340438,0,0,2.411259115284702
mirror,Mirror,base,A,3,modeled,s001,low,zoom,capped,0.45178126864188,22.589063432094,0.45178126864188,0,0,0,0,0,0,0,0,0
mirror,Mirror,corrupt,A,2,modeled,s001,low,zoom,capped,0.45178126864188,22.589063432094,0.45178126864188,0,0,0,0,0,0,0,0,0
fight_night_poster,Fight Night Poster,base,A,4,not modeled,s001,low,zoom,capped,0.45178126864188,22.589063432094,0.45178126864188,0,0,0,0,0,0,0,0,0
fight_night_poster,Fight Night Poster,corrupt,A,3,not modeled,s001,low,zoom,capped,0.45178126864188,22.589063432094,0.45178126864188,0,0,0,0,0,0,0,0,0
energy_drink,Energy Drink,base,A,3,proc,s001,low,zoom,capped,0.45178126864188,22.589063432094,0.45178126864188,0,0,0,0,0,0,0,0,0
energy_drink,Energy Drink,corrupt,A,2,proc,s001,low,zoom,capped,0.45178126864188,22.589063432094,0.45178126864188,0,0,0,0,0,0,0,0,0
corkboard,Corkboard,base,A,4,modeled,s001,low,zoom,capped,0.45178126864188,22.589063432094,0.48298488765162,0.031203619009740002,35.10407138595741,8.776017846489353,1.5601809504869983,1755.2035692978752,438.8008923244688,0.21276595744680016,0.04999999999999993,0.06906797863386989
corkboard,Corkboard,corrupt,A,2,modeled,s001,low,zoom,capped,0.45178126864188,22.589063432094,0.54539212567111,0.09361085702922994,105.3122141578836,52.6561070789418,4.680542851460999,5265.610707893626,2632.805353946813,0.6382978723405004,0.1499999999999999,0.20720393590163166
stack_of_books,Stack of Books,base,A,4,modeled,s001,low,zoom,capped,0.45178126864188,22.589063432094,0.46454722608869,0.012765957446809972,14.361702127661204,3.590425531915301,0.6382978723400008,718.085106382503,179.52127659562575,0,0,0.028256942757246866
stack_of_books,Stack of Books,corrupt,A,3,modeled,s001,low,zoom,capped,0.45178126864188,22.589063432094,0.47475999204613,0.02297872340425,25.851063829781253,8.617021276593752,1.1489361702129983,1292.5531914896237,430.8510638298746,0,0,0.05086249696302676
throw_pillow,Throw Pillow,base,A,4,modeled,s001,low,zoom,capped,0.45178126864188,22.589063432094,0.45178126864188,0,0,0,0,0,0,0,0,0
throw_pillow,Throw Pillow,corrupt,A,2,modeled,s001,low,zoom,capped,0.45178126864188,22.589063432094,0.45178126864188,0,0,0,0,0,0,0,0,0
starter_gift_box,Starter Gift Box,base,A,4,not modeled,s001,low,zoom,capped,0.45178126864188,22.589063432094,0.45178126864188,0,0,0,0,0,0,0,0,0
starter_gift_box,Starter Gift Box,corrupt,A,3,not modeled,s001,low,zoom,capped,0.45178126864188,22.589063432094,0.45178126864188,0,0,0,0,0,0,0,0,0
lava_lamp,Lava Lamp,base,A,5,modeled,s001,low,zoom,capped,0.45178126864188,22.589063432094,0.46939828991847,0.017617021276589984,19.819148936163685,3.9638297872327373,0.8808510638300007,990.9574468087521,198.19148936175043,0,0,0.03899458100498346
lava_lamp,Lava Lamp,corrupt,A,3,modeled,s001,low,zoom,capped,0.45178126864188,22.589063432094,0.50463233247166,0.05285106382977994,59.457446808502425,19.819148936167476,2.642553191489,2972.872340425125,990.957446808375,0,0,0.1169837430149725
comfort_bed,Comfort Bed,base,A,4,modeled,s001,low,zoom,capped,0.45178126864188,22.589063432094,0.45178126864188,0,0,0,0,0,0,0,0,0
comfort_bed,Comfort Bed,corrupt,A,2,not modeled,s001,low,zoom,capped,0.45178126864188,22.589063432094,0.45178126864188,0,0,0,0,0,0,0,0,0
yellow_sticky_note,Yellow Sticky Note,base,A,5,modeled,s001,low,zoom,capped,0.45178126864188,22.589063432094,0.56710041757805,0.11531914893616996,129.73404255319116,25.94680851063823,5.765957446807999,6486.702127659002,1297.3404255318005,0,0,0.25525438290710023
yellow_sticky_note,Yellow Sticky Note,corrupt,A,4,modeled,s001,low,zoom,capped,0.45178126864188,22.589063432094,1.8356110558759,1.38382978723402,1556.808510638272,389.202127659568,69.191489361702,77840.42553191476,19460.10638297869,0,0,3.0630525948851597
rubber_duck,Rubber Duck,base,A,5,not modeled,s001,low,zoom,capped,0.45178126864188,22.589063432094,0.45178126864188,0,0,0,0,0,0,0,0,0
rubber_duck,Rubber Duck,corrupt,A,2,modeled,s001,low,zoom,capped,0.45178126864188,22.589063432094,0.32766538079141,-0.12411588785047001,-139.63037383177874,-69.81518691588937,-6.205794392524002,-6981.518691589499,-3490.7593457947496,0,0,-0.2747256171633241
stash_box,Stash Box,base,B,6,not modeled,s001,low,zoom,capped,0.45178126864188,22.589063432094,0.45178126864188,0,0,0,0,0,0,0,0,0
stash_box,Stash Box,corrupt,B,3,not modeled,s001,low,zoom,capped,0.45178126864188,22.589063432094,0.45178126864188,0,0,0,0,0,0,0,0,0
dogs_playing_poker,Dogs Playing Poker,base,B,6,proc,s001,low,zoom,capped,0.45178126864188,22.589063432094,0.45178126864188,0,0,0,0,0,0,0,0,0
dogs_playing_poker,Dogs Playing Poker,corrupt,B,3,proc,s001,low,zoom,capped,0.45178126864188,22.589063432094,0.45178126864188,0,0,0,0,0,0,0,0,0
calculator,Calculator,base,B,7,modeled,s001,low,zoom,capped,0.45178126864188,22.589063432094,0.55534481834661,0.10356354970472997,116.50899341782116,16.644141916831593,5.178177485237001,5825.449670891627,832.2070958416609,1.0036394176932002,0.03749999999999998,0.22923382816657498
calculator,Calculator,corrupt,B,4,modeled,s001,low,zoom,capped,0.45178126864188,22.589063432094,2.4277151898734,1.9759339212315201,2222.92566138546,555.731415346365,98.796696061576,111146.28306927299,27786.570767318248,20.646377592243102,0.1499999999999999,4.373651716839576
ring_binder,Ring Binder,base,B,7,not modeled,s001,low,zoom,capped,0.45178126864188,22.589063432094,0.45178126864188,0,0,0,0,0,0,0,0,0
ring_binder,Ring Binder,corrupt,B,4,not modeled,s001,low,zoom,capped,0.45178126864188,22.589063432094,0.45178126864188,0,0,0,0,0,0,0,0,0
space_heater,Space Heater,base,B,8,modeled,s001,low,zoom,capped,0.45178126864188,22.589063432094,0.45368033406244,0.0018990654205600088,2.1364485981299595,0.26705607476624493,0.09495327102800033,106.82242990650411,13.352803738313014,0,0,0.004203506325680289
space_heater,Space Heater,corrupt,B,8,modeled,s001,low,zoom,capped,0.45178126864188,22.589063432094,0.43279061443627,-0.018990654205610025,-21.364485981311304,-2.670560747663913,-0.9495327102810016,-1068.2242990661252,-133.52803738326566,0,0,-0.04203506325682489
pencil_holder,Pencil Holder,base,B,8,not modeled,s001,low,zoom,capped,0.45178126864188,22.589063432094,0.45178126864188,0,0,0,0,0,0,0,0,0
pencil_holder,Pencil Holder,corrupt,B,4,not modeled,s001,low,zoom,capped,0.45178126864188,22.589063432094,0.45178126864188,0,0,0,0,0,0,0,0,0
bonsai,Bonsai,base,B,10,not modeled,s001,low,zoom,capped,0.45178126864188,22.589063432094,0.45178126864188,0,0,0,0,0,0,0,0,0
bonsai,Bonsai,corrupt,B,5,not modeled,s001,low,zoom,capped,0.45178126864188,22.589063432094,0.45178126864188,0,0,0,0,0,0,0,0,0
desk_plant,Desk Plant,base,B,8,modeled,s001,low,zoom,capped,0.45178126864188,22.589063432094,0.45178126864188,0,0,0,0,0,0,0,0,0
desk_plant,Desk Plant,corrupt,B,5,modeled,s001,low,zoom,capped,0.45178126864188,22.589063432094,0.45178126864188,0,0,0,0,0,0,0,0,0
desk,Desk,base,B,9,not modeled,s001,low,zoom,capped,0.45178126864188,22.589063432094,0.45178126864188,0,0,0,0,0,0,0,0,0
desk,Desk,corrupt,B,5,not modeled,s001,low,zoom,capped,0.45178126864188,22.589063432094,0.45178126864188,0,0,0,0,0,0,0,0,0
rebuy_sticky_note,Rebuy Sticky Note,base,B,10,not modeled,s001,low,zoom,capped,0.45178126864188,22.589063432094,0.45178126864188,0,0,0,0,0,0,0,0,0
rebuy_sticky_note,Rebuy Sticky Note,corrupt,B,5,not modeled,s001,low,zoom,capped,0.45178126864188,22.589063432094,0.45178126864188,0,0,0,0,0,0,0,0,0
gaming_chair,Gaming Chair,base,B,10,proc,s001,low,zoom,capped,0.45178126864188,22.589063432094,0.45178126864188,0,0,0,0,0,0,0,0,0
gaming_chair,Gaming Chair,corrupt,B,5,partial,s001,low,zoom,capped,0.45178126864188,22.589063432094,0.44798313780076,-0.0037981308411200176,-4.272897196260033,-0.8545794392520065,-0.18990654205600066,-213.6448598129973,-42.72897196259946,0,0,-0.008407012651360578
headset,Headset,base,B,6,modeled,s001,low,zoom,capped,0.45178126864188,22.589063432094,0.48922561145357,0.03744434281169001,42.12488566315125,7.0208142771918745,1.8722171405839987,2106.2442831570006,351.0407138595001,0.25531914893620034,0.05999999999999994,0.08288157436064832
headset,Headset,corrupt,B,5,modeled,s001,low,zoom,capped,0.45178126864188,22.589063432094,0.54539212567111,0.09361085702922994,105.3122141578836,21.06244283157672,4.680542851460999,5265.610707893626,1053.1221415787252,0.6382978723405004,0.1499999999999999,0.20720393590163166
prize_vase,Prize Vase,base,C,12,proc,s001,low,zoom,capped,0.45178126864188,22.589063432094,0.45178126864188,0,0,0,0,0,0,0,0,0
prize_vase,Prize Vase,corrupt,C,6,proc,s001,low,zoom,capped,0.45178126864188,22.589063432094,0.45178126864188,0,0,0,0,0,0,0,0,0
compact_fridge,Compact Fridge,base,B,12,not modeled,s001,low,zoom,capped,0.45178126864188,22.589063432094,0.45178126864188,0,0,0,0,0,0,0,0,0
compact_fridge,Compact Fridge,corrupt,B,6,not modeled,s001,low,zoom,capped,0.45178126864188,22.589063432094,0.45178126864188,0,0,0,0,0,0,0,0,0
wall_clock,Wall Clock,base,B,12,proc,s001,low,zoom,capped,0.45178126864188,22.589063432094,0.45178126864188,0,0,0,0,0,0,0,0,0
wall_clock,Wall Clock,corrupt,B,7,partial,s001,low,zoom,capped,0.45178126864188,22.589063432094,0.44703360509048,-0.004747663551399994,-5.341121495325012,-0.7630173564750018,-0.2373831775700026,-267.05607476624937,-38.15086782374991,0,0,-0.010508765814200662
house_cat,House Cat,base,B,8,proc,s001,low,zoom,capped,0.45178126864188,22.589063432094,0.45178126864188,0,0,0,0,0,0,0,0,0
house_cat,House Cat,corrupt,B,4,proc,s001,low,zoom,capped,0.45178126864188,22.589063432094,0.45178126864188,0,0,0,0,0,0,0,0,0
candle,Candle,base,B,7,proc,s001,low,zoom,capped,0.45178126864188,22.589063432094,0.45178126864188,0,0,0,0,0,0,0,0,0
dusty_console,Dusty Console,base,B,5,modeled,s001,low,zoom,capped,0.45178126864188,22.589063432094,0.45178126864188,0,0,0,0,0,0,0,0,0
handheld,Handheld,base,B,5,modeled,s001,low,zoom,capped,0.45178126864188,22.589063432094,0.47050344004772,0.018722171405839982,21.062442831569967,4.2124885663139935,0.9361085702919993,1053.122141578504,210.62442831570078,0.12765957446810017,0.029999999999999916,0.04144078718031304
red_rug,Red Rug,base,B,8,modeled,s001,low,zoom,capped,0.45178126864188,22.589063432094,0.45178126864188,0,0,0,0,0,0,0,0,0
dish_soap,Dish Soap,base,B,12,proc,s001,low,zoom,capped,0.45178126864188,22.589063432094,0.45178126864188,0,0,0,0,0,0,0,0,0
rolled_vouchers,Rolled Vouchers,base,C,9,proc,s001,low,zoom,capped,0.45178126864188,22.589063432094,0.45178126864188,0,0,0,0,0,0,0,0,0
rolled_vouchers,Rolled Vouchers,corrupt,C,5,proc,s001,low,zoom,capped,0.45178126864188,22.589063432094,0.45178126864188,0,0,0,0,0,0,0,0,0
second_monitor,Second Monitor,base,C,10,modeled,s001,low,zoom,capped,0.45178126864188,22.589063432094,0.45178126864188,0,0,0,0,0,0,0,0,0
second_monitor,Second Monitor,corrupt,C,6,modeled,s001,low,zoom,capped,0.45178126864188,22.589063432094,0.45178126864188,0,0,0,0,0,0,0,0,0
laptop_terminal,Laptop Terminal,base,D,12,not modeled,s001,low,zoom,capped,0.45178126864188,22.589063432094,0.45178126864188,0,0,0,0,0,0,0,0,0
laptop_terminal,Laptop Terminal,corrupt,D,6,not modeled,s001,low,zoom,capped,0.45178126864188,22.589063432094,0.45178126864188,0,0,0,0,0,0,0,0,0
gaming_keyboard,Gaming Keyboard,base,D,12,not modeled,s001,low,zoom,capped,0.45178126864188,22.589063432094,0.45178126864188,0,0,0,0,0,0,0,0,0
gaming_keyboard,Gaming Keyboard,corrupt,D,6,not modeled,s001,low,zoom,capped,0.45178126864188,22.589063432094,0.45178126864188,0,0,0,0,0,0,0,0,0
box_of_mice,Box of Mice,base,D,13,not modeled,s001,low,zoom,capped,0.45178126864188,22.589063432094,0.45178126864188,0,0,0,0,0,0,0,0,0
box_of_mice,Box of Mice,corrupt,D,7,not modeled,s001,low,zoom,capped,0.45178126864188,22.589063432094,0.45178126864188,0,0,0,0,0,0,0,0,0
wacom_tablet,Wacom Tablet,base,D,13,not modeled,s001,low,zoom,capped,0.45178126864188,22.589063432094,0.45178126864188,0,0,0,0,0,0,0,0,0
wacom_tablet,Wacom Tablet,corrupt,D,7,not modeled,s001,low,zoom,capped,0.45178126864188,22.589063432094,0.45178126864188,0,0,0,0,0,0,0,0,0
desk_lamp,Desk Lamp,base,D,10,not modeled,s001,low,zoom,capped,0.45178126864188,22.589063432094,0.45178126864188,0,0,0,0,0,0,0,0,0
desk_lamp,Desk Lamp,corrupt,D,6,not modeled,s001,low,zoom,capped,0.45178126864188,22.589063432094,0.45178126864188,0,0,0,0,0,0,0,0,0
telephone,Telephone,base,D,12,not modeled,s001,low,zoom,capped,0.45178126864188,22.589063432094,0.45178126864188,0,0,0,0,0,0,0,0,0
glass_partition,Glass Partition,base,D,12,not modeled,s001,low,zoom,capped,0.45178126864188,22.589063432094,0.45178126864188,0,0,0,0,0,0,0,0,0
electric_kettle,Electric Kettle,base,D,11,not modeled,s001,low,zoom,capped,0.45178126864188,22.589063432094,0.45178126864188,0,0,0,0,0,0,0,0,0
electric_kettle,Electric Kettle,corrupt,D,8,not modeled,s001,low,zoom,capped,0.45178126864188,22.589063432094,0.45178126864188,0,0,0,0,0,0,0,0,0
chrome_toaster,Chrome Toaster,base,D,14,not modeled,s001,low,zoom,capped,0.45178126864188,22.589063432094,0.56262382183337,0.11084255319149,124.69787234042616,8.906990881459011,5.542127659574,6234.893617020753,445.3495440729109,1.3617021276596,0,0.24534561498022878
chrome_toaster,Chrome Toaster,corrupt,D,8,not modeled,s001,low,zoom,capped,0.45178126864188,22.589063432094,0.93671743885464,0.48493617021276,545.553191489355,68.19414893616937,24.246808510637997,27277.65957446775,3409.707446808469,5.957446808510699,0,1.0733870655384814
first_aid_kit,First Aid Kit,base,D,16,proc,s001,low,zoom,capped,0.45178126864188,22.589063432094,0.45178126864188,0,0,0,0,0,0,0,0,0
first_aid_kit,First Aid Kit,corrupt,D,8,partial,s001,low,zoom,capped,0.45178126864188,22.589063432094,0.31339828991847,-0.13838297872341,-155.68085106383626,-19.460106382979532,-6.91914893617,-7784.042553191248,-973.005319148906,0,0,-0.30630525948853365
nightstand,Nightstand,base,D,13,proc,s001,low,zoom,capped,0.45178126864188,22.589063432094,0.45178126864188,0,0,0,0,0,0,0,0,0
nightstand,Nightstand,corrupt,D,8,proc,s001,low,zoom,capped,0.45178126864188,22.589063432094,0.45178126864188,0,0,0,0,0,0,0,0,0
receipt_printer,Receipt Printer,base,C,19,proc,s001,low,zoom,capped,0.45178126864188,22.589063432094,0.45178126864188,0,0,0,0,0,0,0,0,0
receipt_printer,Receipt Printer,corrupt,C,9,proc,s001,low,zoom,capped,0.45178126864188,22.589063432094,0.45178126864188,0,0,0,0,0,0,0,0,0
microwave_oven,Microwave Oven,base,D,18,proc,s001,low,zoom,capped,0.45178126864188,22.589063432094,0.45178126864188,0,0,0,0,0,0,0,0,0
microwave_oven,Microwave Oven,corrupt,D,10,partial,s001,low,zoom,capped,0.45178126864188,22.589063432094,0.44703360509048,-0.004747663551399994,-5.341121495325012,-0.5341121495325012,-0.2373831775700026,-267.05607476624937,-26.705607476624937,0,0,-0.010508765814200662
framed_diploma,Framed Diploma,base,D,18,proc,s001,low,zoom,capped,0.45178126864188,22.589063432094,0.45178126864188,0,0,0,0,0,0,0,0,0
framed_diploma,Framed Diploma,corrupt,D,9,partial,s001,low,zoom,capped,0.45178126864188,22.589063432094,0.31339828991847,-0.13838297872341,-155.68085106383626,-17.297872340426252,-6.91914893617,-7784.042553191248,-864.8936170212497,0,0,-0.30630525948853365
laminated_blueprint,Laminated Blueprint,base,D,19,not modeled,s001,low,zoom,capped,0.45178126864188,22.589063432094,0.45178126864188,0,0,0,0,0,0,0,0,0
laminated_blueprint,Laminated Blueprint,corrupt,D,10,not modeled,s001,low,zoom,capped,0.45178126864188,22.589063432094,0.45178126864188,0,0,0,0,0,0,0,0,0
console_television,Console Television,base,D,26,proc,s001,low,zoom,capped,0.45178126864188,22.589063432094,0.45178126864188,0,0,0,0,0,0,0,0,0
console_television,Console Television,corrupt,D,13,partial,s001,low,zoom,capped,0.45178126864188,22.589063432094,0.22114297076954,-0.23063829787234,-259.46808510638255,-19.959083469721733,-11.531914893617001,-12973.404255319125,-997.9541734860866,0,0,-0.5105087658142007
desk_speakers,Desk Speakers,base,C,10,modeled,s001,low,zoom,capped,0.45178126864188,22.589063432094,0.45178126864188,0,0,0,0,0,0,0,0,0
desk_speakers,Desk Speakers,corrupt,C,6,modeled,s001,low,zoom,capped,0.45178126864188,22.589063432094,0.45178126864188,0,0,0,0,0,0,0,0,0
curved_monitor,Curved Monitor,base,C,13,proc,s001,low,zoom,capped,0.45178126864188,22.589063432094,0.45178126864188,0,0,0,0,0,0,0,0,0
curved_monitor,Curved Monitor,corrupt,C,7,partial,s001,low,zoom,capped,0.45178126864188,22.589063432094,0.44703360509048,-0.004747663551399994,-5.341121495325012,-0.7630173564750018,-0.2373831775700026,-267.05607476624937,-38.15086782374991,0,0,-0.010508765814200662
tower_upgrade,Tower Upgrade,base,C,14,proc,s001,low,zoom,capped,0.45178126864188,22.589063432094,0.45178126864188,0,0,0,0,0,0,0,0,0
tower_upgrade,Tower Upgrade,corrupt,C,5,partial,s001,low,zoom,capped,0.45178126864188,22.589063432094,0.4503747265858,-0.0014065420560799846,-1.5823598130899654,-0.3164719626179931,-0.07032710280400067,-79.11799065449668,-15.823598130899336,0,0,-0.0031133253052041177
copy_machine,Copy Machine,base,C,19,not modeled,s001,low,zoom,capped,0.45178126864188,22.589063432094,0.45178126864188,0,0,0,0,0,0,0,0,0
whiteboard,Whiteboard,base,D,17,not modeled,s001,low,zoom,capped,0.45178126864188,22.589063432094,0.45178126864188,0,0,0,0,0,0,0,0,0
high_roller_pass,High Roller Pass,base,D,19,not modeled,s001,low,zoom,capped,0.45178126864188,22.589063432094,0.45178126864188,0,0,0,0,0,0,0,0,0
high_roller_pass,High Roller Pass,corrupt,D,9,partial,s001,low,zoom,capped,0.45178126864188,22.589063432094,0.44703360509048,-0.004747663551399994,-5.341121495325012,-0.5934579439250014,-0.2373831775700026,-267.05607476624937,-29.67289719624993,0,0,-0.010508765814200662
window,Window,base,D,20,proc,s001,low,zoom,capped,0.45178126864188,22.589063432094,0.45178126864188,0,0,0,0,0,0,0,0,0
window,Window,corrupt,D,10,partial,s001,low,zoom,capped,0.45178126864188,22.589063432094,0.44703360509048,-0.004747663551399994,-5.341121495325012,-0.5341121495325012,-0.2373831775700026,-267.05607476624937,-26.705607476624937,0,0,-0.010508765814200662
bookshelf,Bookshelf,base,D,22,modeled,s001,low,zoom,capped,0.45178126864188,22.589063432094,0.45178126864188,0,0,0,0,0,0,0,0,0
bookshelf,Bookshelf,corrupt,D,11,modeled,s001,low,zoom,capped,0.45178126864188,22.589063432094,0.45178126864188,0,0,0,0,0,0,0,0,0
cereal_shelf,Cereal Shelf,base,D,24,not modeled,s001,low,zoom,capped,0.45178126864188,22.589063432094,0.45178126864188,0,0,0,0,0,0,0,0,0
cereal_shelf,Cereal Shelf,corrupt,D,12,not modeled,s001,low,zoom,capped,0.45178126864188,22.589063432094,0.45178126864188,0,0,0,0,0,0,0,0,0
fire_extinguisher,Fire Extinguisher,base,D,24,proc,s001,low,zoom,capped,0.45178126864188,22.589063432094,0.45178126864188,0,0,0,0,0,0,0,0,0
fire_extinguisher,Fire Extinguisher,corrupt,D,12,partial,s001,low,zoom,capped,0.45178126864188,22.589063432094,0.33646211970571,-0.11531914893617001,-129.73404255319133,-10.811170212765944,-5.765957446809001,-6486.702127660123,-540.5585106383436,0,0,-0.25525438290710034
blackout_curtains,Blackout Curtains,base,D,24,proc,s001,low,zoom,capped,0.45178126864188,22.589063432094,0.45178126864188,0,0,0,0,0,0,0,0,0
blackout_curtains,Blackout Curtains,corrupt,D,12,partial,s001,low,zoom,capped,0.45178126864188,22.589063432094,0.44608407238019,-0.0056971962616900185,-6.409345794401247,-0.5341121495334372,-0.284859813084001,-320.4672897194978,-26.705607476624817,0,0,-0.012610518977062985
tip_jar,Tip Jar,base,D,24,not modeled,s001,low,zoom,capped,0.45178126864188,22.589063432094,0.45178126864188,0,0,0,0,0,0,0,0,0
tip_jar,Tip Jar,corrupt,D,12,not modeled,s001,low,zoom,capped,0.45178126864188,22.589063432094,0.45178126864188,0,0,0,0,0,0,0,0,0
shredder,Shredder,base,D,18,proc,s001,low,zoom,capped,0.45178126864188,22.589063432094,0.45178126864188,0,0,0,0,0,0,0,0,0
shredder,Shredder,corrupt,D,9,partial,s001,low,zoom,capped,0.45178126864188,22.589063432094,0.31339828991847,-0.13838297872341,-155.68085106383626,-17.297872340426252,-6.91914893617,-7784.042553191248,-864.8936170212497,0,0,-0.30630525948853365
cool_towel,Cool Towel,base,D,16,proc,s001,low,zoom,capped,0.45178126864188,22.589063432094,0.45178126864188,0,0,0,0,0,0,0,0,0
waste_basket,Waste Basket,base,D,18,proc,s001,low,zoom,capped,0.45178126864188,22.589063432094,0.45178126864188,0,0,0,0,0,0,0,0,0
waste_basket,Waste Basket,corrupt,D,9,proc,s001,low,zoom,capped,0.45178126864188,22.589063432094,0.45178126864188,0,0,0,0,0,0,0,0,0
cleaning_robot,Cleaning Robot,base,D,24,proc,s001,low,zoom,capped,0.45178126864188,22.589063432094,0.45178126864188,0,0,0,0,0,0,0,0,0
wall_hanger,Wall Hanger,base,A,2,modeled,s001,low,ko,naked,1.00137276925,50.068638462498,1.00137276925,0,0,0,0,0,0,0,0,0
wall_hanger,Wall Hanger,corrupt,A,2,modeled,s001,low,ko,naked,1.00137276925,50.068638462498,1.00137276925,0,0,0,0,0,0,0,0,0
mirror,Mirror,base,A,3,modeled,s001,low,ko,naked,1.00137276925,50.068638462498,1.00137276925,0,0,0,0,0,0,0,0,0
mirror,Mirror,corrupt,A,2,modeled,s001,low,ko,naked,1.00137276925,50.068638462498,1.00137276925,0,0,0,0,0,0,0,0,0
fight_night_poster,Fight Night Poster,base,A,4,not modeled,s001,low,ko,naked,1.00137276925,50.068638462498,1.00137276925,0,0,0,0,0,0,0,0,0
fight_night_poster,Fight Night Poster,corrupt,A,3,not modeled,s001,low,ko,naked,1.00137276925,50.068638462498,1.00137276925,0,0,0,0,0,0,0,0,0
energy_drink,Energy Drink,base,A,3,proc,s001,low,ko,naked,1.00137276925,50.068638462498,1.00137276925,0,0,0,0,0,0,0,0,0
energy_drink,Energy Drink,corrupt,A,2,proc,s001,low,ko,naked,1.00137276925,50.068638462498,1.00137276925,0,0,0,0,0,0,0,0,0
corkboard,Corkboard,base,A,4,modeled,s001,low,ko,naked,1.00137276925,50.068638462498,1.14151643362,0.14014366437000003,27.41941259413042,6.854853148532605,7.007183218499996,1370.9706297065204,342.7426574266301,0.10000000000000009,0.050000000000000044,0.13995154319501185
corkboard,Corkboard,corrupt,A,2,modeled,s001,low,ko,naked,1.00137276925,50.068638462498,1.5232569207281,0.5218841514780999,102.1077687674543,51.05388438372715,26.094207573907,5105.388438373109,2552.6942191865546,0.3999999999999999,0.19999999999999996,0.5211687071029266
stack_of_books,Stack of Books,base,A,4,modeled,s001,low,ko,naked,1.00137276925,50.068638462498,1.00137276925,0,0,0,0,0,0,0,0,0
stack_of_books,Stack of Books,corrupt,A,3,modeled,s001,low,ko,naked,1.00137276925,50.068638462498,1.00137276925,0,0,0,0,0,0,0,0,0
throw_pillow,Throw Pillow,base,A,4,modeled,s001,low,ko,naked,1.00137276925,50.068638462498,1.00137276925,0,0,0,0,0,0,0,0,0
throw_pillow,Throw Pillow,corrupt,A,2,modeled,s001,low,ko,naked,1.00137276925,50.068638462498,1.00137276925,0,0,0,0,0,0,0,0,0
starter_gift_box,Starter Gift Box,base,A,4,not modeled,s001,low,ko,naked,1.00137276925,50.068638462498,1.00137276925,0,0,0,0,0,0,0,0,0
starter_gift_box,Starter Gift Box,corrupt,A,3,not modeled,s001,low,ko,naked,1.00137276925,50.068638462498,1.00137276925,0,0,0,0,0,0,0,0,0
lava_lamp,Lava Lamp,base,A,5,modeled,s001,low,ko,naked,1.00137276925,50.068638462498,1.00137276925,0,0,0,0,0,0,0,0,0
lava_lamp,Lava Lamp,corrupt,A,3,modeled,s001,low,ko,naked,1.00137276925,50.068638462498,1.00137276925,0,0,0,0,0,0,0,0,0
comfort_bed,Comfort Bed,base,A,4,modeled,s001,low,ko,naked,1.00137276925,50.068638462498,1.00137276925,0,0,0,0,0,0,0,0,0
comfort_bed,Comfort Bed,corrupt,A,2,not modeled,s001,low,ko,naked,1.00137276925,50.068638462498,1.00137276925,0,0,0,0,0,0,0,0,0
yellow_sticky_note,Yellow Sticky Note,base,A,5,modeled,s001,low,ko,naked,1.00137276925,50.068638462498,1.00137276925,0,0,0,0,0,0,0,0,0
yellow_sticky_note,Yellow Sticky Note,corrupt,A,4,modeled,s001,low,ko,naked,1.00137276925,50.068638462498,1.00137276925,0,0,0,0,0,0,0,0,0
rubber_duck,Rubber Duck,base,A,5,not modeled,s001,low,ko,naked,1.00137276925,50.068638462498,1.00137276925,0,0,0,0,0,0,0,0,0
rubber_duck,Rubber Duck,corrupt,A,2,modeled,s001,low,ko,naked,1.00137276925,50.068638462498,1.00137276925,0,0,0,0,0,0,0,0,0
stash_box,Stash Box,base,B,6,not modeled,s001,low,ko,naked,1.00137276925,50.068638462498,1.00137276925,0,0,0,0,0,0,0,0,0
stash_box,Stash Box,corrupt,B,3,not modeled,s001,low,ko,naked,1.00137276925,50.068638462498,1.00137276925,0,0,0,0,0,0,0,0,0
dogs_playing_poker,Dogs Playing Poker,base,B,6,proc,s001,low,ko,naked,1.00137276925,50.068638462498,1.00137276925,0,0,0,0,0,0,0,0,0
dogs_playing_poker,Dogs Playing Poker,corrupt,B,3,proc,s001,low,ko,naked,1.00137276925,50.068638462498,1.00137276925,0,0,0,0,0,0,0,0,0
calculator,Calculator,base,B,7,modeled,s001,low,ko,naked,1.00137276925,50.068638462498,1.00137276925,0,0,0,0,0,0,0,0,0
calculator,Calculator,corrupt,B,4,modeled,s001,low,ko,naked,1.00137276925,50.068638462498,1.00137276925,0,0,0,0,0,0,0,0,0
ring_binder,Ring Binder,base,B,7,not modeled,s001,low,ko,naked,1.00137276925,50.068638462498,1.00137276925,0,0,0,0,0,0,0,0,0
ring_binder,Ring Binder,corrupt,B,4,not modeled,s001,low,ko,naked,1.00137276925,50.068638462498,1.00137276925,0,0,0,0,0,0,0,0,0
space_heater,Space Heater,base,B,8,modeled,s001,low,ko,naked,1.00137276925,50.068638462498,1.00137276925,0,0,0,0,0,0,0,0,0
space_heater,Space Heater,corrupt,B,8,modeled,s001,low,ko,naked,1.00137276925,50.068638462498,1.00137276925,0,0,0,0,0,0,0,0,0
pencil_holder,Pencil Holder,base,B,8,not modeled,s001,low,ko,naked,1.00137276925,50.068638462498,1.00137276925,0,0,0,0,0,0,0,0,0
pencil_holder,Pencil Holder,corrupt,B,4,not modeled,s001,low,ko,naked,1.00137276925,50.068638462498,1.00137276925,0,0,0,0,0,0,0,0,0
bonsai,Bonsai,base,B,10,not modeled,s001,low,ko,naked,1.00137276925,50.068638462498,1.00137276925,0,0,0,0,0,0,0,0,0
bonsai,Bonsai,corrupt,B,5,not modeled,s001,low,ko,naked,1.00137276925,50.068638462498,1.00137276925,0,0,0,0,0,0,0,0,0
desk_plant,Desk Plant,base,B,8,modeled,s001,low,ko,naked,1.00137276925,50.068638462498,1.00137276925,0,0,0,0,0,0,0,0,0
desk_plant,Desk Plant,corrupt,B,5,modeled,s001,low,ko,naked,1.00137276925,50.068638462498,1.00137276925,0,0,0,0,0,0,0,0,0
desk,Desk,base,B,9,not modeled,s001,low,ko,naked,1.00137276925,50.068638462498,1.00137276925,0,0,0,0,0,0,0,0,0
desk,Desk,corrupt,B,5,not modeled,s001,low,ko,naked,1.00137276925,50.068638462498,1.00137276925,0,0,0,0,0,0,0,0,0
rebuy_sticky_note,Rebuy Sticky Note,base,B,10,not modeled,s001,low,ko,naked,1.00137276925,50.068638462498,1.00137276925,0,0,0,0,0,0,0,0,0
rebuy_sticky_note,Rebuy Sticky Note,corrupt,B,5,not modeled,s001,low,ko,naked,1.00137276925,50.068638462498,1.00137276925,0,0,0,0,0,0,0,0,0
gaming_chair,Gaming Chair,base,B,10,proc,s001,low,ko,naked,1.00137276925,50.068638462498,1.00137276925,0,0,0,0,0,0,0,0,0
gaming_chair,Gaming Chair,corrupt,B,5,partial,s001,low,ko,naked,1.00137276925,50.068638462498,1.00137276925,0,0,0,0,0,0,0,0,0
headset,Headset,base,B,6,modeled,s001,low,ko,naked,1.00137276925,50.068638462498,1.00137276925,0,0,0,0,0,0,0,0,0
headset,Headset,corrupt,B,5,modeled,s001,low,ko,naked,1.00137276925,50.068638462498,1.00137276925,0,0,0,0,0,0,0,0,0
prize_vase,Prize Vase,base,C,12,proc,s001,low,ko,naked,1.00137276925,50.068638462498,1.00137276925,0,0,0,0,0,0,0,0,0
prize_vase,Prize Vase,corrupt,C,6,proc,s001,low,ko,naked,1.00137276925,50.068638462498,1.00137276925,0,0,0,0,0,0,0,0,0
compact_fridge,Compact Fridge,base,B,12,not modeled,s001,low,ko,naked,1.00137276925,50.068638462498,1.00137276925,0,0,0,0,0,0,0,0,0
compact_fridge,Compact Fridge,corrupt,B,6,not modeled,s001,low,ko,naked,1.00137276925,50.068638462498,1.00137276925,0,0,0,0,0,0,0,0,0
wall_clock,Wall Clock,base,B,12,proc,s001,low,ko,naked,1.00137276925,50.068638462498,1.00137276925,0,0,0,0,0,0,0,0,0
wall_clock,Wall Clock,corrupt,B,7,partial,s001,low,ko,naked,1.00137276925,50.068638462498,1.00137276925,0,0,0,0,0,0,0,0,0
house_cat,House Cat,base,B,8,proc,s001,low,ko,naked,1.00137276925,50.068638462498,1.00137276925,0,0,0,0,0,0,0,0,0
house_cat,House Cat,corrupt,B,4,proc,s001,low,ko,naked,1.00137276925,50.068638462498,1.00137276925,0,0,0,0,0,0,0,0,0
candle,Candle,base,B,7,proc,s001,low,ko,naked,1.00137276925,50.068638462498,1.00137276925,0,0,0,0,0,0,0,0,0
dusty_console,Dusty Console,base,B,5,modeled,s001,low,ko,naked,1.00137276925,50.068638462498,1.00137276925,0,0,0,0,0,0,0,0,0
handheld,Handheld,base,B,5,modeled,s001,low,ko,naked,1.00137276925,50.068638462498,1.00137276925,0,0,0,0,0,0,0,0,0
red_rug,Red Rug,base,B,8,modeled,s001,low,ko,naked,1.00137276925,50.068638462498,1.00137276925,0,0,0,0,0,0,0,0,0
dish_soap,Dish Soap,base,B,12,proc,s001,low,ko,naked,1.00137276925,50.068638462498,1.00137276925,0,0,0,0,0,0,0,0,0
rolled_vouchers,Rolled Vouchers,base,C,9,proc,s001,low,ko,naked,1.00137276925,50.068638462498,1.00137276925,0,0,0,0,0,0,0,0,0
rolled_vouchers,Rolled Vouchers,corrupt,C,5,proc,s001,low,ko,naked,1.00137276925,50.068638462498,1.00137276925,0,0,0,0,0,0,0,0,0
second_monitor,Second Monitor,base,C,10,modeled,s001,low,ko,naked,1.00137276925,50.068638462498,1.00137276925,0,0,0,0,0,0,0,0,0
second_monitor,Second Monitor,corrupt,C,6,modeled,s001,low,ko,naked,1.00137276925,50.068638462498,1.00137276925,0,0,0,0,0,0,0,0,0
laptop_terminal,Laptop Terminal,base,D,12,not modeled,s001,low,ko,naked,1.00137276925,50.068638462498,1.00137276925,0,0,0,0,0,0,0,0,0
laptop_terminal,Laptop Terminal,corrupt,D,6,not modeled,s001,low,ko,naked,1.00137276925,50.068638462498,1.00137276925,0,0,0,0,0,0,0,0,0
gaming_keyboard,Gaming Keyboard,base,D,12,not modeled,s001,low,ko,naked,1.00137276925,50.068638462498,1.00137276925,0,0,0,0,0,0,0,0,0
gaming_keyboard,Gaming Keyboard,corrupt,D,6,not modeled,s001,low,ko,naked,1.00137276925,50.068638462498,1.00137276925,0,0,0,0,0,0,0,0,0
box_of_mice,Box of Mice,base,D,13,not modeled,s001,low,ko,naked,1.00137276925,50.068638462498,1.00137276925,0,0,0,0,0,0,0,0,0
box_of_mice,Box of Mice,corrupt,D,7,not modeled,s001,low,ko,naked,1.00137276925,50.068638462498,1.00137276925,0,0,0,0,0,0,0,0,0
wacom_tablet,Wacom Tablet,base,D,13,not modeled,s001,low,ko,naked,1.00137276925,50.068638462498,1.00137276925,0,0,0,0,0,0,0,0,0
wacom_tablet,Wacom Tablet,corrupt,D,7,not modeled,s001,low,ko,naked,1.00137276925,50.068638462498,1.00137276925,0,0,0,0,0,0,0,0,0
desk_lamp,Desk Lamp,base,D,10,not modeled,s001,low,ko,naked,1.00137276925,50.068638462498,1.00137276925,0,0,0,0,0,0,0,0,0
desk_lamp,Desk Lamp,corrupt,D,6,not modeled,s001,low,ko,naked,1.00137276925,50.068638462498,1.00137276925,0,0,0,0,0,0,0,0,0
telephone,Telephone,base,D,12,not modeled,s001,low,ko,naked,1.00137276925,50.068638462498,1.00137276925,0,0,0,0,0,0,0,0,0
glass_partition,Glass Partition,base,D,12,not modeled,s001,low,ko,naked,1.00137276925,50.068638462498,1.00137276925,0,0,0,0,0,0,0,0,0
electric_kettle,Electric Kettle,base,D,11,not modeled,s001,low,ko,naked,1.00137276925,50.068638462498,1.00137276925,0,0,0,0,0,0,0,0,0
electric_kettle,Electric Kettle,corrupt,D,8,not modeled,s001,low,ko,naked,1.00137276925,50.068638462498,1.00137276925,0,0,0,0,0,0,0,0,0
chrome_toaster,Chrome Toaster,base,D,14,not modeled,s001,low,ko,naked,1.00137276925,50.068638462498,1.00137276925,0,0,0,0,0,0,0.8799999999999999,0,0
chrome_toaster,Chrome Toaster,corrupt,D,8,not modeled,s001,low,ko,naked,1.00137276925,50.068638462498,1.00137276925,0,0,0,0,0,0,3.8499999999999996,0,0
first_aid_kit,First Aid Kit,base,D,16,proc,s001,low,ko,naked,1.00137276925,50.068638462498,1.00137276925,0,0,0,0,0,0,0,0,0
first_aid_kit,First Aid Kit,corrupt,D,8,partial,s001,low,ko,naked,1.00137276925,50.068638462498,1.00137276925,0,0,0,0,0,0,0,0,0
nightstand,Nightstand,base,D,13,proc,s001,low,ko,naked,1.00137276925,50.068638462498,1.00137276925,0,0,0,0,0,0,0,0,0
nightstand,Nightstand,corrupt,D,8,proc,s001,low,ko,naked,1.00137276925,50.068638462498,1.00137276925,0,0,0,0,0,0,0,0,0
receipt_printer,Receipt Printer,base,C,19,proc,s001,low,ko,naked,1.00137276925,50.068638462498,1.00137276925,0,0,0,0,0,0,0,0,0
receipt_printer,Receipt Printer,corrupt,C,9,proc,s001,low,ko,naked,1.00137276925,50.068638462498,1.00137276925,0,0,0,0,0,0,0,0,0
microwave_oven,Microwave Oven,base,D,18,proc,s001,low,ko,naked,1.00137276925,50.068638462498,1.00137276925,0,0,0,0,0,0,0,0,0
microwave_oven,Microwave Oven,corrupt,D,10,partial,s001,low,ko,naked,1.00137276925,50.068638462498,1.00137276925,0,0,0,0,0,0,0,0,0
framed_diploma,Framed Diploma,base,D,18,proc,s001,low,ko,naked,1.00137276925,50.068638462498,1.00137276925,0,0,0,0,0,0,0,0,0
framed_diploma,Framed Diploma,corrupt,D,9,partial,s001,low,ko,naked,1.00137276925,50.068638462498,1.00137276925,0,0,0,0,0,0,0,0,0
laminated_blueprint,Laminated Blueprint,base,D,19,not modeled,s001,low,ko,naked,1.00137276925,50.068638462498,1.00137276925,0,0,0,0,0,0,0,0,0
laminated_blueprint,Laminated Blueprint,corrupt,D,10,not modeled,s001,low,ko,naked,1.00137276925,50.068638462498,1.00137276925,0,0,0,0,0,0,0,0,0
console_television,Console Television,base,D,26,proc,s001,low,ko,naked,1.00137276925,50.068638462498,1.00137276925,0,0,0,0,0,0,0,0,0
console_television,Console Television,corrupt,D,13,partial,s001,low,ko,naked,1.00137276925,50.068638462498,1.00137276925,0,0,0,0,0,0,0,0,0
desk_speakers,Desk Speakers,base,C,10,modeled,s001,low,ko,naked,1.00137276925,50.068638462498,1.14151643362,0.14014366437000003,27.41941259413042,2.741941259413042,7.007183218499996,1370.9706297065204,137.09706297065205,0.10000000000000009,0.050000000000000044,0.13995154319501185
desk_speakers,Desk Speakers,corrupt,C,6,modeled,s001,low,ko,naked,1.00137276925,50.068638462498,1.7399007983873,0.7385280291373,144.49461439642826,24.082435732738045,36.92640145686799,7224.730719821999,1204.1217866369998,0.6000000000000001,0.30000000000000004,0.7375155904133849
curved_monitor,Curved Monitor,base,C,13,proc,s001,low,ko,naked,1.00137276925,50.068638462498,1.00137276925,0,0,0,0,0,0,0,0,0
curved_monitor,Curved Monitor,corrupt,C,7,partial,s001,low,ko,naked,1.00137276925,50.068638462498,1.00137276925,0,0,0,0,0,0,0,0,0
tower_upgrade,Tower Upgrade,base,C,14,proc,s001,low,ko,naked,1.00137276925,50.068638462498,1.00137276925,0,0,0,0,0,0,0,0,0
tower_upgrade,Tower Upgrade,corrupt,C,5,partial,s001,low,ko,naked,1.00137276925,50.068638462498,1.00137276925,0,0,0,0,0,0,0,0,0
copy_machine,Copy Machine,base,C,19,not modeled,s001,low,ko,naked,1.00137276925,50.068638462498,1.00137276925,0,0,0,0,0,0,0,0,0
whiteboard,Whiteboard,base,D,17,not modeled,s001,low,ko,naked,1.00137276925,50.068638462498,1.00137276925,0,0,0,0,0,0,0,0,0
high_roller_pass,High Roller Pass,base,D,19,not modeled,s001,low,ko,naked,1.00137276925,50.068638462498,1.00137276925,0,0,0,0,0,0,0,0,0
high_roller_pass,High Roller Pass,corrupt,D,9,partial,s001,low,ko,naked,1.00137276925,50.068638462498,1.00137276925,0,0,0,0,0,0,0,0,0
window,Window,base,D,20,proc,s001,low,ko,naked,1.00137276925,50.068638462498,1.00137276925,0,0,0,0,0,0,0,0,0
window,Window,corrupt,D,10,partial,s001,low,ko,naked,1.00137276925,50.068638462498,1.00137276925,0,0,0,0,0,0,0,0,0
bookshelf,Bookshelf,base,D,22,modeled,s001,low,ko,naked,1.00137276925,50.068638462498,1.00137276925,0,0,0,0,0,0,0,0,0
bookshelf,Bookshelf,corrupt,D,11,modeled,s001,low,ko,naked,1.00137276925,50.068638462498,1.00137276925,0,0,0,0,0,0,0,0,0
cereal_shelf,Cereal Shelf,base,D,24,not modeled,s001,low,ko,naked,1.00137276925,50.068638462498,1.00137276925,0,0,0,0,0,0,0,0,0
cereal_shelf,Cereal Shelf,corrupt,D,12,not modeled,s001,low,ko,naked,1.00137276925,50.068638462498,1.00137276925,0,0,0,0,0,0,0,0,0
fire_extinguisher,Fire Extinguisher,base,D,24,proc,s001,low,ko,naked,1.00137276925,50.068638462498,1.00137276925,0,0,0,0,0,0,0,0,0
fire_extinguisher,Fire Extinguisher,corrupt,D,12,partial,s001,low,ko,naked,1.00137276925,50.068638462498,1.00137276925,0,0,0,0,0,0,0,0,0
blackout_curtains,Blackout Curtains,base,D,24,proc,s001,low,ko,naked,1.00137276925,50.068638462498,1.00137276925,0,0,0,0,0,0,0,0,0
blackout_curtains,Blackout Curtains,corrupt,D,12,partial,s001,low,ko,naked,1.00137276925,50.068638462498,1.00137276925,0,0,0,0,0,0,0,0,0
tip_jar,Tip Jar,base,D,24,not modeled,s001,low,ko,naked,1.00137276925,50.068638462498,1.00137276925,0,0,0,0,0,0,0,0,0
tip_jar,Tip Jar,corrupt,D,12,not modeled,s001,low,ko,naked,1.00137276925,50.068638462498,1.00137276925,0,0,0,0,0,0,0,0,0
shredder,Shredder,base,D,18,proc,s001,low,ko,naked,1.00137276925,50.068638462498,1.00137276925,0,0,0,0,0,0,0,0,0
shredder,Shredder,corrupt,D,9,partial,s001,low,ko,naked,1.00137276925,50.068638462498,1.00137276925,0,0,0,0,0,0,0,0,0
cool_towel,Cool Towel,base,D,16,proc,s001,low,ko,naked,1.00137276925,50.068638462498,1.00137276925,0,0,0,0,0,0,0,0,0
waste_basket,Waste Basket,base,D,18,proc,s001,low,ko,naked,1.00137276925,50.068638462498,1.00137276925,0,0,0,0,0,0,0,0,0
waste_basket,Waste Basket,corrupt,D,9,proc,s001,low,ko,naked,1.00137276925,50.068638462498,1.00137276925,0,0,0,0,0,0,0,0,0
cleaning_robot,Cleaning Robot,base,D,24,proc,s001,low,ko,naked,1.00137276925,50.068638462498,1.00137276925,0,0,0,0,0,0,0,0,0
wall_hanger,Wall Hanger,base,A,2,modeled,s001,low,ko,mid,1.403302216334,70.165110816701,1.403302216334,0,0,0,0,0,0,0,0,0
wall_hanger,Wall Hanger,corrupt,A,2,modeled,s001,low,ko,mid,1.403302216334,70.165110816701,1.403302216334,0,0,0,0,0,0,0,0,0
mirror,Mirror,base,A,3,modeled,s001,low,ko,mid,1.403302216334,70.165110816701,1.403302216334,0,0,0,0,0,0,0,0,0
mirror,Mirror,corrupt,A,2,modeled,s001,low,ko,mid,1.403302216334,70.165110816701,1.403302216334,0,0,0,0,0,0,0,0,0
fight_night_poster,Fight Night Poster,base,A,4,not modeled,s001,low,ko,mid,1.403302216334,70.165110816701,1.403302216334,0,0,0,0,0,0,0,0,0
fight_night_poster,Fight Night Poster,corrupt,A,3,not modeled,s001,low,ko,mid,1.403302216334,70.165110816701,1.403302216334,0,0,0,0,0,0,0,0,0
energy_drink,Energy Drink,base,A,3,proc,s001,low,ko,mid,1.403302216334,70.165110816701,1.403302216334,0,0,0,0,0,0,0,0,0
energy_drink,Energy Drink,corrupt,A,2,proc,s001,low,ko,mid,1.403302216334,70.165110816701,1.403302216334,0,0,0,0,0,0,0,0,0
corkboard,Corkboard,base,A,4,modeled,s001,low,ko,mid,1.403302216334,70.165110816701,1.5232569207281,0.11995470439409983,23.469398685802105,5.867349671450526,5.997735219703998,1173.469934289913,293.36748357247825,1.5399999999999991,0.04999999999999993,0.08548030709127691
corkboard,Corkboard,corrupt,A,2,modeled,s001,low,ko,mid,1.403302216334,70.165110816701,1.8367830556142,0.43348083928019987,84.81146855482172,42.40573427741086,21.674041964010996,4240.573427741281,2120.2867138706406,6.16,0.19999999999999996,0.3089005591487123
stack_of_books,Stack of Books,base,A,4,modeled,s001,low,ko,mid,1.403302216334,70.165110816701,1.403302216334,0,0,0,0,0,0,0,0,0
stack_of_books,Stack of Books,corrupt,A,3,modeled,s001,low,ko,mid,1.403302216334,70.165110816701,1.403302216334,0,0,0,0,0,0,0,0,0
throw_pillow,Throw Pillow,base,A,4,modeled,s001,low,ko,mid,1.403302216334,70.165110816701,1.403302216334,0,0,0,0,0,0,0,0,0
throw_pillow,Throw Pillow,corrupt,A,2,modeled,s001,low,ko,mid,1.403302216334,70.165110816701,1.403302216334,0,0,0,0,0,0,0,0,0
starter_gift_box,Starter Gift Box,base,A,4,not modeled,s001,low,ko,mid,1.403302216334,70.165110816701,1.403302216334,0,0,0,0,0,0,0,0,0
starter_gift_box,Starter Gift Box,corrupt,A,3,not modeled,s001,low,ko,mid,1.403302216334,70.165110816701,1.403302216334,0,0,0,0,0,0,0,0,0
lava_lamp,Lava Lamp,base,A,5,modeled,s001,low,ko,mid,1.403302216334,70.165110816701,1.403302216334,0,0,0,0,0,0,0,0,0
lava_lamp,Lava Lamp,corrupt,A,3,modeled,s001,low,ko,mid,1.403302216334,70.165110816701,1.403302216334,0,0,0,0,0,0,0,0,0
comfort_bed,Comfort Bed,base,A,4,modeled,s001,low,ko,mid,1.403302216334,70.165110816701,1.403302216334,0,0,0,0,0,0,0,0,0
comfort_bed,Comfort Bed,corrupt,A,2,not modeled,s001,low,ko,mid,1.403302216334,70.165110816701,1.403302216334,0,0,0,0,0,0,0,0,0
yellow_sticky_note,Yellow Sticky Note,base,A,5,modeled,s001,low,ko,mid,1.403302216334,70.165110816701,1.403302216334,0,0,0,0,0,0,0,0,0
yellow_sticky_note,Yellow Sticky Note,corrupt,A,4,modeled,s001,low,ko,mid,1.403302216334,70.165110816701,1.403302216334,0,0,0,0,0,0,0,0,0
rubber_duck,Rubber Duck,base,A,5,not modeled,s001,low,ko,mid,1.403302216334,70.165110816701,1.403302216334,0,0,0,0,0,0,0,0,0
rubber_duck,Rubber Duck,corrupt,A,2,modeled,s001,low,ko,mid,1.403302216334,70.165110816701,1.403302216334,0,0,0,0,0,0,0,0,0
stash_box,Stash Box,base,B,6,not modeled,s001,low,ko,mid,1.403302216334,70.165110816701,1.403302216334,0,0,0,0,0,0,0,0,0
stash_box,Stash Box,corrupt,B,3,not modeled,s001,low,ko,mid,1.403302216334,70.165110816701,1.403302216334,0,0,0,0,0,0,0,0,0
dogs_playing_poker,Dogs Playing Poker,base,B,6,proc,s001,low,ko,mid,1.403302216334,70.165110816701,1.403302216334,0,0,0,0,0,0,0,0,0
dogs_playing_poker,Dogs Playing Poker,corrupt,B,3,proc,s001,low,ko,mid,1.403302216334,70.165110816701,1.403302216334,0,0,0,0,0,0,0,0,0
calculator,Calculator,base,B,7,modeled,s001,low,ko,mid,1.403302216334,70.165110816701,1.4582322025454,0.054929986211399884,10.747171215273852,1.5353101736105503,2.7464993105670032,537.3585607631085,76.76550868044407,3.598200000000002,0.022499999999999964,0.03914337594000207
calculator,Calculator,corrupt,B,4,modeled,s001,low,ko,mid,1.403302216334,70.165110816701,1.8824827379867,0.47918052165269986,93.75271075813691,23.43817768953423,23.959026082634992,4687.635537906845,1171.9088844767111,41.646666666667,0.22499999999999998,0.34146637557839504
ring_binder,Ring Binder,base,B,7,not modeled,s001,low,ko,mid,1.403302216334,70.165110816701,1.403302216334,0,0,0,0,0,0,0,0,0
ring_binder,Ring Binder,corrupt,B,4,not modeled,s001,low,ko,mid,1.403302216334,70.165110816701,1.403302216334,0,0,0,0,0,0,0,0,0
space_heater,Space Heater,base,B,8,modeled,s001,low,ko,mid,1.403302216334,70.165110816701,1.403302216334,0,0,0,0,0,0,0,0,0
space_heater,Space Heater,corrupt,B,8,modeled,s001,low,ko,mid,1.403302216334,70.165110816701,1.403302216334,0,0,0,0,0,0,0,0,0
pencil_holder,Pencil Holder,base,B,8,not modeled,s001,low,ko,mid,1.403302216334,70.165110816701,1.403302216334,0,0,0,0,0,0,0,0,0
pencil_holder,Pencil Holder,corrupt,B,4,not modeled,s001,low,ko,mid,1.403302216334,70.165110816701,1.403302216334,0,0,0,0,0,0,0,0,0
bonsai,Bonsai,base,B,10,not modeled,s001,low,ko,mid,1.403302216334,70.165110816701,1.403302216334,0,0,0,0,0,0,0,0,0
bonsai,Bonsai,corrupt,B,5,not modeled,s001,low,ko,mid,1.403302216334,70.165110816701,1.403302216334,0,0,0,0,0,0,0,0,0
desk_plant,Desk Plant,base,B,8,modeled,s001,low,ko,mid,1.403302216334,70.165110816701,1.403302216334,0,0,0,0,0,0,0,0,0
desk_plant,Desk Plant,corrupt,B,5,modeled,s001,low,ko,mid,1.403302216334,70.165110816701,1.403302216334,0,0,0,0,0,0,0,0,0
desk,Desk,base,B,9,not modeled,s001,low,ko,mid,1.403302216334,70.165110816701,1.403302216334,0,0,0,0,0,0,0,0,0
desk,Desk,corrupt,B,5,not modeled,s001,low,ko,mid,1.403302216334,70.165110816701,1.403302216334,0,0,0,0,0,0,0,0,0
rebuy_sticky_note,Rebuy Sticky Note,base,B,10,not modeled,s001,low,ko,mid,1.403302216334,70.165110816701,1.403302216334,0,0,0,0,0,0,0,0,0
rebuy_sticky_note,Rebuy Sticky Note,corrupt,B,5,not modeled,s001,low,ko,mid,1.403302216334,70.165110816701,1.403302216334,0,0,0,0,0,0,0,0,0
gaming_chair,Gaming Chair,base,B,10,proc,s001,low,ko,mid,1.403302216334,70.165110816701,1.403302216334,0,0,0,0,0,0,0,0,0
gaming_chair,Gaming Chair,corrupt,B,5,partial,s001,low,ko,mid,1.403302216334,70.165110816701,1.403302216334,0,0,0,0,0,0,0,0,0
headset,Headset,base,B,6,modeled,s001,low,ko,mid,1.403302216334,70.165110816701,1.403302216334,0,0,0,0,0,0,0,0,0
headset,Headset,corrupt,B,5,modeled,s001,low,ko,mid,1.403302216334,70.165110816701,1.403302216334,0,0,0,0,0,0,0,0,0
prize_vase,Prize Vase,base,C,12,proc,s001,low,ko,mid,1.403302216334,70.165110816701,1.403302216334,0,0,0,0,0,0,0,0,0
prize_vase,Prize Vase,corrupt,C,6,proc,s001,low,ko,mid,1.403302216334,70.165110816701,1.403302216334,0,0,0,0,0,0,0,0,0
compact_fridge,Compact Fridge,base,B,12,not modeled,s001,low,ko,mid,1.403302216334,70.165110816701,1.403302216334,0,0,0,0,0,0,0,0,0
compact_fridge,Compact Fridge,corrupt,B,6,not modeled,s001,low,ko,mid,1.403302216334,70.165110816701,1.403302216334,0,0,0,0,0,0,0,0,0
wall_clock,Wall Clock,base,B,12,proc,s001,low,ko,mid,1.403302216334,70.165110816701,1.403302216334,0,0,0,0,0,0,0,0,0
wall_clock,Wall Clock,corrupt,B,7,partial,s001,low,ko,mid,1.403302216334,70.165110816701,1.403302216334,0,0,0,0,0,0,0,0,0
house_cat,House Cat,base,B,8,proc,s001,low,ko,mid,1.403302216334,70.165110816701,1.403302216334,0,0,0,0,0,0,0,0,0
house_cat,House Cat,corrupt,B,4,proc,s001,low,ko,mid,1.403302216334,70.165110816701,1.403302216334,0,0,0,0,0,0,0,0,0
candle,Candle,base,B,7,proc,s001,low,ko,mid,1.403302216334,70.165110816701,1.403302216334,0,0,0,0,0,0,0,0,0
dusty_console,Dusty Console,base,B,5,modeled,s001,low,ko,mid,1.403302216334,70.165110816701,1.403302216334,0,0,0,0,0,0,0,0,0
handheld,Handheld,base,B,5,modeled,s001,low,ko,mid,1.403302216334,70.165110816701,1.403302216334,0,0,0,0,0,0,0,0,0
red_rug,Red Rug,base,B,8,modeled,s001,low,ko,mid,1.403302216334,70.165110816701,1.403302216334,0,0,0,0,0,0,0,0,0
dish_soap,Dish Soap,base,B,12,proc,s001,low,ko,mid,1.403302216334,70.165110816701,1.403302216334,0,0,0,0,0,0,0,0,0
rolled_vouchers,Rolled Vouchers,base,C,9,proc,s001,low,ko,mid,1.403302216334,70.165110816701,1.403302216334,0,0,0,0,0,0,0,0,0
rolled_vouchers,Rolled Vouchers,corrupt,C,5,proc,s001,low,ko,mid,1.403302216334,70.165110816701,1.403302216334,0,0,0,0,0,0,0,0,0
second_monitor,Second Monitor,base,C,10,modeled,s001,low,ko,mid,1.403302216334,70.165110816701,1.403302216334,0,0,0,0,0,0,0,0,0
second_monitor,Second Monitor,corrupt,C,6,modeled,s001,low,ko,mid,1.403302216334,70.165110816701,1.403302216334,0,0,0,0,0,0,0,0,0
laptop_terminal,Laptop Terminal,base,D,12,not modeled,s001,low,ko,mid,1.403302216334,70.165110816701,1.403302216334,0,0,0,0,0,0,0,0,0
laptop_terminal,Laptop Terminal,corrupt,D,6,not modeled,s001,low,ko,mid,1.403302216334,70.165110816701,1.403302216334,0,0,0,0,0,0,0,0,0
gaming_keyboard,Gaming Keyboard,base,D,12,not modeled,s001,low,ko,mid,1.403302216334,70.165110816701,1.403302216334,0,0,0,0,0,0,0,0,0
gaming_keyboard,Gaming Keyboard,corrupt,D,6,not modeled,s001,low,ko,mid,1.403302216334,70.165110816701,1.403302216334,0,0,0,0,0,0,0,0,0
box_of_mice,Box of Mice,base,D,13,not modeled,s001,low,ko,mid,1.403302216334,70.165110816701,1.403302216334,0,0,0,0,0,0,0,0,0
box_of_mice,Box of Mice,corrupt,D,7,not modeled,s001,low,ko,mid,1.403302216334,70.165110816701,1.403302216334,0,0,0,0,0,0,0,0,0
wacom_tablet,Wacom Tablet,base,D,13,not modeled,s001,low,ko,mid,1.403302216334,70.165110816701,1.403302216334,0,0,0,0,0,0,0,0,0
wacom_tablet,Wacom Tablet,corrupt,D,7,not modeled,s001,low,ko,mid,1.403302216334,70.165110816701,1.403302216334,0,0,0,0,0,0,0,0,0
desk_lamp,Desk Lamp,base,D,10,not modeled,s001,low,ko,mid,1.403302216334,70.165110816701,1.403302216334,0,0,0,0,0,0,0,0,0
desk_lamp,Desk Lamp,corrupt,D,6,not modeled,s001,low,ko,mid,1.403302216334,70.165110816701,1.403302216334,0,0,0,0,0,0,0,0,0
telephone,Telephone,base,D,12,not modeled,s001,low,ko,mid,1.403302216334,70.165110816701,1.403302216334,0,0,0,0,0,0,0,0,0
glass_partition,Glass Partition,base,D,12,not modeled,s001,low,ko,mid,1.403302216334,70.165110816701,1.403302216334,0,0,0,0,0,0,0,0,0
electric_kettle,Electric Kettle,base,D,11,not modeled,s001,low,ko,mid,1.403302216334,70.165110816701,1.403302216334,0,0,0,0,0,0,0,0,0
electric_kettle,Electric Kettle,corrupt,D,8,not modeled,s001,low,ko,mid,1.403302216334,70.165110816701,1.403302216334,0,0,0,0,0,0,0,0,0
chrome_toaster,Chrome Toaster,base,D,14,not modeled,s001,low,ko,mid,1.403302216334,70.165110816701,1.403302216334,0,0,0,0,0,0,1.2376000000000005,0,0
chrome_toaster,Chrome Toaster,corrupt,D,8,not modeled,s001,low,ko,mid,1.403302216334,70.165110816701,1.403302216334,0,0,0,0,0,0,5.4145,0,0
first_aid_kit,First Aid Kit,base,D,16,proc,s001,low,ko,mid,1.403302216334,70.165110816701,1.403302216334,0,0,0,0,0,0,0,0,0
first_aid_kit,First Aid Kit,corrupt,D,8,partial,s001,low,ko,mid,1.403302216334,70.165110816701,1.403302216334,0,0,0,0,0,0,0,0,0
nightstand,Nightstand,base,D,13,proc,s001,low,ko,mid,1.403302216334,70.165110816701,1.403302216334,0,0,0,0,0,0,0,0,0
nightstand,Nightstand,corrupt,D,8,proc,s001,low,ko,mid,1.403302216334,70.165110816701,1.403302216334,0,0,0,0,0,0,0,0,0
receipt_printer,Receipt Printer,base,C,19,proc,s001,low,ko,mid,1.403302216334,70.165110816701,1.403302216334,0,0,0,0,0,0,0,0,0
receipt_printer,Receipt Printer,corrupt,C,9,proc,s001,low,ko,mid,1.403302216334,70.165110816701,1.403302216334,0,0,0,0,0,0,0,0,0
microwave_oven,Microwave Oven,base,D,18,proc,s001,low,ko,mid,1.403302216334,70.165110816701,1.403302216334,0,0,0,0,0,0,0,0,0
microwave_oven,Microwave Oven,corrupt,D,10,partial,s001,low,ko,mid,1.403302216334,70.165110816701,1.403302216334,0,0,0,0,0,0,0,0,0
framed_diploma,Framed Diploma,base,D,18,proc,s001,low,ko,mid,1.403302216334,70.165110816701,1.403302216334,0,0,0,0,0,0,0,0,0
framed_diploma,Framed Diploma,corrupt,D,9,partial,s001,low,ko,mid,1.403302216334,70.165110816701,1.403302216334,0,0,0,0,0,0,0,0,0
laminated_blueprint,Laminated Blueprint,base,D,19,not modeled,s001,low,ko,mid,1.403302216334,70.165110816701,1.403302216334,0,0,0,0,0,0,0,0,0
laminated_blueprint,Laminated Blueprint,corrupt,D,10,not modeled,s001,low,ko,mid,1.403302216334,70.165110816701,1.403302216334,0,0,0,0,0,0,0,0,0
console_television,Console Television,base,D,26,proc,s001,low,ko,mid,1.403302216334,70.165110816701,1.403302216334,0,0,0,0,0,0,0,0,0
console_television,Console Television,corrupt,D,13,partial,s001,low,ko,mid,1.403302216334,70.165110816701,1.403302216334,0,0,0,0,0,0,0,0,0
desk_speakers,Desk Speakers,base,C,10,modeled,s001,low,ko,mid,1.403302216334,70.165110816701,1.5232569207281,0.11995470439409983,23.469398685802105,2.3469398685802103,5.997735219703998,1173.469934289913,117.3469934289913,1.5399999999999991,0.04999999999999993,0.08548030709127691
desk_speakers,Desk Speakers,corrupt,C,6,modeled,s001,low,ko,mid,1.403302216334,70.165110816701,2.009193322773,0.605891106439,118.54391212936952,19.757318688228253,30.29455532194899,5927.195606468282,987.8659344113803,9.240000000000002,0.29999999999999993,0.4317609559698663
curved_monitor,Curved Monitor,base,C,13,proc,s001,low,ko,mid,1.403302216334,70.165110816701,1.403302216334,0,0,0,0,0,0,0,0,0
curved_monitor,Curved Monitor,corrupt,C,7,partial,s001,low,ko,mid,1.403302216334,70.165110816701,1.403302216334,0,0,0,0,0,0,0,0,0
tower_upgrade,Tower Upgrade,base,C,14,proc,s001,low,ko,mid,1.403302216334,70.165110816701,1.403302216334,0,0,0,0,0,0,0,0,0
tower_upgrade,Tower Upgrade,corrupt,C,5,partial,s001,low,ko,mid,1.403302216334,70.165110816701,1.403302216334,0,0,0,0,0,0,0,0,0
copy_machine,Copy Machine,base,C,19,not modeled,s001,low,ko,mid,1.403302216334,70.165110816701,1.403302216334,0,0,0,0,0,0,0,0,0
whiteboard,Whiteboard,base,D,17,not modeled,s001,low,ko,mid,1.403302216334,70.165110816701,1.403302216334,0,0,0,0,0,0,0,0,0
high_roller_pass,High Roller Pass,base,D,19,not modeled,s001,low,ko,mid,1.403302216334,70.165110816701,1.403302216334,0,0,0,0,0,0,0,0,0
high_roller_pass,High Roller Pass,corrupt,D,9,partial,s001,low,ko,mid,1.403302216334,70.165110816701,1.403302216334,0,0,0,0,0,0,0,0,0
window,Window,base,D,20,proc,s001,low,ko,mid,1.403302216334,70.165110816701,1.403302216334,0,0,0,0,0,0,0,0,0
window,Window,corrupt,D,10,partial,s001,low,ko,mid,1.403302216334,70.165110816701,1.403302216334,0,0,0,0,0,0,0,0,0
bookshelf,Bookshelf,base,D,22,modeled,s001,low,ko,mid,1.403302216334,70.165110816701,1.403302216334,0,0,0,0,0,0,0,0,0
bookshelf,Bookshelf,corrupt,D,11,modeled,s001,low,ko,mid,1.403302216334,70.165110816701,1.403302216334,0,0,0,0,0,0,0,0,0
cereal_shelf,Cereal Shelf,base,D,24,not modeled,s001,low,ko,mid,1.403302216334,70.165110816701,1.403302216334,0,0,0,0,0,0,0,0,0
cereal_shelf,Cereal Shelf,corrupt,D,12,not modeled,s001,low,ko,mid,1.403302216334,70.165110816701,1.403302216334,0,0,0,0,0,0,0,0,0
fire_extinguisher,Fire Extinguisher,base,D,24,proc,s001,low,ko,mid,1.403302216334,70.165110816701,1.403302216334,0,0,0,0,0,0,0,0,0
fire_extinguisher,Fire Extinguisher,corrupt,D,12,partial,s001,low,ko,mid,1.403302216334,70.165110816701,1.403302216334,0,0,0,0,0,0,0,0,0
blackout_curtains,Blackout Curtains,base,D,24,proc,s001,low,ko,mid,1.403302216334,70.165110816701,1.403302216334,0,0,0,0,0,0,0,0,0
blackout_curtains,Blackout Curtains,corrupt,D,12,partial,s001,low,ko,mid,1.403302216334,70.165110816701,1.403302216334,0,0,0,0,0,0,0,0,0
tip_jar,Tip Jar,base,D,24,not modeled,s001,low,ko,mid,1.403302216334,70.165110816701,1.403302216334,0,0,0,0,0,0,0,0,0
tip_jar,Tip Jar,corrupt,D,12,not modeled,s001,low,ko,mid,1.403302216334,70.165110816701,1.403302216334,0,0,0,0,0,0,0,0,0
shredder,Shredder,base,D,18,proc,s001,low,ko,mid,1.403302216334,70.165110816701,1.403302216334,0,0,0,0,0,0,0,0,0
shredder,Shredder,corrupt,D,9,partial,s001,low,ko,mid,1.403302216334,70.165110816701,1.403302216334,0,0,0,0,0,0,0,0,0
cool_towel,Cool Towel,base,D,16,proc,s001,low,ko,mid,1.403302216334,70.165110816701,1.403302216334,0,0,0,0,0,0,0,0,0
waste_basket,Waste Basket,base,D,18,proc,s001,low,ko,mid,1.403302216334,70.165110816701,1.403302216334,0,0,0,0,0,0,0,0,0
waste_basket,Waste Basket,corrupt,D,9,proc,s001,low,ko,mid,1.403302216334,70.165110816701,1.403302216334,0,0,0,0,0,0,0,0,0
cleaning_robot,Cleaning Robot,base,D,24,proc,s001,low,ko,mid,1.403302216334,70.165110816701,1.403302216334,0,0,0,0,0,0,0,0,0
wall_hanger,Wall Hanger,base,A,2,modeled,s001,low,ko,capped,1.6354552923152,81.77276461576,1.6354552923152,0,0,0,0,0,0,0,0,0
wall_hanger,Wall Hanger,corrupt,A,2,modeled,s001,low,ko,capped,1.6354552923152,81.77276461576,1.6354552923152,0,0,0,0,0,0,0,0,0
mirror,Mirror,base,A,3,modeled,s001,low,ko,capped,1.6354552923152,81.77276461576,1.6354552923152,0,0,0,0,0,0,0,0,0
mirror,Mirror,corrupt,A,2,modeled,s001,low,ko,capped,1.6354552923152,81.77276461576,1.6354552923152,0,0,0,0,0,0,0,0,0
fight_night_poster,Fight Night Poster,base,A,4,not modeled,s001,low,ko,capped,1.6354552923152,81.77276461576,1.6354552923152,0,0,0,0,0,0,0,0,0
fight_night_poster,Fight Night Poster,corrupt,A,3,not modeled,s001,low,ko,capped,1.6354552923152,81.77276461576,1.6354552923152,0,0,0,0,0,0,0,0,0
energy_drink,Energy Drink,base,A,3,proc,s001,low,ko,capped,1.6354552923152,81.77276461576,1.6354552923152,0,0,0,0,0,0,0,0,0
energy_drink,Energy Drink,corrupt,A,2,proc,s001,low,ko,capped,1.6354552923152,81.77276461576,1.6354552923152,0,0,0,0,0,0,0,0,0
corkboard,Corkboard,base,A,4,modeled,s001,low,ko,capped,1.6354552923152,81.77276461576,1.7399007983873,0.10444550607210012,20.434990318454368,5.108747579613592,5.222275303605997,1021.7495159229129,255.43737898072823,2.5,0.050000000000000044,0.06386325970686971
corkboard,Corkboard,corrupt,A,2,modeled,s001,low,ko,capped,1.6354552923152,81.77276461576,2.009193322773,0.3737380304578002,73.12265813304782,36.56132906652391,18.686901522889997,3656.132906652392,1828.066453326196,10,0.19999999999999996,0.22852231559856664
stack_of_books,Stack of Books,base,A,4,modeled,s001,low,ko,capped,1.6354552923152,81.77276461576,1.6354552923152,0,0,0,0,0,0,0,0,0
stack_of_books,Stack of Books,corrupt,A,3,modeled,s001,low,ko,capped,1.6354552923152,81.77276461576,1.6354552923152,0,0,0,0,0,0,0,0,0
throw_pillow,Throw Pillow,base,A,4,modeled,s001,low,ko,capped,1.6354552923152,81.77276461576,1.6354552923152,0,0,0,0,0,0,0,0,0
throw_pillow,Throw Pillow,corrupt,A,2,modeled,s001,low,ko,capped,1.6354552923152,81.77276461576,1.6354552923152,0,0,0,0,0,0,0,0,0
starter_gift_box,Starter Gift Box,base,A,4,not modeled,s001,low,ko,capped,1.6354552923152,81.77276461576,1.6354552923152,0,0,0,0,0,0,0,0,0
starter_gift_box,Starter Gift Box,corrupt,A,3,not modeled,s001,low,ko,capped,1.6354552923152,81.77276461576,1.6354552923152,0,0,0,0,0,0,0,0,0
lava_lamp,Lava Lamp,base,A,5,modeled,s001,low,ko,capped,1.6354552923152,81.77276461576,1.6354552923152,0,0,0,0,0,0,0,0,0
lava_lamp,Lava Lamp,corrupt,A,3,modeled,s001,low,ko,capped,1.6354552923152,81.77276461576,1.6354552923152,0,0,0,0,0,0,0,0,0
comfort_bed,Comfort Bed,base,A,4,modeled,s001,low,ko,capped,1.6354552923152,81.77276461576,1.6354552923152,0,0,0,0,0,0,0,0,0
comfort_bed,Comfort Bed,corrupt,A,2,not modeled,s001,low,ko,capped,1.6354552923152,81.77276461576,1.6354552923152,0,0,0,0,0,0,0,0,0
yellow_sticky_note,Yellow Sticky Note,base,A,5,modeled,s001,low,ko,capped,1.6354552923152,81.77276461576,1.6354552923152,0,0,0,0,0,0,0,0,0
yellow_sticky_note,Yellow Sticky Note,corrupt,A,4,modeled,s001,low,ko,capped,1.6354552923152,81.77276461576,1.6354552923152,0,0,0,0,0,0,0,0,0
rubber_duck,Rubber Duck,base,A,5,not modeled,s001,low,ko,capped,1.6354552923152,81.77276461576,1.6354552923152,0,0,0,0,0,0,0,0,0
rubber_duck,Rubber Duck,corrupt,A,2,modeled,s001,low,ko,capped,1.6354552923152,81.77276461576,1.6354552923152,0,0,0,0,0,0,0,0,0
stash_box,Stash Box,base,B,6,not modeled,s001,low,ko,capped,1.6354552923152,81.77276461576,1.6354552923152,0,0,0,0,0,0,0,0,0
stash_box,Stash Box,corrupt,B,3,not modeled,s001,low,ko,capped,1.6354552923152,81.77276461576,1.6354552923152,0,0,0,0,0,0,0,0,0
dogs_playing_poker,Dogs Playing Poker,base,B,6,proc,s001,low,ko,capped,1.6354552923152,81.77276461576,1.6354552923152,0,0,0,0,0,0,0,0,0
dogs_playing_poker,Dogs Playing Poker,corrupt,B,3,proc,s001,low,ko,capped,1.6354552923152,81.77276461576,1.6354552923152,0,0,0,0,0,0,0,0,0
calculator,Calculator,base,B,7,modeled,s001,low,ko,capped,1.6354552923152,81.77276461576,1.7145084357095,0.07905314339430003,15.466919359754343,2.2095599085363347,3.9526571697130066,773.3459679873285,110.47799542676123,7.545000000000002,0.03749999999999998,0.04833708617151498
calculator,Calculator,corrupt,B,4,modeled,s001,low,ko,capped,1.6354552923152,81.77276461576,2.009193322773,0.3737380304578002,73.12265813304782,18.280664533261955,18.686901522889997,3656.132906652392,914.033226663098,39.001650165017,0.19999999999999996,0.22852231559856664
ring_binder,Ring Binder,base,B,7,not modeled,s001,low,ko,capped,1.6354552923152,81.77276461576,1.6354552923152,0,0,0,0,0,0,0,0,0
ring_binder,Ring Binder,corrupt,B,4,not modeled,s001,low,ko,capped,1.6354552923152,81.77276461576,1.6354552923152,0,0,0,0,0,0,0,0,0
space_heater,Space Heater,base,B,8,modeled,s001,low,ko,capped,1.6354552923152,81.77276461576,1.6354552923152,0,0,0,0,0,0,0,0,0
space_heater,Space Heater,corrupt,B,8,modeled,s001,low,ko,capped,1.6354552923152,81.77276461576,1.6354552923152,0,0,0,0,0,0,0,0,0
pencil_holder,Pencil Holder,base,B,8,not modeled,s001,low,ko,capped,1.6354552923152,81.77276461576,1.6354552923152,0,0,0,0,0,0,0,0,0
pencil_holder,Pencil Holder,corrupt,B,4,not modeled,s001,low,ko,capped,1.6354552923152,81.77276461576,1.6354552923152,0,0,0,0,0,0,0,0,0
bonsai,Bonsai,base,B,10,not modeled,s001,low,ko,capped,1.6354552923152,81.77276461576,1.6354552923152,0,0,0,0,0,0,0,0,0
bonsai,Bonsai,corrupt,B,5,not modeled,s001,low,ko,capped,1.6354552923152,81.77276461576,1.6354552923152,0,0,0,0,0,0,0,0,0
desk_plant,Desk Plant,base,B,8,modeled,s001,low,ko,capped,1.6354552923152,81.77276461576,1.6354552923152,0,0,0,0,0,0,0,0,0
desk_plant,Desk Plant,corrupt,B,5,modeled,s001,low,ko,capped,1.6354552923152,81.77276461576,1.6354552923152,0,0,0,0,0,0,0,0,0
desk,Desk,base,B,9,not modeled,s001,low,ko,capped,1.6354552923152,81.77276461576,1.6354552923152,0,0,0,0,0,0,0,0,0
desk,Desk,corrupt,B,5,not modeled,s001,low,ko,capped,1.6354552923152,81.77276461576,1.6354552923152,0,0,0,0,0,0,0,0,0
rebuy_sticky_note,Rebuy Sticky Note,base,B,10,not modeled,s001,low,ko,capped,1.6354552923152,81.77276461576,1.6354552923152,0,0,0,0,0,0,0,0,0
rebuy_sticky_note,Rebuy Sticky Note,corrupt,B,5,not modeled,s001,low,ko,capped,1.6354552923152,81.77276461576,1.6354552923152,0,0,0,0,0,0,0,0,0
gaming_chair,Gaming Chair,base,B,10,proc,s001,low,ko,capped,1.6354552923152,81.77276461576,1.6354552923152,0,0,0,0,0,0,0,0,0
gaming_chair,Gaming Chair,corrupt,B,5,partial,s001,low,ko,capped,1.6354552923152,81.77276461576,1.6354552923152,0,0,0,0,0,0,0,0,0
headset,Headset,base,B,6,modeled,s001,low,ko,capped,1.6354552923152,81.77276461576,1.6354552923152,0,0,0,0,0,0,0,0,0
headset,Headset,corrupt,B,5,modeled,s001,low,ko,capped,1.6354552923152,81.77276461576,1.6354552923152,0,0,0,0,0,0,0,0,0
prize_vase,Prize Vase,base,C,12,proc,s001,low,ko,capped,1.6354552923152,81.77276461576,1.6354552923152,0,0,0,0,0,0,0,0,0
prize_vase,Prize Vase,corrupt,C,6,proc,s001,low,ko,capped,1.6354552923152,81.77276461576,1.6354552923152,0,0,0,0,0,0,0,0,0
compact_fridge,Compact Fridge,base,B,12,not modeled,s001,low,ko,capped,1.6354552923152,81.77276461576,1.6354552923152,0,0,0,0,0,0,0,0,0
compact_fridge,Compact Fridge,corrupt,B,6,not modeled,s001,low,ko,capped,1.6354552923152,81.77276461576,1.6354552923152,0,0,0,0,0,0,0,0,0
wall_clock,Wall Clock,base,B,12,proc,s001,low,ko,capped,1.6354552923152,81.77276461576,1.6354552923152,0,0,0,0,0,0,0,0,0
wall_clock,Wall Clock,corrupt,B,7,partial,s001,low,ko,capped,1.6354552923152,81.77276461576,1.6354552923152,0,0,0,0,0,0,0,0,0
house_cat,House Cat,base,B,8,proc,s001,low,ko,capped,1.6354552923152,81.77276461576,1.6354552923152,0,0,0,0,0,0,0,0,0
house_cat,House Cat,corrupt,B,4,proc,s001,low,ko,capped,1.6354552923152,81.77276461576,1.6354552923152,0,0,0,0,0,0,0,0,0
candle,Candle,base,B,7,proc,s001,low,ko,capped,1.6354552923152,81.77276461576,1.6354552923152,0,0,0,0,0,0,0,0,0
dusty_console,Dusty Console,base,B,5,modeled,s001,low,ko,capped,1.6354552923152,81.77276461576,1.6354552923152,0,0,0,0,0,0,0,0,0
handheld,Handheld,base,B,5,modeled,s001,low,ko,capped,1.6354552923152,81.77276461576,1.6354552923152,0,0,0,0,0,0,0,0,0
red_rug,Red Rug,base,B,8,modeled,s001,low,ko,capped,1.6354552923152,81.77276461576,1.6354552923152,0,0,0,0,0,0,0,0,0
dish_soap,Dish Soap,base,B,12,proc,s001,low,ko,capped,1.6354552923152,81.77276461576,1.6354552923152,0,0,0,0,0,0,0,0,0
rolled_vouchers,Rolled Vouchers,base,C,9,proc,s001,low,ko,capped,1.6354552923152,81.77276461576,1.6354552923152,0,0,0,0,0,0,0,0,0
rolled_vouchers,Rolled Vouchers,corrupt,C,5,proc,s001,low,ko,capped,1.6354552923152,81.77276461576,1.6354552923152,0,0,0,0,0,0,0,0,0
second_monitor,Second Monitor,base,C,10,modeled,s001,low,ko,capped,1.6354552923152,81.77276461576,1.6354552923152,0,0,0,0,0,0,0,0,0
second_monitor,Second Monitor,corrupt,C,6,modeled,s001,low,ko,capped,1.6354552923152,81.77276461576,1.6354552923152,0,0,0,0,0,0,0,0,0
laptop_terminal,Laptop Terminal,base,D,12,not modeled,s001,low,ko,capped,1.6354552923152,81.77276461576,1.6354552923152,0,0,0,0,0,0,0,0,0
laptop_terminal,Laptop Terminal,corrupt,D,6,not modeled,s001,low,ko,capped,1.6354552923152,81.77276461576,1.6354552923152,0,0,0,0,0,0,0,0,0
gaming_keyboard,Gaming Keyboard,base,D,12,not modeled,s001,low,ko,capped,1.6354552923152,81.77276461576,1.6354552923152,0,0,0,0,0,0,0,0,0
gaming_keyboard,Gaming Keyboard,corrupt,D,6,not modeled,s001,low,ko,capped,1.6354552923152,81.77276461576,1.6354552923152,0,0,0,0,0,0,0,0,0
box_of_mice,Box of Mice,base,D,13,not modeled,s001,low,ko,capped,1.6354552923152,81.77276461576,1.6354552923152,0,0,0,0,0,0,0,0,0
box_of_mice,Box of Mice,corrupt,D,7,not modeled,s001,low,ko,capped,1.6354552923152,81.77276461576,1.6354552923152,0,0,0,0,0,0,0,0,0
wacom_tablet,Wacom Tablet,base,D,13,not modeled,s001,low,ko,capped,1.6354552923152,81.77276461576,1.6354552923152,0,0,0,0,0,0,0,0,0
wacom_tablet,Wacom Tablet,corrupt,D,7,not modeled,s001,low,ko,capped,1.6354552923152,81.77276461576,1.6354552923152,0,0,0,0,0,0,0,0,0
desk_lamp,Desk Lamp,base,D,10,not modeled,s001,low,ko,capped,1.6354552923152,81.77276461576,1.6354552923152,0,0,0,0,0,0,0,0,0
desk_lamp,Desk Lamp,corrupt,D,6,not modeled,s001,low,ko,capped,1.6354552923152,81.77276461576,1.6354552923152,0,0,0,0,0,0,0,0,0
telephone,Telephone,base,D,12,not modeled,s001,low,ko,capped,1.6354552923152,81.77276461576,1.6354552923152,0,0,0,0,0,0,0,0,0
glass_partition,Glass Partition,base,D,12,not modeled,s001,low,ko,capped,1.6354552923152,81.77276461576,1.6354552923152,0,0,0,0,0,0,0,0,0
electric_kettle,Electric Kettle,base,D,11,not modeled,s001,low,ko,capped,1.6354552923152,81.77276461576,1.6354552923152,0,0,0,0,0,0,0,0,0
electric_kettle,Electric Kettle,corrupt,D,8,not modeled,s001,low,ko,capped,1.6354552923152,81.77276461576,1.6354552923152,0,0,0,0,0,0,0,0,0
chrome_toaster,Chrome Toaster,base,D,14,not modeled,s001,low,ko,capped,1.6354552923152,81.77276461576,1.6354552923152,0,0,0,0,0,0,1.5,0,0
chrome_toaster,Chrome Toaster,corrupt,D,8,not modeled,s001,low,ko,capped,1.6354552923152,81.77276461576,1.6354552923152,0,0,0,0,0,0,6.5625,0,0
first_aid_kit,First Aid Kit,base,D,16,proc,s001,low,ko,capped,1.6354552923152,81.77276461576,1.6354552923152,0,0,0,0,0,0,0,0,0
first_aid_kit,First Aid Kit,corrupt,D,8,partial,s001,low,ko,capped,1.6354552923152,81.77276461576,1.6354552923152,0,0,0,0,0,0,0,0,0
nightstand,Nightstand,base,D,13,proc,s001,low,ko,capped,1.6354552923152,81.77276461576,1.6354552923152,0,0,0,0,0,0,0,0,0
nightstand,Nightstand,corrupt,D,8,proc,s001,low,ko,capped,1.6354552923152,81.77276461576,1.6354552923152,0,0,0,0,0,0,0,0,0
receipt_printer,Receipt Printer,base,C,19,proc,s001,low,ko,capped,1.6354552923152,81.77276461576,1.6354552923152,0,0,0,0,0,0,0,0,0
receipt_printer,Receipt Printer,corrupt,C,9,proc,s001,low,ko,capped,1.6354552923152,81.77276461576,1.6354552923152,0,0,0,0,0,0,0,0,0
microwave_oven,Microwave Oven,base,D,18,proc,s001,low,ko,capped,1.6354552923152,81.77276461576,1.6354552923152,0,0,0,0,0,0,0,0,0
microwave_oven,Microwave Oven,corrupt,D,10,partial,s001,low,ko,capped,1.6354552923152,81.77276461576,1.6354552923152,0,0,0,0,0,0,0,0,0
framed_diploma,Framed Diploma,base,D,18,proc,s001,low,ko,capped,1.6354552923152,81.77276461576,1.6354552923152,0,0,0,0,0,0,0,0,0
framed_diploma,Framed Diploma,corrupt,D,9,partial,s001,low,ko,capped,1.6354552923152,81.77276461576,1.6354552923152,0,0,0,0,0,0,0,0,0
laminated_blueprint,Laminated Blueprint,base,D,19,not modeled,s001,low,ko,capped,1.6354552923152,81.77276461576,1.6354552923152,0,0,0,0,0,0,0,0,0
laminated_blueprint,Laminated Blueprint,corrupt,D,10,not modeled,s001,low,ko,capped,1.6354552923152,81.77276461576,1.6354552923152,0,0,0,0,0,0,0,0,0
console_television,Console Television,base,D,26,proc,s001,low,ko,capped,1.6354552923152,81.77276461576,1.6354552923152,0,0,0,0,0,0,0,0,0
console_television,Console Television,corrupt,D,13,partial,s001,low,ko,capped,1.6354552923152,81.77276461576,1.6354552923152,0,0,0,0,0,0,0,0,0
desk_speakers,Desk Speakers,base,C,10,modeled,s001,low,ko,capped,1.6354552923152,81.77276461576,1.7399007983873,0.10444550607210012,20.434990318454368,2.0434990318454367,5.222275303605997,1021.7495159229129,102.1749515922913,2.5,0.050000000000000044,0.06386325970686971
desk_speakers,Desk Speakers,corrupt,C,6,modeled,s001,low,ko,capped,1.6354552923152,81.77276461576,2.009193322773,0.3737380304578002,73.12265813304782,12.187109688841304,18.686901522889997,3656.132906652392,609.3554844420654,10,0.19999999999999996,0.22852231559856664
curved_monitor,Curved Monitor,base,C,13,proc,s001,low,ko,capped,1.6354552923152,81.77276461576,1.6354552923152,0,0,0,0,0,0,0,0,0
curved_monitor,Curved Monitor,corrupt,C,7,partial,s001,low,ko,capped,1.6354552923152,81.77276461576,1.6354552923152,0,0,0,0,0,0,0,0,0
tower_upgrade,Tower Upgrade,base,C,14,proc,s001,low,ko,capped,1.6354552923152,81.77276461576,1.6354552923152,0,0,0,0,0,0,0,0,0
tower_upgrade,Tower Upgrade,corrupt,C,5,partial,s001,low,ko,capped,1.6354552923152,81.77276461576,1.6354552923152,0,0,0,0,0,0,0,0,0
copy_machine,Copy Machine,base,C,19,not modeled,s001,low,ko,capped,1.6354552923152,81.77276461576,1.6354552923152,0,0,0,0,0,0,0,0,0
whiteboard,Whiteboard,base,D,17,not modeled,s001,low,ko,capped,1.6354552923152,81.77276461576,1.6354552923152,0,0,0,0,0,0,0,0,0
high_roller_pass,High Roller Pass,base,D,19,not modeled,s001,low,ko,capped,1.6354552923152,81.77276461576,1.6354552923152,0,0,0,0,0,0,0,0,0
high_roller_pass,High Roller Pass,corrupt,D,9,partial,s001,low,ko,capped,1.6354552923152,81.77276461576,1.6354552923152,0,0,0,0,0,0,0,0,0
window,Window,base,D,20,proc,s001,low,ko,capped,1.6354552923152,81.77276461576,1.6354552923152,0,0,0,0,0,0,0,0,0
window,Window,corrupt,D,10,partial,s001,low,ko,capped,1.6354552923152,81.77276461576,1.6354552923152,0,0,0,0,0,0,0,0,0
bookshelf,Bookshelf,base,D,22,modeled,s001,low,ko,capped,1.6354552923152,81.77276461576,1.6354552923152,0,0,0,0,0,0,0,0,0
bookshelf,Bookshelf,corrupt,D,11,modeled,s001,low,ko,capped,1.6354552923152,81.77276461576,1.6354552923152,0,0,0,0,0,0,0,0,0
cereal_shelf,Cereal Shelf,base,D,24,not modeled,s001,low,ko,capped,1.6354552923152,81.77276461576,1.6354552923152,0,0,0,0,0,0,0,0,0
cereal_shelf,Cereal Shelf,corrupt,D,12,not modeled,s001,low,ko,capped,1.6354552923152,81.77276461576,1.6354552923152,0,0,0,0,0,0,0,0,0
fire_extinguisher,Fire Extinguisher,base,D,24,proc,s001,low,ko,capped,1.6354552923152,81.77276461576,1.6354552923152,0,0,0,0,0,0,0,0,0
fire_extinguisher,Fire Extinguisher,corrupt,D,12,partial,s001,low,ko,capped,1.6354552923152,81.77276461576,1.6354552923152,0,0,0,0,0,0,0,0,0
blackout_curtains,Blackout Curtains,base,D,24,proc,s001,low,ko,capped,1.6354552923152,81.77276461576,1.6354552923152,0,0,0,0,0,0,0,0,0
blackout_curtains,Blackout Curtains,corrupt,D,12,partial,s001,low,ko,capped,1.6354552923152,81.77276461576,1.6354552923152,0,0,0,0,0,0,0,0,0
tip_jar,Tip Jar,base,D,24,not modeled,s001,low,ko,capped,1.6354552923152,81.77276461576,1.6354552923152,0,0,0,0,0,0,0,0,0
tip_jar,Tip Jar,corrupt,D,12,not modeled,s001,low,ko,capped,1.6354552923152,81.77276461576,1.6354552923152,0,0,0,0,0,0,0,0,0
shredder,Shredder,base,D,18,proc,s001,low,ko,capped,1.6354552923152,81.77276461576,1.6354552923152,0,0,0,0,0,0,0,0,0
shredder,Shredder,corrupt,D,9,partial,s001,low,ko,capped,1.6354552923152,81.77276461576,1.6354552923152,0,0,0,0,0,0,0,0,0
cool_towel,Cool Towel,base,D,16,proc,s001,low,ko,capped,1.6354552923152,81.77276461576,1.6354552923152,0,0,0,0,0,0,0,0,0
waste_basket,Waste Basket,base,D,18,proc,s001,low,ko,capped,1.6354552923152,81.77276461576,1.6354552923152,0,0,0,0,0,0,0,0,0
waste_basket,Waste Basket,corrupt,D,9,proc,s001,low,ko,capped,1.6354552923152,81.77276461576,1.6354552923152,0,0,0,0,0,0,0,0,0
cleaning_robot,Cleaning Robot,base,D,24,proc,s001,low,ko,capped,1.6354552923152,81.77276461576,1.6354552923152,0,0,0,0,0,0,0,0,0
wall_hanger,Wall Hanger,base,A,2,modeled,s004,mid,six_max,naked,-3440,-34.4,-3440,0,0,0,0,0,0,0,0,0
wall_hanger,Wall Hanger,corrupt,A,2,modeled,s004,mid,six_max,naked,-3440,-34.4,-3440,0,0,0,0,0,0,0,0,0
mirror,Mirror,base,A,3,modeled,s004,mid,six_max,naked,-3440,-34.4,-3440,0,0,0,0,0,0,0,0,0
mirror,Mirror,corrupt,A,2,modeled,s004,mid,six_max,naked,-3440,-34.4,-3440,0,0,0,0,0,0,0,0,0
fight_night_poster,Fight Night Poster,base,A,4,not modeled,s004,mid,six_max,naked,-3440,-34.4,-3440,0,0,0,0,0,0,0,0,0
fight_night_poster,Fight Night Poster,corrupt,A,3,not modeled,s004,mid,six_max,naked,-3440,-34.4,-3440,0,0,0,0,0,0,0,0,0
energy_drink,Energy Drink,base,A,3,proc,s004,mid,six_max,naked,-3440,-34.4,-3440,0,0,0,0,0,0,0,0,0
energy_drink,Energy Drink,corrupt,A,2,proc,s004,mid,six_max,naked,-3440,-34.4,-3440,0,0,0,0,0,0,0,0,0
corkboard,Corkboard,base,A,4,modeled,s004,mid,six_max,naked,-3440,-34.4,-3299.2,140.80000000000018,28160,7040,1.4080000000000013,281.60000000000036,70.40000000000009,0,0.02,0.04093023255813959
corkboard,Corkboard,corrupt,A,2,modeled,s004,mid,six_max,naked,-3440,-34.4,-2243.2,1196.8000000000002,239360.00000000006,119680.00000000003,11.968,2393.6000000000004,1196.8000000000002,0,0.17,0.3479069767441861
stack_of_books,Stack of Books,base,A,4,modeled,s004,mid,six_max,naked,-3440,-34.4,-3440,0,0,0,0,0,0,0,0,0
stack_of_books,Stack of Books,corrupt,A,3,modeled,s004,mid,six_max,naked,-3440,-34.4,-3440,0,0,0,0,0,0,0,0,0
throw_pillow,Throw Pillow,base,A,4,modeled,s004,mid,six_max,naked,-3440,-34.4,-3225,215,43000,10750,2.1499999999999986,430,107.5,0,0,0.0625
throw_pillow,Throw Pillow,corrupt,A,2,modeled,s004,mid,six_max,naked,-3440,-34.4,-4456,-1016,-203200,-101600,-10.160000000000004,-2032,-1016,0,0,-0.29534883720930233
starter_gift_box,Starter Gift Box,base,A,4,not modeled,s004,mid,six_max,naked,-3440,-34.4,-3440,0,0,0,0,0,0,0,0,0
starter_gift_box,Starter Gift Box,corrupt,A,3,not modeled,s004,mid,six_max,naked,-3440,-34.4,-3440,0,0,0,0,0,0,0,0,0
lava_lamp,Lava Lamp,base,A,5,modeled,s004,mid,six_max,naked,-3440,-34.4,-3440,0,0,0,0,0,0,0,0,0
lava_lamp,Lava Lamp,corrupt,A,3,modeled,s004,mid,six_max,naked,-3440,-34.4,-3440,0,0,0,0,0,0,0,0,0
comfort_bed,Comfort Bed,base,A,4,modeled,s004,mid,six_max,naked,-3440,-34.4,-3249.5,190.5,38100,9525,1.9050000000000011,381.0000000000009,95.25000000000023,0,0,0.05537790697674418
comfort_bed,Comfort Bed,corrupt,A,2,not modeled,s004,mid,six_max,naked,-3440,-34.4,-3440,0,0,0,0,0,0,0,0,0
yellow_sticky_note,Yellow Sticky Note,base,A,5,modeled,s004,mid,six_max,naked,-3440,-34.4,-3440,0,0,0,0,0,0,0,0,0
yellow_sticky_note,Yellow Sticky Note,corrupt,A,4,modeled,s004,mid,six_max,naked,-3440,-34.4,-3440,0,0,0,0,0,0,0,0,0
rubber_duck,Rubber Duck,base,A,5,not modeled,s004,mid,six_max,naked,-3440,-34.4,-3440,0,0,0,0,0,0,0,0,0
rubber_duck,Rubber Duck,corrupt,A,2,modeled,s004,mid,six_max,naked,-3440,-34.4,-3928.25,-488.25,-97650,-48825,-4.8825,-976.5,-488.25,0,0,-0.14193313953488373
stash_box,Stash Box,base,B,6,not modeled,s004,mid,six_max,naked,-3440,-34.4,-3440,0,0,0,0,0,0,0,0,0
stash_box,Stash Box,corrupt,B,3,not modeled,s004,mid,six_max,naked,-3440,-34.4,-3440,0,0,0,0,0,0,0,0,0
dogs_playing_poker,Dogs Playing Poker,base,B,6,proc,s004,mid,six_max,naked,-3440,-34.4,-3440,0,0,0,0,0,0,0,0,0
dogs_playing_poker,Dogs Playing Poker,corrupt,B,3,proc,s004,mid,six_max,naked,-3440,-34.4,-3440,0,0,0,0,0,0,0,0,0
calculator,Calculator,base,B,7,modeled,s004,mid,six_max,naked,-3440,-34.4,-3440,0,0,0,0,0,0,0,0,0
calculator,Calculator,corrupt,B,4,modeled,s004,mid,six_max,naked,-3440,-34.4,-3440,0,0,0,0,0,0,0,0,0
ring_binder,Ring Binder,base,B,7,not modeled,s004,mid,six_max,naked,-3440,-34.4,-3440,0,0,0,0,0,0,0,0,0
ring_binder,Ring Binder,corrupt,B,4,not modeled,s004,mid,six_max,naked,-3440,-34.4,-3440,0,0,0,0,0,0,0,0,0
space_heater,Space Heater,base,B,8,modeled,s004,mid,six_max,naked,-3440,-34.4,-2752,688,137600,17200,6.879999999999999,1376,172,0,0,0.2
space_heater,Space Heater,corrupt,B,8,modeled,s004,mid,six_max,naked,-3440,-34.4,-10320,-6880,-1376000,-172000,-68.80000000000001,-13760,-1720,0,0,-2
pencil_holder,Pencil Holder,base,B,8,not modeled,s004,mid,six_max,naked,-3440,-34.4,-3440,0,0,0,0,0,0,0,0,0
pencil_holder,Pencil Holder,corrupt,B,4,not modeled,s004,mid,six_max,naked,-3440,-34.4,-3440,0,0,0,0,0,0,0,0,0
bonsai,Bonsai,base,B,10,not modeled,s004,mid,six_max,naked,-3440,-34.4,-3440,0,0,0,0,0,0,0,0,0
bonsai,Bonsai,corrupt,B,5,not modeled,s004,mid,six_max,naked,-3440,-34.4,-3440,0,0,0,0,0,0,0,0,0
desk_plant,Desk Plant,base,B,8,modeled,s004,mid,six_max,naked,-3440,-34.4,-3228.8,211.19999999999982,42240,5280,2.112000000000002,422.40000000000055,52.80000000000007,0,0.03,0.06139534883720925
desk_plant,Desk Plant,corrupt,B,5,modeled,s004,mid,six_max,naked,-3440,-34.4,-1187.2,2252.8,450560,90112,22.528,4505.6,901.1200000000001,0,0.32,0.6548837209302326
desk,Desk,base,B,9,not modeled,s004,mid,six_max,naked,-3440,-34.4,-3440,0,0,0,0,0,0,0,0,0
desk,Desk,corrupt,B,5,not modeled,s004,mid,six_max,naked,-3440,-34.4,-3440,0,0,0,0,0,0,0,0,0
rebuy_sticky_note,Rebuy Sticky Note,base,B,10,not modeled,s004,mid,six_max,naked,-3440,-34.4,-3440,0,0,0,0,0,0,0,0,0
rebuy_sticky_note,Rebuy Sticky Note,corrupt,B,5,not modeled,s004,mid,six_max,naked,-3440,-34.4,-3440,0,0,0,0,0,0,0,0,0
gaming_chair,Gaming Chair,base,B,10,proc,s004,mid,six_max,naked,-3440,-34.4,-3440,0,0,0,0,0,0,0,0,0
gaming_chair,Gaming Chair,corrupt,B,5,partial,s004,mid,six_max,naked,-3440,-34.4,-4816,-1376,-275200,-55040,-13.759999999999998,-2752,-550.4,0,0,-0.4
headset,Headset,base,B,6,modeled,s004,mid,six_max,naked,-3440,-34.4,-3440,0,0,0,0,0,0,0,0,0
headset,Headset,corrupt,B,5,modeled,s004,mid,six_max,naked,-3440,-34.4,-3440,0,0,0,0,0,0,0,0,0
prize_vase,Prize Vase,base,C,12,proc,s004,mid,six_max,naked,-3440,-34.4,-3440,0,0,0,0,0,0,0,0,0
prize_vase,Prize Vase,corrupt,C,6,proc,s004,mid,six_max,naked,-3440,-34.4,-3440,0,0,0,0,0,0,0,0,0
compact_fridge,Compact Fridge,base,B,12,not modeled,s004,mid,six_max,naked,-3440,-34.4,-3440,0,0,0,0,0,0,0,0,0
compact_fridge,Compact Fridge,corrupt,B,6,not modeled,s004,mid,six_max,naked,-3440,-34.4,-3440,0,0,0,0,0,0,0,0,0
wall_clock,Wall Clock,base,B,12,proc,s004,mid,six_max,naked,-3440,-34.4,-3440,0,0,0,0,0,0,0,0,0
wall_clock,Wall Clock,corrupt,B,7,partial,s004,mid,six_max,naked,-3440,-34.4,-5160,-1720,-344000,-49142.857142857145,-17.200000000000003,-3440,-491.42857142857144,0,0,-0.5
house_cat,House Cat,base,B,8,proc,s004,mid,six_max,naked,-3440,-34.4,-3440,0,0,0,0,0,0,0,0,0
house_cat,House Cat,corrupt,B,4,proc,s004,mid,six_max,naked,-3440,-34.4,-3440,0,0,0,0,0,0,0,0,0
candle,Candle,base,B,7,proc,s004,mid,six_max,naked,-3440,-34.4,-3440,0,0,0,0,0,0,0,0,0
dusty_console,Dusty Console,base,B,5,modeled,s004,mid,six_max,naked,-3440,-34.4,-3440,0,0,0,0,0,0,0,0,0
handheld,Handheld,base,B,5,modeled,s004,mid,six_max,naked,-3440,-34.4,-3440,0,0,0,0,0,0,0,0,0
red_rug,Red Rug,base,B,8,modeled,s004,mid,six_max,naked,-3440,-34.4,-3440,0,0,0,0,0,0,0,0,0
dish_soap,Dish Soap,base,B,12,proc,s004,mid,six_max,naked,-3440,-34.4,-3440,0,0,0,0,0,0,0,0,0
rolled_vouchers,Rolled Vouchers,base,C,9,proc,s004,mid,six_max,naked,-3440,-34.4,-3440,0,0,0,0,0,0,0,0,0
rolled_vouchers,Rolled Vouchers,corrupt,C,5,proc,s004,mid,six_max,naked,-3440,-34.4,-3440,0,0,0,0,0,0,0,0,0
second_monitor,Second Monitor,base,C,10,modeled,s004,mid,six_max,naked,-3440,-34.4,-3440,0,0,0,0,0,0,0,0,0
second_monitor,Second Monitor,corrupt,C,6,modeled,s004,mid,six_max,naked,-3440,-34.4,-3440,0,0,0,0,0,0,0,0,0
laptop_terminal,Laptop Terminal,base,D,12,not modeled,s004,mid,six_max,naked,-3440,-34.4,-3440,0,0,0,0,0,0,0,0,0
laptop_terminal,Laptop Terminal,corrupt,D,6,not modeled,s004,mid,six_max,naked,-3440,-34.4,-3440,0,0,0,0,0,0,0,0,0
gaming_keyboard,Gaming Keyboard,base,D,12,not modeled,s004,mid,six_max,naked,-3440,-34.4,-3440,0,0,0,0,0,0,0,0,0
gaming_keyboard,Gaming Keyboard,corrupt,D,6,not modeled,s004,mid,six_max,naked,-3440,-34.4,-3440,0,0,0,0,0,0,0,0,0
box_of_mice,Box of Mice,base,D,13,not modeled,s004,mid,six_max,naked,-3440,-34.4,-3440,0,0,0,0,0,0,0,0,0
box_of_mice,Box of Mice,corrupt,D,7,not modeled,s004,mid,six_max,naked,-3440,-34.4,-3440,0,0,0,0,0,0,0,0,0
wacom_tablet,Wacom Tablet,base,D,13,not modeled,s004,mid,six_max,naked,-3440,-34.4,-3440,0,0,0,0,0,0,0,0,0
wacom_tablet,Wacom Tablet,corrupt,D,7,not modeled,s004,mid,six_max,naked,-3440,-34.4,-3440,0,0,0,0,0,0,0,0,0
desk_lamp,Desk Lamp,base,D,10,not modeled,s004,mid,six_max,naked,-3440,-34.4,-3440,0,0,0,0,0,0,0,0,0
desk_lamp,Desk Lamp,corrupt,D,6,not modeled,s004,mid,six_max,naked,-3440,-34.4,-3440,0,0,0,0,0,0,0,0,0
telephone,Telephone,base,D,12,not modeled,s004,mid,six_max,naked,-3440,-34.4,-3440,0,0,0,0,0,0,0,0,0
glass_partition,Glass Partition,base,D,12,not modeled,s004,mid,six_max,naked,-3440,-34.4,-3440,0,0,0,0,0,0,0,0,0
electric_kettle,Electric Kettle,base,D,11,not modeled,s004,mid,six_max,naked,-3440,-34.4,-3440,0,0,0,0,0,0,0,0,0
electric_kettle,Electric Kettle,corrupt,D,8,not modeled,s004,mid,six_max,naked,-3440,-34.4,-3440,0,0,0,0,0,0,0,0,0
chrome_toaster,Chrome Toaster,base,D,14,not modeled,s004,mid,six_max,naked,-3440,-34.4,-3440,0,0,0,0,0,0,0,0,0
chrome_toaster,Chrome Toaster,corrupt,D,8,not modeled,s004,mid,six_max,naked,-3440,-34.4,-3440,0,0,0,0,0,0,0,0,0
first_aid_kit,First Aid Kit,base,D,16,proc,s004,mid,six_max,naked,-3440,-34.4,-3440,0,0,0,0,0,0,0,0,0
first_aid_kit,First Aid Kit,corrupt,D,8,partial,s004,mid,six_max,naked,-3440,-34.4,-3440,0,0,0,0,0,0,0,0,0
nightstand,Nightstand,base,D,13,proc,s004,mid,six_max,naked,-3440,-34.4,-3440,0,0,0,0,0,0,0,0,0
nightstand,Nightstand,corrupt,D,8,proc,s004,mid,six_max,naked,-3440,-34.4,-3440,0,0,0,0,0,0,0,0,0
receipt_printer,Receipt Printer,base,C,19,proc,s004,mid,six_max,naked,-3440,-34.4,-3440,0,0,0,0,0,0,0,0,0
receipt_printer,Receipt Printer,corrupt,C,9,proc,s004,mid,six_max,naked,-3440,-34.4,-3440,0,0,0,0,0,0,0,0,0
microwave_oven,Microwave Oven,base,D,18,proc,s004,mid,six_max,naked,-3440,-34.4,-3440,0,0,0,0,0,0,0,0,0
microwave_oven,Microwave Oven,corrupt,D,10,partial,s004,mid,six_max,naked,-3440,-34.4,-5160,-1720,-344000,-34400,-17.200000000000003,-3440,-344,0,0,-0.5
framed_diploma,Framed Diploma,base,D,18,proc,s004,mid,six_max,naked,-3440,-34.4,-3440,0,0,0,0,0,0,0,0,0
framed_diploma,Framed Diploma,corrupt,D,9,partial,s004,mid,six_max,naked,-3440,-34.4,-3440,0,0,0,0,0,0,0,0,0
laminated_blueprint,Laminated Blueprint,base,D,19,not modeled,s004,mid,six_max,naked,-3440,-34.4,-3440,0,0,0,0,0,0,0,0,0
laminated_blueprint,Laminated Blueprint,corrupt,D,10,not modeled,s004,mid,six_max,naked,-3440,-34.4,-3440,0,0,0,0,0,0,0,0,0
console_television,Console Television,base,D,26,proc,s004,mid,six_max,naked,-3440,-34.4,-3440,0,0,0,0,0,0,0,0,0
console_television,Console Television,corrupt,D,13,partial,s004,mid,six_max,naked,-3440,-34.4,-3440,0,0,0,0,0,0,0,0,0
desk_speakers,Desk Speakers,base,C,10,modeled,s004,mid,six_max,naked,-3440,-34.4,-3440,0,0,0,0,0,0,0,0,0
desk_speakers,Desk Speakers,corrupt,C,6,modeled,s004,mid,six_max,naked,-3440,-34.4,-3440,0,0,0,0,0,0,0,0,0
curved_monitor,Curved Monitor,base,C,13,proc,s004,mid,six_max,naked,-3440,-34.4,-3440,0,0,0,0,0,0,0,0,0
curved_monitor,Curved Monitor,corrupt,C,7,partial,s004,mid,six_max,naked,-3440,-34.4,-5160,-1720,-344000,-49142.857142857145,-17.200000000000003,-3440,-491.42857142857144,0,0,-0.5
tower_upgrade,Tower Upgrade,base,C,14,proc,s004,mid,six_max,naked,-3440,-34.4,-3440,0,0,0,0,0,0,0,0,0
tower_upgrade,Tower Upgrade,corrupt,C,5,partial,s004,mid,six_max,naked,-3440,-34.4,-3628.125,-188.125,-37625,-7525,-1.8812500000000014,-376.25,-75.25,0,0,-0.0546875
copy_machine,Copy Machine,base,C,19,not modeled,s004,mid,six_max,naked,-3440,-34.4,-3440,0,0,0,0,0,0,0,0,0
whiteboard,Whiteboard,base,D,17,not modeled,s004,mid,six_max,naked,-3440,-34.4,-3440,0,0,0,0,0,0,0,0,0
high_roller_pass,High Roller Pass,base,D,19,not modeled,s004,mid,six_max,naked,-3440,-34.4,-3440,0,0,0,0,0,0,0,0,0
high_roller_pass,High Roller Pass,corrupt,D,9,partial,s004,mid,six_max,naked,-3440,-34.4,-5160,-1720,-344000,-38222.22222222222,-17.200000000000003,-3440,-382.22222222222223,0,0,-0.5
window,Window,base,D,20,proc,s004,mid,six_max,naked,-3440,-34.4,-3440,0,0,0,0,0,0,0,0,0
window,Window,corrupt,D,10,partial,s004,mid,six_max,naked,-3440,-34.4,-5160,-1720,-344000,-34400,-17.200000000000003,-3440,-344,0,0,-0.5
bookshelf,Bookshelf,base,D,22,modeled,s004,mid,six_max,naked,-3440,-34.4,-3440,0,0,0,0,0,0,0,0,0
bookshelf,Bookshelf,corrupt,D,11,modeled,s004,mid,six_max,naked,-3440,-34.4,-3440,0,0,0,0,0,0,0,0,0
cereal_shelf,Cereal Shelf,base,D,24,not modeled,s004,mid,six_max,naked,-3440,-34.4,-3440,0,0,0,0,0,0,0,0,0
cereal_shelf,Cereal Shelf,corrupt,D,12,not modeled,s004,mid,six_max,naked,-3440,-34.4,-3440,0,0,0,0,0,0,0,0,0
fire_extinguisher,Fire Extinguisher,base,D,24,proc,s004,mid,six_max,naked,-3440,-34.4,-3440,0,0,0,0,0,0,0,0,0
fire_extinguisher,Fire Extinguisher,corrupt,D,12,partial,s004,mid,six_max,naked,-3440,-34.4,-3440,0,0,0,0,0,0,0,0,0
blackout_curtains,Blackout Curtains,base,D,24,proc,s004,mid,six_max,naked,-3440,-34.4,-3440,0,0,0,0,0,0,0,0,0
blackout_curtains,Blackout Curtains,corrupt,D,12,partial,s004,mid,six_max,naked,-3440,-34.4,-5504,-2064,-412800,-34400,-20.64,-4128,-344,0,0,-0.6
tip_jar,Tip Jar,base,D,24,not modeled,s004,mid,six_max,naked,-3440,-34.4,-3440,0,0,0,0,0,0,0,0,0
tip_jar,Tip Jar,corrupt,D,12,not modeled,s004,mid,six_max,naked,-3440,-34.4,-3440,0,0,0,0,0,0,0,0,0
shredder,Shredder,base,D,18,proc,s004,mid,six_max,naked,-3440,-34.4,-3440,0,0,0,0,0,0,0,0,0
shredder,Shredder,corrupt,D,9,partial,s004,mid,six_max,naked,-3440,-34.4,-3440,0,0,0,0,0,0,0,0,0
cool_towel,Cool Towel,base,D,16,proc,s004,mid,six_max,naked,-3440,-34.4,-3440,0,0,0,0,0,0,0,0,0
waste_basket,Waste Basket,base,D,18,proc,s004,mid,six_max,naked,-3440,-34.4,-3440,0,0,0,0,0,0,0,0,0
waste_basket,Waste Basket,corrupt,D,9,proc,s004,mid,six_max,naked,-3440,-34.4,-3440,0,0,0,0,0,0,0,0,0
cleaning_robot,Cleaning Robot,base,D,24,proc,s004,mid,six_max,naked,-3440,-34.4,-3440,0,0,0,0,0,0,0,0,0
wall_hanger,Wall Hanger,base,A,2,modeled,s004,mid,six_max,mid,-1562.216,-15.62216,-1435.496,126.7199999999998,25343.99999999994,12671.99999999997,1.267199999999999,253.4399999999996,126.7199999999998,0,0,0.08111554356119756
wall_hanger,Wall Hanger,corrupt,A,2,modeled,s004,mid,six_max,mid,-1562.216,-15.62216,972.184,2534.3999999999996,506879.99999999994,253439.99999999997,25.344,5068.8,2534.4,0,0,1.6223108712239536
mirror,Mirror,base,A,3,modeled,s004,mid,six_max,mid,-1562.216,-15.62216,-1562.216,0,0,0,0,0,0,0,0,0
mirror,Mirror,corrupt,A,2,modeled,s004,mid,six_max,mid,-1562.216,-15.62216,-1562.216,0,0,0,0,0,0,0,0,0
fight_night_poster,Fight Night Poster,base,A,4,not modeled,s004,mid,six_max,mid,-1562.216,-15.62216,-1562.216,0,0,0,0,0,0,0,0,0
fight_night_poster,Fight Night Poster,corrupt,A,3,not modeled,s004,mid,six_max,mid,-1562.216,-15.62216,-1562.216,0,0,0,0,0,0,0,0,0
energy_drink,Energy Drink,base,A,3,proc,s004,mid,six_max,mid,-1562.216,-15.62216,-1562.216,0,0,0,0,0,0,0,0,0
energy_drink,Energy Drink,corrupt,A,2,proc,s004,mid,six_max,mid,-1562.216,-15.62216,-1562.216,0,0,0,0,0,0,0,0,0
corkboard,Corkboard,base,A,4,modeled,s004,mid,six_max,mid,-1562.216,-15.62216,-984.931,577.2849999999999,115456.99999999994,28864.249999999985,5.77285,1154.57,288.6425,0.6000000000000001,0.05000000000000002,0.3695295656938605
corkboard,Corkboard,corrupt,A,2,modeled,s004,mid,six_max,mid,-1562.216,-15.62216,746.924,2309.14,461827.99999999994,230913.99999999997,23.0914,4618.28,2309.14,2.4,0.2,1.4781182627754421
stack_of_books,Stack of Books,base,A,4,modeled,s004,mid,six_max,mid,-1562.216,-15.62216,-1538.816,23.399999999999864,4679.999999999942,1169.9999999999854,0.23399999999999999,46.80000000000018,11.700000000000045,0,0,0.01497872253260744
stack_of_books,Stack of Books,corrupt,A,3,modeled,s004,mid,six_max,mid,-1562.216,-15.62216,-1520.096,42.11999999999989,8424,2808,0.4211999999999989,84.23999999999978,28.079999999999927,0,0,0.02696170055869348
throw_pillow,Throw Pillow,base,A,4,modeled,s004,mid,six_max,mid,-1562.216,-15.62216,-1449.642,112.57399999999984,22514.79999999993,5628.6999999999825,1.1257399999999986,225.14799999999968,56.28699999999992,0,0,0.07206045770879306
throw_pillow,Throw Pillow,corrupt,A,2,modeled,s004,mid,six_max,mid,-1562.216,-15.62216,-2094.1936,-531.9776000000002,-106395.52000000002,-53197.76000000001,-5.319775999999999,-1063.9552000000003,-531.9776000000002,0,0,-0.3405275582889947
starter_gift_box,Starter Gift Box,base,A,4,not modeled,s004,mid,six_max,mid,-1562.216,-15.62216,-1562.216,0,0,0,0,0,0,0,0,0
starter_gift_box,Starter Gift Box,corrupt,A,3,not modeled,s004,mid,six_max,mid,-1562.216,-15.62216,-1562.216,0,0,0,0,0,0,0,0,0
lava_lamp,Lava Lamp,base,A,5,modeled,s004,mid,six_max,mid,-1562.216,-15.62216,-1511.06,51.15599999999995,10231.199999999953,2046.2399999999907,0.5115599999999993,102.3119999999999,20.46239999999998,0,0,0.03274579187513119
lava_lamp,Lava Lamp,corrupt,A,3,modeled,s004,mid,six_max,mid,-1562.216,-15.62216,-1408.748,153.46799999999985,30693.599999999977,10231.199999999992,1.5346799999999998,306.9359999999997,102.3119999999999,0,0,0.09823737562539359
comfort_bed,Comfort Bed,base,A,4,modeled,s004,mid,six_max,mid,-1562.216,-15.62216,-1394.576,167.63999999999987,33528,8382,1.6763999999999992,335.27999999999975,83.81999999999994,0,0,0.10730910450283436
comfort_bed,Comfort Bed,corrupt,A,2,not modeled,s004,mid,six_max,mid,-1562.216,-15.62216,-1562.216,0,0,0,0,0,0,0,0,0
yellow_sticky_note,Yellow Sticky Note,base,A,5,modeled,s004,mid,six_max,mid,-1562.216,-15.62216,-1304.276,257.9399999999998,51587.99999999991,10317.599999999982,2.5793999999999997,515.8799999999997,103.17599999999993,0,0,0.16511161068635824
yellow_sticky_note,Yellow Sticky Note,corrupt,A,4,modeled,s004,mid,six_max,mid,-1562.216,-15.62216,1533.064,3095.2799999999997,619056,154764,30.9528,6190.5599999999995,1547.6399999999999,0,0,1.9813393282363
rubber_duck,Rubber Duck,base,A,5,not modeled,s004,mid,six_max,mid,-1562.216,-15.62216,-1562.216,0,0,0,0,0,0,0,0,0
rubber_duck,Rubber Duck,corrupt,A,2,modeled,s004,mid,six_max,mid,-1562.216,-15.62216,-2507.468,-945.252,-189050.39999999997,-94525.19999999998,-9.452520000000002,-1890.504,-945.252,0,0,-0.605071257751809
stash_box,Stash Box,base,B,6,not modeled,s004,mid,six_max,mid,-1562.216,-15.62216,-1562.216,0,0,0,0,0,0,0,0,0
stash_box,Stash Box,corrupt,B,3,not modeled,s004,mid,six_max,mid,-1562.216,-15.62216,-1562.216,0,0,0,0,0,0,0,0,0
dogs_playing_poker,Dogs Playing Poker,base,B,6,proc,s004,mid,six_max,mid,-1562.216,-15.62216,-1562.216,0,0,0,0,0,0,0,0,0
dogs_playing_poker,Dogs Playing Poker,corrupt,B,3,proc,s004,mid,six_max,mid,-1562.216,-15.62216,-1562.216,0,0,0,0,0,0,0,0,0
calculator,Calculator,base,B,7,modeled,s004,mid,six_max,mid,-1562.216,-15.62216,-685.32113707598,876.8948629240199,175378.97258480394,25054.138940686276,8.7689486292402,1753.7897258480398,250.54138940686283,1.1157786153540998,0.044366197183100003,0.5613147368379404
calculator,Calculator,corrupt,B,4,modeled,s004,mid,six_max,mid,-1562.216,-15.62216,8635.2488368778,10197.4648368778,2039492.9673755597,509873.24184388993,101.97464836877799,20394.9296737556,5098.7324184389,17.661458885942,0.35480769230769,6.527563945624549
ring_binder,Ring Binder,base,B,7,not modeled,s004,mid,six_max,mid,-1562.216,-15.62216,-1562.216,0,0,0,0,0,0,0,0,0
ring_binder,Ring Binder,corrupt,B,4,not modeled,s004,mid,six_max,mid,-1562.216,-15.62216,-1562.216,0,0,0,0,0,0,0,0,0
space_heater,Space Heater,base,B,8,modeled,s004,mid,six_max,mid,-1562.216,-15.62216,-1043.4208,518.7951999999998,103759.03999999992,12969.87999999999,5.187951999999999,1037.5903999999996,129.69879999999995,0,0,0.3320892885490866
space_heater,Space Heater,corrupt,B,8,modeled,s004,mid,six_max,mid,-1562.216,-15.62216,-6750.168,-5187.951999999999,-1037590.3999999999,-129698.79999999999,-51.87951999999999,-10375.903999999999,-1296.9879999999998,0,0,-3.3208928854908666
pencil_holder,Pencil Holder,base,B,8,not modeled,s004,mid,six_max,mid,-1562.216,-15.62216,-1562.216,0,0,0,0,0,0,0,0,0
pencil_holder,Pencil Holder,corrupt,B,4,not modeled,s004,mid,six_max,mid,-1562.216,-15.62216,-1562.216,0,0,0,0,0,0,0,0,0
bonsai,Bonsai,base,B,10,not modeled,s004,mid,six_max,mid,-1562.216,-15.62216,-1562.216,0,0,0,0,0,0,0,0,0
bonsai,Bonsai,corrupt,B,5,not modeled,s004,mid,six_max,mid,-1562.216,-15.62216,-1562.216,0,0,0,0,0,0,0,0,0
desk_plant,Desk Plant,base,B,8,modeled,s004,mid,six_max,mid,-1562.216,-15.62216,-869.474,692.7419999999998,138548.39999999994,17318.549999999992,6.92742,1385.484,173.1855,0.7200000000000002,0.06,0.44343547883263257
desk_plant,Desk Plant,corrupt,B,5,modeled,s004,mid,six_max,mid,-1562.216,-15.62216,2478.779,4040.995,808199,161639.8,40.40995,8081.990000000001,1616.3980000000001,4.199999999999999,0.35,2.5867069598570236
desk,Desk,base,B,9,not modeled,s004,mid,six_max,mid,-1562.216,-15.62216,-1562.216,0,0,0,0,0,0,0,0,0
desk,Desk,corrupt,B,5,not modeled,s004,mid,six_max,mid,-1562.216,-15.62216,-1562.216,0,0,0,0,0,0,0,0,0
rebuy_sticky_note,Rebuy Sticky Note,base,B,10,not modeled,s004,mid,six_max,mid,-1562.216,-15.62216,-1562.216,0,0,0,0,0,0,0,0,0
rebuy_sticky_note,Rebuy Sticky Note,corrupt,B,5,not modeled,s004,mid,six_max,mid,-1562.216,-15.62216,-1562.216,0,0,0,0,0,0,0,0,0
gaming_chair,Gaming Chair,base,B,10,proc,s004,mid,six_max,mid,-1562.216,-15.62216,-1562.216,0,0,0,0,0,0,0,0,0
gaming_chair,Gaming Chair,corrupt,B,5,partial,s004,mid,six_max,mid,-1562.216,-15.62216,-2599.8064,-1037.5904,-207518.08000000002,-41503.616,-10.375904,-2075.1808,-415.03616,0,0,-0.6641785770981734
headset,Headset,base,B,6,modeled,s004,mid,six_max,mid,-1562.216,-15.62216,-1562.216,0,0,0,0,0,0,0,0,0
headset,Headset,corrupt,B,5,modeled,s004,mid,six_max,mid,-1562.216,-15.62216,-1562.216,0,0,0,0,0,0,0,0,0
prize_vase,Prize Vase,base,C,12,proc,s004,mid,six_max,mid,-1562.216,-15.62216,-1562.216,0,0,0,0,0,0,0,0,0
prize_vase,Prize Vase,corrupt,C,6,proc,s004,mid,six_max,mid,-1562.216,-15.62216,-1562.216,0,0,0,0,0,0,0,0,0
compact_fridge,Compact Fridge,base,B,12,not modeled,s004,mid,six_max,mid,-1562.216,-15.62216,-1562.216,0,0,0,0,0,0,0,0,0
compact_fridge,Compact Fridge,corrupt,B,6,not modeled,s004,mid,six_max,mid,-1562.216,-15.62216,-1562.216,0,0,0,0,0,0,0,0,0
wall_clock,Wall Clock,base,B,12,proc,s004,mid,six_max,mid,-1562.216,-15.62216,-1562.216,0,0,0,0,0,0,0,0,0
wall_clock,Wall Clock,corrupt,B,7,partial,s004,mid,six_max,mid,-1562.216,-15.62216,-2859.204,-1296.9880000000003,-259397.6000000001,-37056.80000000001,-12.969880000000002,-2593.9759999999997,-370.5679999999999,0,0,-0.830223221372717
house_cat,House Cat,base,B,8,proc,s004,mid,six_max,mid,-1562.216,-15.62216,-1562.216,0,0,0,0,0,0,0,0,0
house_cat,House Cat,corrupt,B,4,proc,s004,mid,six_max,mid,-1562.216,-15.62216,-1562.216,0,0,0,0,0,0,0,0,0
candle,Candle,base,B,7,proc,s004,mid,six_max,mid,-1562.216,-15.62216,-1562.216,0,0,0,0,0,0,0,0,0
dusty_console,Dusty Console,base,B,5,modeled,s004,mid,six_max,mid,-1562.216,-15.62216,-1562.216,0,0,0,0,0,0,0,0,0
handheld,Handheld,base,B,5,modeled,s004,mid,six_max,mid,-1562.216,-15.62216,-1562.216,0,0,0,0,0,0,0,0,0
red_rug,Red Rug,base,B,8,modeled,s004,mid,six_max,mid,-1562.216,-15.62216,-1562.216,0,0,0,0,0,0,0,0,0
dish_soap,Dish Soap,base,B,12,proc,s004,mid,six_max,mid,-1562.216,-15.62216,-1562.216,0,0,0,0,0,0,0,0,0
rolled_vouchers,Rolled Vouchers,base,C,9,proc,s004,mid,six_max,mid,-1562.216,-15.62216,-1562.216,0,0,0,0,0,0,0,0,0
rolled_vouchers,Rolled Vouchers,corrupt,C,5,proc,s004,mid,six_max,mid,-1562.216,-15.62216,-1562.216,0,0,0,0,0,0,0,0,0
second_monitor,Second Monitor,base,C,10,modeled,s004,mid,six_max,mid,-1562.216,-15.62216,-1562.216,0,0,0,0,0,0,0,0,0
second_monitor,Second Monitor,corrupt,C,6,modeled,s004,mid,six_max,mid,-1562.216,-15.62216,-1562.216,0,0,0,0,0,0,0,0,0
laptop_terminal,Laptop Terminal,base,D,12,not modeled,s004,mid,six_max,mid,-1562.216,-15.62216,-1562.216,0,0,0,0,0,0,0,0,0
laptop_terminal,Laptop Terminal,corrupt,D,6,not modeled,s004,mid,six_max,mid,-1562.216,-15.62216,-1562.216,0,0,0,0,0,0,0,0,0
gaming_keyboard,Gaming Keyboard,base,D,12,not modeled,s004,mid,six_max,mid,-1562.216,-15.62216,-1562.216,0,0,0,0,0,0,0,0,0
gaming_keyboard,Gaming Keyboard,corrupt,D,6,not modeled,s004,mid,six_max,mid,-1562.216,-15.62216,-1562.216,0,0,0,0,0,0,0,0,0
box_of_mice,Box of Mice,base,D,13,not modeled,s004,mid,six_max,mid,-1562.216,-15.62216,-1562.216,0,0,0,0,0,0,0,0,0
box_of_mice,Box of Mice,corrupt,D,7,not modeled,s004,mid,six_max,mid,-1562.216,-15.62216,-1562.216,0,0,0,0,0,0,0,0,0
wacom_tablet,Wacom Tablet,base,D,13,not modeled,s004,mid,six_max,mid,-1562.216,-15.62216,-1562.216,0,0,0,0,0,0,0,0,0
wacom_tablet,Wacom Tablet,corrupt,D,7,not modeled,s004,mid,six_max,mid,-1562.216,-15.62216,-1562.216,0,0,0,0,0,0,0,0,0
desk_lamp,Desk Lamp,base,D,10,not modeled,s004,mid,six_max,mid,-1562.216,-15.62216,-1562.216,0,0,0,0,0,0,0,0,0
desk_lamp,Desk Lamp,corrupt,D,6,not modeled,s004,mid,six_max,mid,-1562.216,-15.62216,-1562.216,0,0,0,0,0,0,0,0,0
telephone,Telephone,base,D,12,not modeled,s004,mid,six_max,mid,-1562.216,-15.62216,-1562.216,0,0,0,0,0,0,0,0,0
glass_partition,Glass Partition,base,D,12,not modeled,s004,mid,six_max,mid,-1562.216,-15.62216,-1562.216,0,0,0,0,0,0,0,0,0
electric_kettle,Electric Kettle,base,D,11,not modeled,s004,mid,six_max,mid,-1562.216,-15.62216,-1562.216,0,0,0,0,0,0,0,0,0
electric_kettle,Electric Kettle,corrupt,D,8,not modeled,s004,mid,six_max,mid,-1562.216,-15.62216,-1562.216,0,0,0,0,0,0,0,0,0
chrome_toaster,Chrome Toaster,base,D,14,not modeled,s004,mid,six_max,mid,-1562.216,-15.62216,-1466.9648,95.25119999999993,19050.239999999932,1360.7314285714237,0.9525119999999987,190.5023999999994,13.607314285714242,0.19199999999999995,0,0.060971850243500214
chrome_toaster,Chrome Toaster,corrupt,D,8,not modeled,s004,mid,six_max,mid,-1562.216,-15.62216,-1145.492,416.72399999999993,83344.79999999996,10418.099999999995,4.16724,833.4479999999999,104.18099999999998,0.8399999999999999,0,0.2667518448153136
first_aid_kit,First Aid Kit,base,D,16,proc,s004,mid,six_max,mid,-1562.216,-15.62216,-1562.216,0,0,0,0,0,0,0,0,0
first_aid_kit,First Aid Kit,corrupt,D,8,partial,s004,mid,six_max,mid,-1562.216,-15.62216,-1871.744,-309.528,-61905.600000000035,-7738.200000000004,-3.0952800000000007,-619.056,-77.382,0,0,-0.19813393282363004
nightstand,Nightstand,base,D,13,proc,s004,mid,six_max,mid,-1562.216,-15.62216,-1562.216,0,0,0,0,0,0,0,0,0
nightstand,Nightstand,corrupt,D,8,proc,s004,mid,six_max,mid,-1562.216,-15.62216,-1562.216,0,0,0,0,0,0,0,0,0
receipt_printer,Receipt Printer,base,C,19,proc,s004,mid,six_max,mid,-1562.216,-15.62216,-1562.216,0,0,0,0,0,0,0,0,0
receipt_printer,Receipt Printer,corrupt,C,9,proc,s004,mid,six_max,mid,-1562.216,-15.62216,-1562.216,0,0,0,0,0,0,0,0,0
microwave_oven,Microwave Oven,base,D,18,proc,s004,mid,six_max,mid,-1562.216,-15.62216,-1562.216,0,0,0,0,0,0,0,0,0
microwave_oven,Microwave Oven,corrupt,D,10,partial,s004,mid,six_max,mid,-1562.216,-15.62216,-2859.204,-1296.9880000000003,-259397.6000000001,-25939.76000000001,-12.969880000000002,-2593.9759999999997,-259.39759999999995,0,0,-0.830223221372717
framed_diploma,Framed Diploma,base,D,18,proc,s004,mid,six_max,mid,-1562.216,-15.62216,-1562.216,0,0,0,0,0,0,0,0,0
framed_diploma,Framed Diploma,corrupt,D,9,partial,s004,mid,six_max,mid,-1562.216,-15.62216,-1871.744,-309.528,-61905.600000000035,-6878.400000000004,-3.0952800000000007,-619.056,-68.784,0,0,-0.19813393282363004
laminated_blueprint,Laminated Blueprint,base,D,19,not modeled,s004,mid,six_max,mid,-1562.216,-15.62216,-1562.216,0,0,0,0,0,0,0,0,0
laminated_blueprint,Laminated Blueprint,corrupt,D,10,not modeled,s004,mid,six_max,mid,-1562.216,-15.62216,-1562.216,0,0,0,0,0,0,0,0,0
console_television,Console Television,base,D,26,proc,s004,mid,six_max,mid,-1562.216,-15.62216,-1562.216,0,0,0,0,0,0,0,0,0
console_television,Console Television,corrupt,D,13,partial,s004,mid,six_max,mid,-1562.216,-15.62216,-2078.096,-515.8800000000001,-103176,-7936.615384615385,-5.158800000000001,-1031.7600000000002,-79.36615384615386,0,0,-0.3302232213727168
desk_speakers,Desk Speakers,base,C,10,modeled,s004,mid,six_max,mid,-1562.216,-15.62216,-1562.216,0,0,0,0,0,0,0,0,0
desk_speakers,Desk Speakers,corrupt,C,6,modeled,s004,mid,six_max,mid,-1562.216,-15.62216,-2716.786,-1154.5700000000002,-230914,-38485.666666666664,-11.545700000000002,-2309.1400000000003,-384.85666666666674,-1.2,-0.09999999999999999,-0.7390591313877212
curved_monitor,Curved Monitor,base,C,13,proc,s004,mid,six_max,mid,-1562.216,-15.62216,-1562.216,0,0,0,0,0,0,0,0,0
curved_monitor,Curved Monitor,corrupt,C,7,partial,s004,mid,six_max,mid,-1562.216,-15.62216,-2859.204,-1296.9880000000003,-259397.6000000001,-37056.80000000001,-12.969880000000002,-2593.9759999999997,-370.5679999999999,0,0,-0.830223221372717
tower_upgrade,Tower Upgrade,base,C,14,proc,s004,mid,six_max,mid,-1562.216,-15.62216,-1562.216,0,0,0,0,0,0,0,0,0
tower_upgrade,Tower Upgrade,corrupt,C,5,partial,s004,mid,six_max,mid,-1562.216,-15.62216,-1715.8464,-153.6304,-30726.080000000075,-6145.216000000015,-1.5363039999999994,-307.2608,-61.452160000000006,0,0,-0.09834133052023537
copy_machine,Copy Machine,base,C,19,not modeled,s004,mid,six_max,mid,-1562.216,-15.62216,-1562.216,0,0,0,0,0,0,0,0,0
whiteboard,Whiteboard,base,D,17,not modeled,s004,mid,six_max,mid,-1562.216,-15.62216,-1562.216,0,0,0,0,0,0,0,0,0
high_roller_pass,High Roller Pass,base,D,19,not modeled,s004,mid,six_max,mid,-1562.216,-15.62216,-1562.216,0,0,0,0,0,0,0,0,0
high_roller_pass,High Roller Pass,corrupt,D,9,partial,s004,mid,six_max,mid,-1562.216,-15.62216,-2859.204,-1296.9880000000003,-259397.6000000001,-28821.955555555567,-12.969880000000002,-2593.9759999999997,-288.21955555555553,0,0,-0.830223221372717
window,Window,base,D,20,proc,s004,mid,six_max,mid,-1562.216,-15.62216,-1562.216,0,0,0,0,0,0,0,0,0
window,Window,corrupt,D,10,partial,s004,mid,six_max,mid,-1562.216,-15.62216,-2859.204,-1296.9880000000003,-259397.6000000001,-25939.76000000001,-12.969880000000002,-2593.9759999999997,-259.39759999999995,0,0,-0.830223221372717
bookshelf,Bookshelf,base,D,22,modeled,s004,mid,six_max,mid,-1562.216,-15.62216,-1562.216,0,0,0,0,0,0,0,0,0
bookshelf,Bookshelf,corrupt,D,11,modeled,s004,mid,six_max,mid,-1562.216,-15.62216,-1562.216,0,0,0,0,0,0,0,0,0
cereal_shelf,Cereal Shelf,base,D,24,not modeled,s004,mid,six_max,mid,-1562.216,-15.62216,-1562.216,0,0,0,0,0,0,0,0,0
cereal_shelf,Cereal Shelf,corrupt,D,12,not modeled,s004,mid,six_max,mid,-1562.216,-15.62216,-1562.216,0,0,0,0,0,0,0,0,0
fire_extinguisher,Fire Extinguisher,base,D,24,proc,s004,mid,six_max,mid,-1562.216,-15.62216,-1562.216,0,0,0,0,0,0,0,0,0
fire_extinguisher,Fire Extinguisher,corrupt,D,12,partial,s004,mid,six_max,mid,-1562.216,-15.62216,-1820.156,-257.94000000000005,-51588,-4299,-2.5794000000000015,-515.8800000000001,-42.99000000000001,0,0,-0.1651116106863584
blackout_curtains,Blackout Curtains,base,D,24,proc,s004,mid,six_max,mid,-1562.216,-15.62216,-1562.216,0,0,0,0,0,0,0,0,0
blackout_curtains,Blackout Curtains,corrupt,D,12,partial,s004,mid,six_max,mid,-1562.216,-15.62216,-3118.6016,-1556.3856,-311277.12,-25939.76,-15.563856,-3112.7712,-259.3976,0,0,-0.9962678656472601
tip_jar,Tip Jar,base,D,24,not modeled,s004,mid,six_max,mid,-1562.216,-15.62216,-1562.216,0,0,0,0,0,0,0,0,0
tip_jar,Tip Jar,corrupt,D,12,not modeled,s004,mid,six_max,mid,-1562.216,-15.62216,-1562.216,0,0,0,0,0,0,0,0,0
shredder,Shredder,base,D,18,proc,s004,mid,six_max,mid,-1562.216,-15.62216,-1562.216,0,0,0,0,0,0,0,0,0
shredder,Shredder,corrupt,D,9,partial,s004,mid,six_max,mid,-1562.216,-15.62216,-1871.744,-309.528,-61905.600000000035,-6878.400000000004,-3.0952800000000007,-619.056,-68.784,0,0,-0.19813393282363004
cool_towel,Cool Towel,base,D,16,proc,s004,mid,six_max,mid,-1562.216,-15.62216,-1562.216,0,0,0,0,0,0,0,0,0
waste_basket,Waste Basket,base,D,18,proc,s004,mid,six_max,mid,-1562.216,-15.62216,-1562.216,0,0,0,0,0,0,0,0,0
waste_basket,Waste Basket,corrupt,D,9,proc,s004,mid,six_max,mid,-1562.216,-15.62216,-1562.216,0,0,0,0,0,0,0,0,0
cleaning_robot,Cleaning Robot,base,D,24,proc,s004,mid,six_max,mid,-1562.216,-15.62216,-1562.216,0,0,0,0,0,0,0,0,0
wall_hanger,Wall Hanger,base,A,2,modeled,s004,mid,six_max,capped,581.39,5.8139,968.59,387.20000000000005,77440,38720,3.872,774.3999999999999,387.19999999999993,0,0,0.6659901271091695
wall_hanger,Wall Hanger,corrupt,A,2,modeled,s004,mid,six_max,capped,581.39,5.8139,8325.39,7743.999999999999,1548799.9999999998,774399.9999999999,77.44,15487.999999999998,7743.999999999999,0,0,13.319802542183387
mirror,Mirror,base,A,3,modeled,s004,mid,six_max,capped,581.39,5.8139,581.39,0,0,0,0,0,0,0,0,0
mirror,Mirror,corrupt,A,2,modeled,s004,mid,six_max,capped,581.39,5.8139,581.39,0,0,0,0,0,0,0,0,0
fight_night_poster,Fight Night Poster,base,A,4,not modeled,s004,mid,six_max,capped,581.39,5.8139,581.39,0,0,0,0,0,0,0,0,0
fight_night_poster,Fight Night Poster,corrupt,A,3,not modeled,s004,mid,six_max,capped,581.39,5.8139,581.39,0,0,0,0,0,0,0,0,0
energy_drink,Energy Drink,base,A,3,proc,s004,mid,six_max,capped,581.39,5.8139,581.39,0,0,0,0,0,0,0,0,0
energy_drink,Energy Drink,corrupt,A,2,proc,s004,mid,six_max,capped,581.39,5.8139,581.39,0,0,0,0,0,0,0,0,0
corkboard,Corkboard,base,A,4,modeled,s004,mid,six_max,capped,581.39,5.8139,1308.865,727.475,145495,36373.75,7.274749999999999,1454.95,363.7375,1,0.05000000000000002,1.2512685116703075
corkboard,Corkboard,corrupt,A,2,modeled,s004,mid,six_max,capped,581.39,5.8139,3491.29,2909.9,581980,290990,29.099,5819.8,2909.9,4,0.19999999999999998,5.00507404668123
stack_of_books,Stack of Books,base,A,4,modeled,s004,mid,six_max,capped,581.39,5.8139,624.29,42.89999999999998,8580,2145,0.4289999999999994,85.79999999999995,21.44999999999999,0,0,0.07378867885584543
stack_of_books,Stack of Books,corrupt,A,3,modeled,s004,mid,six_max,capped,581.39,5.8139,658.61,77.22000000000003,15444,5148,0.7721999999999998,154.44000000000005,51.48000000000002,0,0,0.1328196219405219
throw_pillow,Throw Pillow,base,A,4,modeled,s004,mid,six_max,capped,581.39,5.8139,635.8925,54.502500000000055,10900.5,2725.125,0.5450249999999999,109.00500000000011,27.251250000000027,0,0,0.09374516245549469
throw_pillow,Throw Pillow,corrupt,A,2,modeled,s004,mid,six_max,capped,581.39,5.8139,323.834,-257.556,-51511.200000000004,-25755.600000000002,-2.5755600000000003,-515.112,-257.556,0,0,-0.4430003956036395
starter_gift_box,Starter Gift Box,base,A,4,not modeled,s004,mid,six_max,capped,581.39,5.8139,581.39,0,0,0,0,0,0,0,0,0
starter_gift_box,Starter Gift Box,corrupt,A,3,not modeled,s004,mid,six_max,capped,581.39,5.8139,581.39,0,0,0,0,0,0,0,0,0
lava_lamp,Lava Lamp,base,A,5,modeled,s004,mid,six_max,capped,581.39,5.8139,648.38,66.99000000000001,13398,2679.6,0.6698999999999993,133.9799999999998,26.795999999999957,0,0,0.11522386005951256
lava_lamp,Lava Lamp,corrupt,A,3,modeled,s004,mid,six_max,capped,581.39,5.8139,782.36,200.97000000000003,40194,13398,2.0096999999999996,401.94000000000005,133.98000000000002,0,0,0.3456715801785377
comfort_bed,Comfort Bed,base,A,4,modeled,s004,mid,six_max,capped,581.39,5.8139,729.98,148.59000000000003,29718,7429.5,1.4859,297.18000000000006,74.29500000000002,0,0,0.2555771513097921
comfort_bed,Comfort Bed,corrupt,A,2,not modeled,s004,mid,six_max,capped,581.39,5.8139,581.39,0,0,0,0,0,0,0,0,0
yellow_sticky_note,Yellow Sticky Note,base,A,5,modeled,s004,mid,six_max,capped,581.39,5.8139,1237.54,656.15,131230,26246,6.5615000000000006,1312.3,262.46,0,0,1.1285883830131238
yellow_sticky_note,Yellow Sticky Note,corrupt,A,4,modeled,s004,mid,six_max,capped,581.39,5.8139,8455.19,7873.8,1574760,393690,78.738,15747.6,3936.9,0,0,13.543060596157485
rubber_duck,Rubber Duck,base,A,5,not modeled,s004,mid,six_max,capped,581.39,5.8139,581.39,0,0,0,0,0,0,0,0,0
rubber_duck,Rubber Duck,corrupt,A,2,modeled,s004,mid,six_max,capped,581.39,5.8139,-561.115,-1142.505,-228501,-114250.5,-11.42505,-2285.01,-1142.505,0,0,-1.9651266791654485
stash_box,Stash Box,base,B,6,not modeled,s004,mid,six_max,capped,581.39,5.8139,581.39,0,0,0,0,0,0,0,0,0
stash_box,Stash Box,corrupt,B,3,not modeled,s004,mid,six_max,capped,581.39,5.8139,581.39,0,0,0,0,0,0,0,0,0
dogs_playing_poker,Dogs Playing Poker,base,B,6,proc,s004,mid,six_max,capped,581.39,5.8139,581.39,0,0,0,0,0,0,0,0,0
dogs_playing_poker,Dogs Playing Poker,corrupt,B,3,proc,s004,mid,six_max,capped,581.39,5.8139,581.39,0,0,0,0,0,0,0,0,0
calculator,Calculator,base,B,7,modeled,s004,mid,six_max,capped,581.39,5.8139,1540.1256875,958.7356874999999,191747.13749999995,27392.44821428571,9.587356875,1917.4713749999999,273.92448214285713,1.5225,0.037500000000000006,1.6490405536730937
calculator,Calculator,corrupt,B,4,modeled,s004,mid,six_max,capped,581.39,5.8139,12622.524064171,12041.134064171001,2408226.8128342,602056.70320855,120.41134064171,24082.268128342002,6020.567032085501,22.645454545455003,0.375,20.710941131032527
ring_binder,Ring Binder,base,B,7,not modeled,s004,mid,six_max,capped,581.39,5.8139,581.39,0,0,0,0,0,0,0,0,0
ring_binder,Ring Binder,corrupt,B,4,not modeled,s004,mid,six_max,capped,581.39,5.8139,581.39,0,0,0,0,0,0,0,0,0
space_heater,Space Heater,base,B,8,modeled,s004,mid,six_max,capped,581.39,5.8139,990.032,408.64200000000005,81728.40000000002,10216.050000000003,4.08642,817.2840000000001,102.16050000000001,0,0,0.7028707064104991
space_heater,Space Heater,corrupt,B,8,modeled,s004,mid,six_max,capped,581.39,5.8139,-3505.03,-4086.42,-817284,-102160.5,-40.8642,-8172.84,-1021.605,0,0,-7.0287070641049905
pencil_holder,Pencil Holder,base,B,8,not modeled,s004,mid,six_max,capped,581.39,5.8139,581.39,0,0,0,0,0,0,0,0,0
pencil_holder,Pencil Holder,corrupt,B,4,not modeled,s004,mid,six_max,capped,581.39,5.8139,581.39,0,0,0,0,0,0,0,0,0
bonsai,Bonsai,base,B,10,not modeled,s004,mid,six_max,capped,581.39,5.8139,581.39,0,0,0,0,0,0,0,0,0
bonsai,Bonsai,corrupt,B,5,not modeled,s004,mid,six_max,capped,581.39,5.8139,581.39,0,0,0,0,0,0,0,0,0
desk_plant,Desk Plant,base,B,8,modeled,s004,mid,six_max,capped,581.39,5.8139,1454.36,872.9699999999999,174594,21824.25,8.7297,1745.9399999999998,218.24249999999998,1.1999999999999993,0.060000000000000026,1.5015222140043687
desk_plant,Desk Plant,corrupt,B,5,modeled,s004,mid,six_max,capped,581.39,5.8139,5673.715,5092.325,1018465,203693,50.923249999999996,10184.65,2036.9299999999998,7,0.35,8.75887958169215
desk,Desk,base,B,9,not modeled,s004,mid,six_max,capped,581.39,5.8139,581.39,0,0,0,0,0,0,0,0,0
desk,Desk,corrupt,B,5,not modeled,s004,mid,six_max,capped,581.39,5.8139,581.39,0,0,0,0,0,0,0,0,0
rebuy_sticky_note,Rebuy Sticky Note,base,B,10,not modeled,s004,mid,six_max,capped,581.39,5.8139,581.39,0,0,0,0,0,0,0,0,0
rebuy_sticky_note,Rebuy Sticky Note,corrupt,B,5,not modeled,s004,mid,six_max,capped,581.39,5.8139,581.39,0,0,0,0,0,0,0,0,0
gaming_chair,Gaming Chair,base,B,10,proc,s004,mid,six_max,capped,581.39,5.8139,581.39,0,0,0,0,0,0,0,0,0
gaming_chair,Gaming Chair,corrupt,B,5,partial,s004,mid,six_max,capped,581.39,5.8139,-235.894,-817.284,-163456.8,-32691.359999999997,-8.17284,-1634.568,-326.9136,0,0,-1.405741412820998
headset,Headset,base,B,6,modeled,s004,mid,six_max,capped,581.39,5.8139,581.39,0,0,0,0,0,0,0,0,0
headset,Headset,corrupt,B,5,modeled,s004,mid,six_max,capped,581.39,5.8139,581.39,0,0,0,0,0,0,0,0,0
prize_vase,Prize Vase,base,C,12,proc,s004,mid,six_max,capped,581.39,5.8139,581.39,0,0,0,0,0,0,0,0,0
prize_vase,Prize Vase,corrupt,C,6,proc,s004,mid,six_max,capped,581.39,5.8139,581.39,0,0,0,0,0,0,0,0,0
compact_fridge,Compact Fridge,base,B,12,not modeled,s004,mid,six_max,capped,581.39,5.8139,581.39,0,0,0,0,0,0,0,0,0
compact_fridge,Compact Fridge,corrupt,B,6,not modeled,s004,mid,six_max,capped,581.39,5.8139,581.39,0,0,0,0,0,0,0,0,0
wall_clock,Wall Clock,base,B,12,proc,s004,mid,six_max,capped,581.39,5.8139,581.39,0,0,0,0,0,0,0,0,0
wall_clock,Wall Clock,corrupt,B,7,partial,s004,mid,six_max,capped,581.39,5.8139,-440.215,-1021.605,-204321,-29188.714285714286,-10.21605,-2043.21,-291.88714285714286,0,0,-1.7571767660262476
house_cat,House Cat,base,B,8,proc,s004,mid,six_max,capped,581.39,5.8139,581.39,0,0,0,0,0,0,0,0,0
house_cat,House Cat,corrupt,B,4,proc,s004,mid,six_max,capped,581.39,5.8139,581.39,0,0,0,0,0,0,0,0,0
candle,Candle,base,B,7,proc,s004,mid,six_max,capped,581.39,5.8139,581.39,0,0,0,0,0,0,0,0,0
dusty_console,Dusty Console,base,B,5,modeled,s004,mid,six_max,capped,581.39,5.8139,581.39,0,0,0,0,0,0,0,0,0
handheld,Handheld,base,B,5,modeled,s004,mid,six_max,capped,581.39,5.8139,581.39,0,0,0,0,0,0,0,0,0
red_rug,Red Rug,base,B,8,modeled,s004,mid,six_max,capped,581.39,5.8139,581.39,0,0,0,0,0,0,0,0,0
dish_soap,Dish Soap,base,B,12,proc,s004,mid,six_max,capped,581.39,5.8139,581.39,0,0,0,0,0,0,0,0,0
rolled_vouchers,Rolled Vouchers,base,C,9,proc,s004,mid,six_max,capped,581.39,5.8139,581.39,0,0,0,0,0,0,0,0,0
rolled_vouchers,Rolled Vouchers,corrupt,C,5,proc,s004,mid,six_max,capped,581.39,5.8139,581.39,0,0,0,0,0,0,0,0,0
second_monitor,Second Monitor,base,C,10,modeled,s004,mid,six_max,capped,581.39,5.8139,581.39,0,0,0,0,0,0,0,0,0
second_monitor,Second Monitor,corrupt,C,6,modeled,s004,mid,six_max,capped,581.39,5.8139,581.39,0,0,0,0,0,0,0,0,0
laptop_terminal,Laptop Terminal,base,D,12,not modeled,s004,mid,six_max,capped,581.39,5.8139,581.39,0,0,0,0,0,0,0,0,0
laptop_terminal,Laptop Terminal,corrupt,D,6,not modeled,s004,mid,six_max,capped,581.39,5.8139,581.39,0,0,0,0,0,0,0,0,0
gaming_keyboard,Gaming Keyboard,base,D,12,not modeled,s004,mid,six_max,capped,581.39,5.8139,581.39,0,0,0,0,0,0,0,0,0
gaming_keyboard,Gaming Keyboard,corrupt,D,6,not modeled,s004,mid,six_max,capped,581.39,5.8139,581.39,0,0,0,0,0,0,0,0,0
box_of_mice,Box of Mice,base,D,13,not modeled,s004,mid,six_max,capped,581.39,5.8139,581.39,0,0,0,0,0,0,0,0,0
box_of_mice,Box of Mice,corrupt,D,7,not modeled,s004,mid,six_max,capped,581.39,5.8139,581.39,0,0,0,0,0,0,0,0,0
wacom_tablet,Wacom Tablet,base,D,13,not modeled,s004,mid,six_max,capped,581.39,5.8139,581.39,0,0,0,0,0,0,0,0,0
wacom_tablet,Wacom Tablet,corrupt,D,7,not modeled,s004,mid,six_max,capped,581.39,5.8139,581.39,0,0,0,0,0,0,0,0,0
desk_lamp,Desk Lamp,base,D,10,not modeled,s004,mid,six_max,capped,581.39,5.8139,581.39,0,0,0,0,0,0,0,0,0
desk_lamp,Desk Lamp,corrupt,D,6,not modeled,s004,mid,six_max,capped,581.39,5.8139,581.39,0,0,0,0,0,0,0,0,0
telephone,Telephone,base,D,12,not modeled,s004,mid,six_max,capped,581.39,5.8139,581.39,0,0,0,0,0,0,0,0,0
glass_partition,Glass Partition,base,D,12,not modeled,s004,mid,six_max,capped,581.39,5.8139,581.39,0,0,0,0,0,0,0,0,0
electric_kettle,Electric Kettle,base,D,11,not modeled,s004,mid,six_max,capped,581.39,5.8139,581.39,0,0,0,0,0,0,0,0,0
electric_kettle,Electric Kettle,corrupt,D,8,not modeled,s004,mid,six_max,capped,581.39,5.8139,581.39,0,0,0,0,0,0,0,0,0
chrome_toaster,Chrome Toaster,base,D,14,not modeled,s004,mid,six_max,capped,581.39,5.8139,741.726,160.336,32067.20000000001,2290.5142857142864,1.6033599999999995,320.672,22.90514285714286,0.3519999999999994,0,0.2757804571802061
chrome_toaster,Chrome Toaster,corrupt,D,8,not modeled,s004,mid,six_max,capped,581.39,5.8139,1282.86,701.4699999999999,140294,17536.75,7.0146999999999995,1402.9399999999998,175.36749999999998,1.54,0,1.2065395001634014
first_aid_kit,First Aid Kit,base,D,16,proc,s004,mid,six_max,capped,581.39,5.8139,581.39,0,0,0,0,0,0,0,0,0
first_aid_kit,First Aid Kit,corrupt,D,8,partial,s004,mid,six_max,capped,581.39,5.8139,-205.99,-787.38,-157476,-19684.5,-7.8738,-1574.76,-196.845,0,0,-1.3543060596157486
nightstand,Nightstand,base,D,13,proc,s004,mid,six_max,capped,581.39,5.8139,581.39,0,0,0,0,0,0,0,0,0
nightstand,Nightstand,corrupt,D,8,proc,s004,mid,six_max,capped,581.39,5.8139,581.39,0,0,0,0,0,0,0,0,0
receipt_printer,Receipt Printer,base,C,19,proc,s004,mid,six_max,capped,581.39,5.8139,581.39,0,0,0,0,0,0,0,0,0
receipt_printer,Receipt Printer,corrupt,C,9,proc,s004,mid,six_max,capped,581.39,5.8139,581.39,0,0,0,0,0,0,0,0,0
microwave_oven,Microwave Oven,base,D,18,proc,s004,mid,six_max,capped,581.39,5.8139,581.39,0,0,0,0,0,0,0,0,0
microwave_oven,Microwave Oven,corrupt,D,10,partial,s004,mid,six_max,capped,581.39,5.8139,-440.215,-1021.605,-204321,-20432.1,-10.21605,-2043.21,-204.321,0,0,-1.7571767660262476
framed_diploma,Framed Diploma,base,D,18,proc,s004,mid,six_max,capped,581.39,5.8139,581.39,0,0,0,0,0,0,0,0,0
framed_diploma,Framed Diploma,corrupt,D,9,partial,s004,mid,six_max,capped,581.39,5.8139,-205.99,-787.38,-157476,-17497.333333333332,-7.8738,-1574.76,-174.97333333333333,0,0,-1.3543060596157486
laminated_blueprint,Laminated Blueprint,base,D,19,not modeled,s004,mid,six_max,capped,581.39,5.8139,581.39,0,0,0,0,0,0,0,0,0
laminated_blueprint,Laminated Blueprint,corrupt,D,10,not modeled,s004,mid,six_max,capped,581.39,5.8139,581.39,0,0,0,0,0,0,0,0,0
console_television,Console Television,base,D,26,proc,s004,mid,six_max,capped,581.39,5.8139,581.39,0,0,0,0,0,0,0,0,0
console_television,Console Television,corrupt,D,13,partial,s004,mid,six_max,capped,581.39,5.8139,-730.91,-1312.3,-262460,-20189.23076923077,-13.123000000000001,-2624.6,-201.8923076923077,0,0,-2.2571767660262476
desk_speakers,Desk Speakers,base,C,10,modeled,s004,mid,six_max,capped,581.39,5.8139,581.39,0,0,0,0,0,0,0,0,0
desk_speakers,Desk Speakers,corrupt,C,6,modeled,s004,mid,six_max,capped,581.39,5.8139,-873.56,-1454.9499999999998,-290990,-48498.333333333336,-14.5495,-2909.8999999999996,-484.9833333333333,-2.0000000000000004,-0.1,-2.5025370233406146
curved_monitor,Curved Monitor,base,C,13,proc,s004,mid,six_max,capped,581.39,5.8139,581.39,0,0,0,0,0,0,0,0,0
curved_monitor,Curved Monitor,corrupt,C,7,partial,s004,mid,six_max,capped,581.39,5.8139,-440.215,-1021.605,-204321,-29188.714285714286,-10.21605,-2043.21,-291.88714285714286,0,0,-1.7571767660262476
tower_upgrade,Tower Upgrade,base,C,14,proc,s004,mid,six_max,capped,581.39,5.8139,581.39,0,0,0,0,0,0,0,0,0
tower_upgrade,Tower Upgrade,corrupt,C,5,partial,s004,mid,six_max,capped,581.39,5.8139,452.261,-129.12899999999996,-25825.79999999999,-5165.159999999998,-1.29129,-258.2579999999999,-51.65159999999999,0,0,-0.22210392335609483
copy_machine,Copy Machine,base,C,19,not modeled,s004,mid,six_max,capped,581.39,5.8139,581.39,0,0,0,0,0,0,0,0,0
whiteboard,Whiteboard,base,D,17,not modeled,s004,mid,six_max,capped,581.39,5.8139,581.39,0,0,0,0,0,0,0,0,0
high_roller_pass,High Roller Pass,base,D,19,not modeled,s004,mid,six_max,capped,581.39,5.8139,581.39,0,0,0,0,0,0,0,0,0
high_roller_pass,High Roller Pass,corrupt,D,9,partial,s004,mid,six_max,capped,581.39,5.8139,-440.215,-1021.605,-204321,-22702.333333333332,-10.21605,-2043.21,-227.02333333333334,0,0,-1.7571767660262476
window,Window,base,D,20,proc,s004,mid,six_max,capped,581.39,5.8139,581.39,0,0,0,0,0,0,0,0,0
window,Window,corrupt,D,10,partial,s004,mid,six_max,capped,581.39,5.8139,-440.215,-1021.605,-204321,-20432.1,-10.21605,-2043.21,-204.321,0,0,-1.7571767660262476
bookshelf,Bookshelf,base,D,22,modeled,s004,mid,six_max,capped,581.39,5.8139,581.39,0,0,0,0,0,0,0,0,0
bookshelf,Bookshelf,corrupt,D,11,modeled,s004,mid,six_max,capped,581.39,5.8139,581.39,0,0,0,0,0,0,0,0,0
cereal_shelf,Cereal Shelf,base,D,24,not modeled,s004,mid,six_max,capped,581.39,5.8139,581.39,0,0,0,0,0,0,0,0,0
cereal_shelf,Cereal Shelf,corrupt,D,12,not modeled,s004,mid,six_max,capped,581.39,5.8139,581.39,0,0,0,0,0,0,0,0,0
fire_extinguisher,Fire Extinguisher,base,D,24,proc,s004,mid,six_max,capped,581.39,5.8139,581.39,0,0,0,0,0,0,0,0,0
fire_extinguisher,Fire Extinguisher,corrupt,D,12,partial,s004,mid,six_max,capped,581.39,5.8139,-74.76,-656.15,-131230,-10935.833333333334,-6.5615000000000006,-1312.3,-109.35833333333333,0,0,-1.1285883830131238
blackout_curtains,Blackout Curtains,base,D,24,proc,s004,mid,six_max,capped,581.39,5.8139,581.39,0,0,0,0,0,0,0,0,0
blackout_curtains,Blackout Curtains,corrupt,D,12,partial,s004,mid,six_max,capped,581.39,5.8139,-644.536,-1225.926,-245185.19999999998,-20432.1,-12.259260000000001,-2451.852,-204.321,0,0,-2.108612119231497
tip_jar,Tip Jar,base,D,24,not modeled,s004,mid,six_max,capped,581.39,5.8139,581.39,0,0,0,0,0,0,0,0,0
tip_jar,Tip Jar,corrupt,D,12,not modeled,s004,mid,six_max,capped,581.39,5.8139,581.39,0,0,0,0,0,0,0,0,0
shredder,Shredder,base,D,18,proc,s004,mid,six_max,capped,581.39,5.8139,581.39,0,0,0,0,0,0,0,0,0
shredder,Shredder,corrupt,D,9,partial,s004,mid,six_max,capped,581.39,5.8139,-205.99,-787.38,-157476,-17497.333333333332,-7.8738,-1574.76,-174.97333333333333,0,0,-1.3543060596157486
cool_towel,Cool Towel,base,D,16,proc,s004,mid,six_max,capped,581.39,5.8139,581.39,0,0,0,0,0,0,0,0,0
waste_basket,Waste Basket,base,D,18,proc,s004,mid,six_max,capped,581.39,5.8139,581.39,0,0,0,0,0,0,0,0,0
waste_basket,Waste Basket,corrupt,D,9,proc,s004,mid,six_max,capped,581.39,5.8139,581.39,0,0,0,0,0,0,0,0,0
cleaning_robot,Cleaning Robot,base,D,24,proc,s004,mid,six_max,capped,581.39,5.8139,581.39,0,0,0,0,0,0,0,0,0
wall_hanger,Wall Hanger,base,A,2,modeled,s004,mid,hu,naked,-4857.1428571429,-48.571428571429,-4857.1428571429,0,0,0,0,0,0,0,0,0
wall_hanger,Wall Hanger,corrupt,A,2,modeled,s004,mid,hu,naked,-4857.1428571429,-48.571428571429,-4857.1428571429,0,0,0,0,0,0,0,0,0
mirror,Mirror,base,A,3,modeled,s004,mid,hu,naked,-4857.1428571429,-48.571428571429,-4385.0357142857,472.1071428571995,236053.57142860023,78684.5238095334,4.721071428572003,2360.535714286005,786.8452380953349,1,0.05,0.09719852941177552
mirror,Mirror,corrupt,A,2,modeled,s004,mid,hu,naked,-4857.1428571429,-48.571428571429,-2024.5,2832.6428571428996,1416321.42857145,708160.714285725,28.326428571429002,14163.2142857145,7081.60714285725,6,0.3,0.5831911764705919
fight_night_poster,Fight Night Poster,base,A,4,not modeled,s004,mid,hu,naked,-4857.1428571429,-48.571428571429,-4857.1428571429,0,0,0,0,0,0,0,0,0
fight_night_poster,Fight Night Poster,corrupt,A,3,not modeled,s004,mid,hu,naked,-4857.1428571429,-48.571428571429,-4857.1428571429,0,0,0,0,0,0,0,0,0
energy_drink,Energy Drink,base,A,3,proc,s004,mid,hu,naked,-4857.1428571429,-48.571428571429,-4857.1428571429,0,0,0,0,0,0,0,0,0
energy_drink,Energy Drink,corrupt,A,2,proc,s004,mid,hu,naked,-4857.1428571429,-48.571428571429,-4857.1428571429,0,0,0,0,0,0,0,0,0
corkboard,Corkboard,base,A,4,modeled,s004,mid,hu,naked,-4857.1428571429,-48.571428571429,-4857.1428571429,0,0,0,0,0,0,0,0,0
corkboard,Corkboard,corrupt,A,2,modeled,s004,mid,hu,naked,-4857.1428571429,-48.571428571429,-3440.8214285714,1416.3214285714998,708160.7142857502,354080.3571428751,14.163214285715,7081.607142857498,3540.803571428749,3,0.15,0.29159558823530624
stack_of_books,Stack of Books,base,A,4,modeled,s004,mid,hu,naked,-4857.1428571429,-48.571428571429,-4857.1428571429,0,0,0,0,0,0,0,0,0
stack_of_books,Stack of Books,corrupt,A,3,modeled,s004,mid,hu,naked,-4857.1428571429,-48.571428571429,-4857.1428571429,0,0,0,0,0,0,0,0,0
throw_pillow,Throw Pillow,base,A,4,modeled,s004,mid,hu,naked,-4857.1428571429,-48.571428571429,-4601.1904761905,255.95238095239984,127976.19047620054,31994.047619050136,2.559523809524002,1279.7619047619992,319.9404761904998,0,0,0.05269607843137598
throw_pillow,Throw Pillow,corrupt,A,2,modeled,s004,mid,hu,naked,-4857.1428571429,-48.571428571429,-6066.6666666667,-1209.5238095238,-604761.9047618997,-302380.95238094986,-12.095238095237995,-6047.619047618999,-3023.8095238094993,0,0,-0.24901960784313312
starter_gift_box,Starter Gift Box,base,A,4,not modeled,s004,mid,hu,naked,-4857.1428571429,-48.571428571429,-4857.1428571429,0,0,0,0,0,0,0,0,0
starter_gift_box,Starter Gift Box,corrupt,A,3,not modeled,s004,mid,hu,naked,-4857.1428571429,-48.571428571429,-4857.1428571429,0,0,0,0,0,0,0,0,0
lava_lamp,Lava Lamp,base,A,5,modeled,s004,mid,hu,naked,-4857.1428571429,-48.571428571429,-4857.1428571429,0,0,0,0,0,0,0,0,0
lava_lamp,Lava Lamp,corrupt,A,3,modeled,s004,mid,hu,naked,-4857.1428571429,-48.571428571429,-4857.1428571429,0,0,0,0,0,0,0,0,0
comfort_bed,Comfort Bed,base,A,4,modeled,s004,mid,hu,naked,-4857.1428571429,-48.571428571429,-4539.6428571429,317.5,158750.00000000047,39687.50000000012,3.1750000000000043,1587.5000000000036,396.8750000000009,0,0,0.06536764705882296
comfort_bed,Comfort Bed,corrupt,A,2,not modeled,s004,mid,hu,naked,-4857.1428571429,-48.571428571429,-4857.1428571429,0,0,0,0,0,0,0,0,0
yellow_sticky_note,Yellow Sticky Note,base,A,5,modeled,s004,mid,hu,naked,-4857.1428571429,-48.571428571429,-4857.1428571429,0,0,0,0,0,0,0,0,0
yellow_sticky_note,Yellow Sticky Note,corrupt,A,4,modeled,s004,mid,hu,naked,-4857.1428571429,-48.571428571429,-4857.1428571429,0,0,0,0,0,0,0,0,0
rubber_duck,Rubber Duck,base,A,5,not modeled,s004,mid,hu,naked,-4857.1428571429,-48.571428571429,-4857.1428571429,0,0,0,0,0,0,0,0,0
rubber_duck,Rubber Duck,corrupt,A,2,modeled,s004,mid,hu,naked,-4857.1428571429,-48.571428571429,-4857.1428571429,0,0,0,0,0,0,0,0,0
stash_box,Stash Box,base,B,6,not modeled,s004,mid,hu,naked,-4857.1428571429,-48.571428571429,-4857.1428571429,0,0,0,0,0,0,0,0,0
stash_box,Stash Box,corrupt,B,3,not modeled,s004,mid,hu,naked,-4857.1428571429,-48.571428571429,-4857.1428571429,0,0,0,0,0,0,0,0,0
dogs_playing_poker,Dogs Playing Poker,base,B,6,proc,s004,mid,hu,naked,-4857.1428571429,-48.571428571429,-4857.1428571429,0,0,0,0,0,0,0,0,0
dogs_playing_poker,Dogs Playing Poker,corrupt,B,3,proc,s004,mid,hu,naked,-4857.1428571429,-48.571428571429,-4857.1428571429,0,0,0,0,0,0,0,0,0
calculator,Calculator,base,B,7,modeled,s004,mid,hu,naked,-4857.1428571429,-48.571428571429,-4857.1428571429,0,0,0,0,0,0,0,0,0
calculator,Calculator,corrupt,B,4,modeled,s004,mid,hu,naked,-4857.1428571429,-48.571428571429,-4857.1428571429,0,0,0,0,0,0,0,0,0
ring_binder,Ring Binder,base,B,7,not modeled,s004,mid,hu,naked,-4857.1428571429,-48.571428571429,-4857.1428571429,0,0,0,0,0,0,0,0,0
ring_binder,Ring Binder,corrupt,B,4,not modeled,s004,mid,hu,naked,-4857.1428571429,-48.571428571429,-4857.1428571429,0,0,0,0,0,0,0,0,0
space_heater,Space Heater,base,B,8,modeled,s004,mid,hu,naked,-4857.1428571429,-48.571428571429,-3885.7142857143,971.4285714285998,485714.2857143001,60714.285714287515,9.714285714286,4857.142857143001,607.1428571428751,0,0,0.2000000000000041
space_heater,Space Heater,corrupt,B,8,modeled,s004,mid,hu,naked,-4857.1428571429,-48.571428571429,-14571.428571429,-9714.2857142861,-4857142.85714305,-607142.8571428813,-97.142857142861,-48571.42857143049,-6071.428571428812,0,0,-2.0000000000000617
pencil_holder,Pencil Holder,base,B,8,not modeled,s004,mid,hu,naked,-4857.1428571429,-48.571428571429,-4857.1428571429,0,0,0,0,0,0,0,0,0
pencil_holder,Pencil Holder,corrupt,B,4,not modeled,s004,mid,hu,naked,-4857.1428571429,-48.571428571429,-4857.1428571429,0,0,0,0,0,0,0,0,0
bonsai,Bonsai,base,B,10,not modeled,s004,mid,hu,naked,-4857.1428571429,-48.571428571429,-4857.1428571429,0,0,0,0,0,0,0,0,0
bonsai,Bonsai,corrupt,B,5,not modeled,s004,mid,hu,naked,-4857.1428571429,-48.571428571429,-4857.1428571429,0,0,0,0,0,0,0,0,0
desk_plant,Desk Plant,base,B,8,modeled,s004,mid,hu,naked,-4857.1428571429,-48.571428571429,-4857.1428571429,0,0,0,0,0,0,0,0,0
desk_plant,Desk Plant,corrupt,B,5,modeled,s004,mid,hu,naked,-4857.1428571429,-48.571428571429,-4857.1428571429,0,0,0,0,0,0,0,0,0
desk,Desk,base,B,9,not modeled,s004,mid,hu,naked,-4857.1428571429,-48.571428571429,-4857.1428571429,0,0,0,0,0,0,0,0,0
desk,Desk,corrupt,B,5,not modeled,s004,mid,hu,naked,-4857.1428571429,-48.571428571429,-4857.1428571429,0,0,0,0,0,0,0,0,0
rebuy_sticky_note,Rebuy Sticky Note,base,B,10,not modeled,s004,mid,hu,naked,-4857.1428571429,-48.571428571429,-4857.1428571429,0,0,0,0,0,0,0,0,0
rebuy_sticky_note,Rebuy Sticky Note,corrupt,B,5,not modeled,s004,mid,hu,naked,-4857.1428571429,-48.571428571429,-4857.1428571429,0,0,0,0,0,0,0,0,0
gaming_chair,Gaming Chair,base,B,10,proc,s004,mid,hu,naked,-4857.1428571429,-48.571428571429,-4857.1428571429,0,0,0,0,0,0,0,0,0
gaming_chair,Gaming Chair,corrupt,B,5,partial,s004,mid,hu,naked,-4857.1428571429,-48.571428571429,-6800,-1942.8571428571004,-971428.5714285499,-194285.71428570998,-19.428571428570997,-9714.2857142855,-1942.8571428571,0,0,-0.39999999999998775
headset,Headset,base,B,6,modeled,s004,mid,hu,naked,-4857.1428571429,-48.571428571429,-4857.1428571429,0,0,0,0,0,0,0,0,0
headset,Headset,corrupt,B,5,modeled,s004,mid,hu,naked,-4857.1428571429,-48.571428571429,-4857.1428571429,0,0,0,0,0,0,0,0,0
prize_vase,Prize Vase,base,C,12,proc,s004,mid,hu,naked,-4857.1428571429,-48.571428571429,-4857.1428571429,0,0,0,0,0,0,0,0,0
prize_vase,Prize Vase,corrupt,C,6,proc,s004,mid,hu,naked,-4857.1428571429,-48.571428571429,-4857.1428571429,0,0,0,0,0,0,0,0,0
compact_fridge,Compact Fridge,base,B,12,not modeled,s004,mid,hu,naked,-4857.1428571429,-48.571428571429,-4857.1428571429,0,0,0,0,0,0,0,0,0
compact_fridge,Compact Fridge,corrupt,B,6,not modeled,s004,mid,hu,naked,-4857.1428571429,-48.571428571429,-4857.1428571429,0,0,0,0,0,0,0,0,0
wall_clock,Wall Clock,base,B,12,proc,s004,mid,hu,naked,-4857.1428571429,-48.571428571429,-4857.1428571429,0,0,0,0,0,0,0,0,0
wall_clock,Wall Clock,corrupt,B,7,partial,s004,mid,hu,naked,-4857.1428571429,-48.571428571429,-7285.7142857143,-2428.5714285714002,-1214285.7142857,-173469.3877551,-24.285714285714,-12142.857142857,-1734.693877551,0,0,-0.4999999999999898
house_cat,House Cat,base,B,8,proc,s004,mid,hu,naked,-4857.1428571429,-48.571428571429,-4857.1428571429,0,0,0,0,0,0,0,0,0
house_cat,House Cat,corrupt,B,4,proc,s004,mid,hu,naked,-4857.1428571429,-48.571428571429,-4857.1428571429,0,0,0,0,0,0,0,0,0
candle,Candle,base,B,7,proc,s004,mid,hu,naked,-4857.1428571429,-48.571428571429,-4857.1428571429,0,0,0,0,0,0,0,0,0
dusty_console,Dusty Console,base,B,5,modeled,s004,mid,hu,naked,-4857.1428571429,-48.571428571429,-4857.1428571429,0,0,0,0,0,0,0,0,0
handheld,Handheld,base,B,5,modeled,s004,mid,hu,naked,-4857.1428571429,-48.571428571429,-4857.1428571429,0,0,0,0,0,0,0,0,0
red_rug,Red Rug,base,B,8,modeled,s004,mid,hu,naked,-4857.1428571429,-48.571428571429,-4857.1428571429,0,0,0,0,0,0,0,0,0
dish_soap,Dish Soap,base,B,12,proc,s004,mid,hu,naked,-4857.1428571429,-48.571428571429,-4857.1428571429,0,0,0,0,0,0,0,0,0
rolled_vouchers,Rolled Vouchers,base,C,9,proc,s004,mid,hu,naked,-4857.1428571429,-48.571428571429,-4857.1428571429,0,0,0,0,0,0,0,0,0
rolled_vouchers,Rolled Vouchers,corrupt,C,5,proc,s004,mid,hu,naked,-4857.1428571429,-48.571428571429,-4857.1428571429,0,0,0,0,0,0,0,0,0
second_monitor,Second Monitor,base,C,10,modeled,s004,mid,hu,naked,-4857.1428571429,-48.571428571429,-4857.1428571429,0,0,0,0,0,0,0,0,0
second_monitor,Second Monitor,corrupt,C,6,modeled,s004,mid,hu,naked,-4857.1428571429,-48.571428571429,-4857.1428571429,0,0,0,0,0,0,0,0,0
laptop_terminal,Laptop Terminal,base,D,12,not modeled,s004,mid,hu,naked,-4857.1428571429,-48.571428571429,-4857.1428571429,0,0,0,0,0,0,0,0,0
laptop_terminal,Laptop Terminal,corrupt,D,6,not modeled,s004,mid,hu,naked,-4857.1428571429,-48.571428571429,-4857.1428571429,0,0,0,0,0,0,0,0,0
gaming_keyboard,Gaming Keyboard,base,D,12,not modeled,s004,mid,hu,naked,-4857.1428571429,-48.571428571429,-4857.1428571429,0,0,0,0,0,0,0,0,0
gaming_keyboard,Gaming Keyboard,corrupt,D,6,not modeled,s004,mid,hu,naked,-4857.1428571429,-48.571428571429,-4857.1428571429,0,0,0,0,0,0,0,0,0
box_of_mice,Box of Mice,base,D,13,not modeled,s004,mid,hu,naked,-4857.1428571429,-48.571428571429,-4857.1428571429,0,0,0,0,0,0,0,0,0
box_of_mice,Box of Mice,corrupt,D,7,not modeled,s004,mid,hu,naked,-4857.1428571429,-48.571428571429,-4857.1428571429,0,0,0,0,0,0,0,0,0
wacom_tablet,Wacom Tablet,base,D,13,not modeled,s004,mid,hu,naked,-4857.1428571429,-48.571428571429,-4857.1428571429,0,0,0,0,0,0,0,0,0
wacom_tablet,Wacom Tablet,corrupt,D,7,not modeled,s004,mid,hu,naked,-4857.1428571429,-48.571428571429,-4857.1428571429,0,0,0,0,0,0,0,0,0
desk_lamp,Desk Lamp,base,D,10,not modeled,s004,mid,hu,naked,-4857.1428571429,-48.571428571429,-4857.1428571429,0,0,0,0,0,0,0,0,0
desk_lamp,Desk Lamp,corrupt,D,6,not modeled,s004,mid,hu,naked,-4857.1428571429,-48.571428571429,-4857.1428571429,0,0,0,0,0,0,0,0,0
telephone,Telephone,base,D,12,not modeled,s004,mid,hu,naked,-4857.1428571429,-48.571428571429,-4857.1428571429,0,0,0,0,0,0,0,0,0
glass_partition,Glass Partition,base,D,12,not modeled,s004,mid,hu,naked,-4857.1428571429,-48.571428571429,-4857.1428571429,0,0,0,0,0,0,0,0,0
electric_kettle,Electric Kettle,base,D,11,not modeled,s004,mid,hu,naked,-4857.1428571429,-48.571428571429,-4857.1428571429,0,0,0,0,0,0,0,0,0
electric_kettle,Electric Kettle,corrupt,D,8,not modeled,s004,mid,hu,naked,-4857.1428571429,-48.571428571429,-4857.1428571429,0,0,0,0,0,0,0,0,0
chrome_toaster,Chrome Toaster,base,D,14,not modeled,s004,mid,hu,naked,-4857.1428571429,-48.571428571429,-4857.1428571429,0,0,0,0,0,0,0,0,0
chrome_toaster,Chrome Toaster,corrupt,D,8,not modeled,s004,mid,hu,naked,-4857.1428571429,-48.571428571429,-4857.1428571429,0,0,0,0,0,0,0,0,0
first_aid_kit,First Aid Kit,base,D,16,proc,s004,mid,hu,naked,-4857.1428571429,-48.571428571429,-4857.1428571429,0,0,0,0,0,0,0,0,0
first_aid_kit,First Aid Kit,corrupt,D,8,partial,s004,mid,hu,naked,-4857.1428571429,-48.571428571429,-4857.1428571429,0,0,0,0,0,0,0,0,0
nightstand,Nightstand,base,D,13,proc,s004,mid,hu,naked,-4857.1428571429,-48.571428571429,-4857.1428571429,0,0,0,0,0,0,0,0,0
nightstand,Nightstand,corrupt,D,8,proc,s004,mid,hu,naked,-4857.1428571429,-48.571428571429,-4857.1428571429,0,0,0,0,0,0,0,0,0
receipt_printer,Receipt Printer,base,C,19,proc,s004,mid,hu,naked,-4857.1428571429,-48.571428571429,-4857.1428571429,0,0,0,0,0,0,0,0,0
receipt_printer,Receipt Printer,corrupt,C,9,proc,s004,mid,hu,naked,-4857.1428571429,-48.571428571429,-4857.1428571429,0,0,0,0,0,0,0,0,0
microwave_oven,Microwave Oven,base,D,18,proc,s004,mid,hu,naked,-4857.1428571429,-48.571428571429,-4857.1428571429,0,0,0,0,0,0,0,0,0
microwave_oven,Microwave Oven,corrupt,D,10,partial,s004,mid,hu,naked,-4857.1428571429,-48.571428571429,-7285.7142857143,-2428.5714285714002,-1214285.7142857,-121428.57142857001,-24.285714285714,-12142.857142857,-1214.2857142857,0,0,-0.4999999999999898
framed_diploma,Framed Diploma,base,D,18,proc,s004,mid,hu,naked,-4857.1428571429,-48.571428571429,-4857.1428571429,0,0,0,0,0,0,0,0,0
framed_diploma,Framed Diploma,corrupt,D,9,partial,s004,mid,hu,naked,-4857.1428571429,-48.571428571429,-4857.1428571429,0,0,0,0,0,0,0,0,0
laminated_blueprint,Laminated Blueprint,base,D,19,not modeled,s004,mid,hu,naked,-4857.1428571429,-48.571428571429,-4857.1428571429,0,0,0,0,0,0,0,0,0
laminated_blueprint,Laminated Blueprint,corrupt,D,10,not modeled,s004,mid,hu,naked,-4857.1428571429,-48.571428571429,-4857.1428571429,0,0,0,0,0,0,0,0,0
console_television,Console Television,base,D,26,proc,s004,mid,hu,naked,-4857.1428571429,-48.571428571429,-4857.1428571429,0,0,0,0,0,0,0,0,0
console_television,Console Television,corrupt,D,13,partial,s004,mid,hu,naked,-4857.1428571429,-48.571428571429,-4857.1428571429,0,0,0,0,0,0,0,0,0
desk_speakers,Desk Speakers,base,C,10,modeled,s004,mid,hu,naked,-4857.1428571429,-48.571428571429,-4857.1428571429,0,0,0,0,0,0,0,0,0
desk_speakers,Desk Speakers,corrupt,C,6,modeled,s004,mid,hu,naked,-4857.1428571429,-48.571428571429,-4857.1428571429,0,0,0,0,0,0,0,0,0
curved_monitor,Curved Monitor,base,C,13,proc,s004,mid,hu,naked,-4857.1428571429,-48.571428571429,-4857.1428571429,0,0,0,0,0,0,0,0,0
curved_monitor,Curved Monitor,corrupt,C,7,partial,s004,mid,hu,naked,-4857.1428571429,-48.571428571429,-7285.7142857143,-2428.5714285714002,-1214285.7142857,-173469.3877551,-24.285714285714,-12142.857142857,-1734.693877551,0,0,-0.4999999999999898
tower_upgrade,Tower Upgrade,base,C,14,proc,s004,mid,hu,naked,-4857.1428571429,-48.571428571429,-4857.1428571429,0,0,0,0,0,0,0,0,0
tower_upgrade,Tower Upgrade,corrupt,C,5,partial,s004,mid,hu,naked,-4857.1428571429,-48.571428571429,-5000.4761904762,-143.3333333333003,-71666.66666665021,-14333.333333330043,-1.433333333332996,-716.6666666664969,-143.33333333329938,0,0,-0.029509803921561564
copy_machine,Copy Machine,base,C,19,not modeled,s004,mid,hu,naked,-4857.1428571429,-48.571428571429,-4857.1428571429,0,0,0,0,0,0,0,0,0
whiteboard,Whiteboard,base,D,17,not modeled,s004,mid,hu,naked,-4857.1428571429,-48.571428571429,-4857.1428571429,0,0,0,0,0,0,0,0,0
high_roller_pass,High Roller Pass,base,D,19,not modeled,s004,mid,hu,naked,-4857.1428571429,-48.571428571429,-4857.1428571429,0,0,0,0,0,0,0,0,0
high_roller_pass,High Roller Pass,corrupt,D,9,partial,s004,mid,hu,naked,-4857.1428571429,-48.571428571429,-7285.7142857143,-2428.5714285714002,-1214285.7142857,-134920.63492063334,-24.285714285714,-12142.857142857,-1349.2063492063332,0,0,-0.4999999999999898
window,Window,base,D,20,proc,s004,mid,hu,naked,-4857.1428571429,-48.571428571429,-4857.1428571429,0,0,0,0,0,0,0,0,0
window,Window,corrupt,D,10,partial,s004,mid,hu,naked,-4857.1428571429,-48.571428571429,-7285.7142857143,-2428.5714285714002,-1214285.7142857,-121428.57142857001,-24.285714285714,-12142.857142857,-1214.2857142857,0,0,-0.4999999999999898
bookshelf,Bookshelf,base,D,22,modeled,s004,mid,hu,naked,-4857.1428571429,-48.571428571429,-4857.1428571429,0,0,0,0,0,0,0,0,0
bookshelf,Bookshelf,corrupt,D,11,modeled,s004,mid,hu,naked,-4857.1428571429,-48.571428571429,-4857.1428571429,0,0,0,0,0,0,0,0,0
cereal_shelf,Cereal Shelf,base,D,24,not modeled,s004,mid,hu,naked,-4857.1428571429,-48.571428571429,-4857.1428571429,0,0,0,0,0,0,0,0,0
cereal_shelf,Cereal Shelf,corrupt,D,12,not modeled,s004,mid,hu,naked,-4857.1428571429,-48.571428571429,-4857.1428571429,0,0,0,0,0,0,0,0,0
fire_extinguisher,Fire Extinguisher,base,D,24,proc,s004,mid,hu,naked,-4857.1428571429,-48.571428571429,-4857.1428571429,0,0,0,0,0,0,0,0,0
fire_extinguisher,Fire Extinguisher,corrupt,D,12,partial,s004,mid,hu,naked,-4857.1428571429,-48.571428571429,-4857.1428571429,0,0,0,0,0,0,0,0,0
blackout_curtains,Blackout Curtains,base,D,24,proc,s004,mid,hu,naked,-4857.1428571429,-48.571428571429,-4857.1428571429,0,0,0,0,0,0,0,0,0
blackout_curtains,Blackout Curtains,corrupt,D,12,partial,s004,mid,hu,naked,-4857.1428571429,-48.571428571429,-7771.4285714286,-2914.2857142857,-1457142.8571428498,-121428.57142857082,-29.142857142857004,-14571.4285714285,-1214.2857142857083,0,0,-0.5999999999999919
tip_jar,Tip Jar,base,D,24,not modeled,s004,mid,hu,naked,-4857.1428571429,-48.571428571429,-4857.1428571429,0,0,0,0,0,0,0,0,0
tip_jar,Tip Jar,corrupt,D,12,not modeled,s004,mid,hu,naked,-4857.1428571429,-48.571428571429,-4857.1428571429,0,0,0,0,0,0,0,0,0
shredder,Shredder,base,D,18,proc,s004,mid,hu,naked,-4857.1428571429,-48.571428571429,-4857.1428571429,0,0,0,0,0,0,0,0,0
shredder,Shredder,corrupt,D,9,partial,s004,mid,hu,naked,-4857.1428571429,-48.571428571429,-4857.1428571429,0,0,0,0,0,0,0,0,0
cool_towel,Cool Towel,base,D,16,proc,s004,mid,hu,naked,-4857.1428571429,-48.571428571429,-4857.1428571429,0,0,0,0,0,0,0,0,0
waste_basket,Waste Basket,base,D,18,proc,s004,mid,hu,naked,-4857.1428571429,-48.571428571429,-4857.1428571429,0,0,0,0,0,0,0,0,0
waste_basket,Waste Basket,corrupt,D,9,proc,s004,mid,hu,naked,-4857.1428571429,-48.571428571429,-4857.1428571429,0,0,0,0,0,0,0,0,0
cleaning_robot,Cleaning Robot,base,D,24,proc,s004,mid,hu,naked,-4857.1428571429,-48.571428571429,-4857.1428571429,0,0,0,0,0,0,0,0,0
wall_hanger,Wall Hanger,base,A,2,modeled,s004,mid,hu,mid,-3610.43,-36.1043,-3556.03,54.399999999999636,27200,13600,0.544000000000004,272.00000000000364,136.00000000000182,0,0,0.015067457338876433
wall_hanger,Wall Hanger,corrupt,A,2,modeled,s004,mid,hu,mid,-3610.43,-36.1043,-2522.43,1088,544000,272000,10.880000000000003,5440.000000000002,2720.000000000001,0,0,0.30134914677753066
mirror,Mirror,base,A,3,modeled,s004,mid,hu,mid,-3610.43,-36.1043,-2623.16,987.27,493635,164545,9.872700000000002,4936.350000000002,1645.4500000000007,3.2,0.1,0.2734494229219234
mirror,Mirror,corrupt,A,2,modeled,s004,mid,hu,mid,-3610.43,-36.1043,-154.985,3455.4449999999997,1727722.5,863861.25,34.55445,17277.225000000002,8638.612500000001,11.2,0.35,0.9570729802267319
fight_night_poster,Fight Night Poster,base,A,4,not modeled,s004,mid,hu,mid,-3610.43,-36.1043,-3610.43,0,0,0,0,0,0,0,0,0
fight_night_poster,Fight Night Poster,corrupt,A,3,not modeled,s004,mid,hu,mid,-3610.43,-36.1043,-3610.43,0,0,0,0,0,0,0,0,0
energy_drink,Energy Drink,base,A,3,proc,s004,mid,hu,mid,-3610.43,-36.1043,-3610.43,0,0,0,0,0,0,0,0,0
energy_drink,Energy Drink,corrupt,A,2,proc,s004,mid,hu,mid,-3610.43,-36.1043,-3610.43,0,0,0,0,0,0,0,0,0
corkboard,Corkboard,base,A,4,modeled,s004,mid,hu,mid,-3610.43,-36.1043,-3116.795,493.63499999999976,246817.5,61704.375,4.936350000000001,2468.175000000001,617.0437500000003,1.5999999999999996,0.04999999999999999,0.13672471146096166
corkboard,Corkboard,corrupt,A,2,modeled,s004,mid,hu,mid,-3610.43,-36.1043,-1635.89,1974.5399999999997,987270,493635,19.745400000000004,9872.700000000003,4936.350000000001,6.3999999999999995,0.19999999999999998,0.5468988458438468
stack_of_books,Stack of Books,base,A,4,modeled,s004,mid,hu,mid,-3610.43,-36.1043,-3599.43,11,5500,1375,0.10999999999999943,55,13.75,0,0,0.0030467285060228285
stack_of_books,Stack of Books,corrupt,A,3,modeled,s004,mid,hu,mid,-3610.43,-36.1043,-3590.63,19.799999999999727,9900,3300,0.1980000000000004,99,33,0,0,0.005484111310841016
throw_pillow,Throw Pillow,base,A,4,modeled,s004,mid,hu,mid,-3610.43,-36.1043,-3446.9225,163.5074999999997,81753.75,20438.4375,1.6350750000000005,817.5375000000022,204.38437500000055,0,0,0.0452875419271388
throw_pillow,Throw Pillow,corrupt,A,2,modeled,s004,mid,hu,mid,-3610.43,-36.1043,-4383.098,-772.6680000000001,-386334,-193167,-7.726679999999995,-3863.3399999999965,-1931.6699999999983,0,0,-0.21400996557196791
starter_gift_box,Starter Gift Box,base,A,4,not modeled,s004,mid,hu,mid,-3610.43,-36.1043,-3610.43,0,0,0,0,0,0,0,0,0
starter_gift_box,Starter Gift Box,corrupt,A,3,not modeled,s004,mid,hu,mid,-3610.43,-36.1043,-3610.43,0,0,0,0,0,0,0,0,0
lava_lamp,Lava Lamp,base,A,5,modeled,s004,mid,hu,mid,-3610.43,-36.1043,-3600.305,10.125,5062.5,1012.5,0.10125000000000028,50.625,10.125,0,0,0.002804375102134649
lava_lamp,Lava Lamp,corrupt,A,3,modeled,s004,mid,hu,mid,-3610.43,-36.1043,-3580.055,30.375,15187.5,5062.5,0.30375000000000085,151.875,50.625,0,0,0.008413125306403946
comfort_bed,Comfort Bed,base,A,4,modeled,s004,mid,hu,mid,-3610.43,-36.1043,-3310.3925,300.0374999999999,150018.75,37504.6875,3.0003750000000053,1500.1875000000036,375.0468750000009,0,0,0.08310298219325674
comfort_bed,Comfort Bed,corrupt,A,2,not modeled,s004,mid,hu,mid,-3610.43,-36.1043,-3610.43,0,0,0,0,0,0,0,0,0
yellow_sticky_note,Yellow Sticky Note,base,A,5,modeled,s004,mid,hu,mid,-3610.43,-36.1043,-3478.555,131.875,65937.5,13187.5,1.3187500000000014,659.3750000000036,131.87500000000074,0,0,0.03652612015743277
yellow_sticky_note,Yellow Sticky Note,corrupt,A,4,modeled,s004,mid,hu,mid,-3610.43,-36.1043,-2027.93,1582.4999999999998,791250,197812.5,15.825000000000003,7912.500000000002,1978.1250000000005,0,0,0.4383134418891932
rubber_duck,Rubber Duck,base,A,5,not modeled,s004,mid,hu,mid,-3610.43,-36.1043,-3610.43,0,0,0,0,0,0,0,0,0
rubber_duck,Rubber Duck,corrupt,A,2,modeled,s004,mid,hu,mid,-3610.43,-36.1043,-3991.265,-380.83500000000004,-190417.5,-95208.75,-3.8083499999999972,-1904.1749999999993,-952.0874999999996,0,0,-0.10548189550829128
stash_box,Stash Box,base,B,6,not modeled,s004,mid,hu,mid,-3610.43,-36.1043,-3610.43,0,0,0,0,0,0,0,0,0
stash_box,Stash Box,corrupt,B,3,not modeled,s004,mid,hu,mid,-3610.43,-36.1043,-3610.43,0,0,0,0,0,0,0,0,0
dogs_playing_poker,Dogs Playing Poker,base,B,6,proc,s004,mid,hu,mid,-3610.43,-36.1043,-3610.43,0,0,0,0,0,0,0,0,0
dogs_playing_poker,Dogs Playing Poker,corrupt,B,3,proc,s004,mid,hu,mid,-3610.43,-36.1043,-3610.43,0,0,0,0,0,0,0,0,0
calculator,Calculator,base,B,7,modeled,s004,mid,hu,mid,-3610.43,-36.1043,-3018.3642233684,592.0657766315999,296032.8883157999,42290.41261654284,5.920657766316001,2960.328883158001,422.90412616542875,1.9321166435230994,0.044366197183100003,0.16398760719127636
calculator,Calculator,corrupt,B,4,modeled,s004,mid,hu,mid,-3610.43,-36.1043,1098.4502580631,4708.8802580631,2354440.12903155,588610.0322578875,47.088802580631004,23544.4012903155,5886.100322578875,21.679723934602002,0.35480769230769005,1.3042436103353618
ring_binder,Ring Binder,base,B,7,not modeled,s004,mid,hu,mid,-3610.43,-36.1043,-3610.43,0,0,0,0,0,0,0,0,0
ring_binder,Ring Binder,corrupt,B,4,not modeled,s004,mid,hu,mid,-3610.43,-36.1043,-3610.43,0,0,0,0,0,0,0,0,0
space_heater,Space Heater,base,B,8,modeled,s004,mid,hu,mid,-3610.43,-36.1043,-2782.844,827.5859999999998,413793,51724.125,8.275860000000002,4137.93,517.24125,0,0,0.22922089612594618
space_heater,Space Heater,corrupt,B,8,modeled,s004,mid,hu,mid,-3610.43,-36.1043,-11886.29,-8275.86,-4137930,-517241.25,-82.7586,-41379.299999999996,-5172.412499999999,0,0,-2.2922089612594623
pencil_holder,Pencil Holder,base,B,8,not modeled,s004,mid,hu,mid,-3610.43,-36.1043,-3610.43,0,0,0,0,0,0,0,0,0
pencil_holder,Pencil Holder,corrupt,B,4,not modeled,s004,mid,hu,mid,-3610.43,-36.1043,-3610.43,0,0,0,0,0,0,0,0,0
bonsai,Bonsai,base,B,10,not modeled,s004,mid,hu,mid,-3610.43,-36.1043,-3610.43,0,0,0,0,0,0,0,0,0
bonsai,Bonsai,corrupt,B,5,not modeled,s004,mid,hu,mid,-3610.43,-36.1043,-3610.43,0,0,0,0,0,0,0,0,0
desk_plant,Desk Plant,base,B,8,modeled,s004,mid,hu,mid,-3610.43,-36.1043,-3610.43,0,0,0,0,0,0,0,0,0
desk_plant,Desk Plant,corrupt,B,5,modeled,s004,mid,hu,mid,-3610.43,-36.1043,-3610.43,0,0,0,0,0,0,0,0,0
desk,Desk,base,B,9,not modeled,s004,mid,hu,mid,-3610.43,-36.1043,-3610.43,0,0,0,0,0,0,0,0,0
desk,Desk,corrupt,B,5,not modeled,s004,mid,hu,mid,-3610.43,-36.1043,-3610.43,0,0,0,0,0,0,0,0,0
rebuy_sticky_note,Rebuy Sticky Note,base,B,10,not modeled,s004,mid,hu,mid,-3610.43,-36.1043,-3610.43,0,0,0,0,0,0,0,0,0
rebuy_sticky_note,Rebuy Sticky Note,corrupt,B,5,not modeled,s004,mid,hu,mid,-3610.43,-36.1043,-3610.43,0,0,0,0,0,0,0,0,0
gaming_chair,Gaming Chair,base,B,10,proc,s004,mid,hu,mid,-3610.43,-36.1043,-3610.43,0,0,0,0,0,0,0,0,0
gaming_chair,Gaming Chair,corrupt,B,5,partial,s004,mid,hu,mid,-3610.43,-36.1043,-5265.602,-1655.172,-827586,-165517.2,-16.551719999999996,-8275.859999999997,-1655.1719999999993,0,0,-0.45844179225189247
headset,Headset,base,B,6,modeled,s004,mid,hu,mid,-3610.43,-36.1043,-3610.43,0,0,0,0,0,0,0,0,0
headset,Headset,corrupt,B,5,modeled,s004,mid,hu,mid,-3610.43,-36.1043,-3610.43,0,0,0,0,0,0,0,0,0
prize_vase,Prize Vase,base,C,12,proc,s004,mid,hu,mid,-3610.43,-36.1043,-3610.43,0,0,0,0,0,0,0,0,0
prize_vase,Prize Vase,corrupt,C,6,proc,s004,mid,hu,mid,-3610.43,-36.1043,-3610.43,0,0,0,0,0,0,0,0,0
compact_fridge,Compact Fridge,base,B,12,not modeled,s004,mid,hu,mid,-3610.43,-36.1043,-3610.43,0,0,0,0,0,0,0,0,0
compact_fridge,Compact Fridge,corrupt,B,6,not modeled,s004,mid,hu,mid,-3610.43,-36.1043,-3610.43,0,0,0,0,0,0,0,0,0
wall_clock,Wall Clock,base,B,12,proc,s004,mid,hu,mid,-3610.43,-36.1043,-3610.43,0,0,0,0,0,0,0,0,0
wall_clock,Wall Clock,corrupt,B,7,partial,s004,mid,hu,mid,-3610.43,-36.1043,-5679.395,-2068.9650000000006,-1034482.5,-147783.2142857143,-20.68965,-10344.824999999997,-1477.8321428571423,0,0,-0.5730522403148657
house_cat,House Cat,base,B,8,proc,s004,mid,hu,mid,-3610.43,-36.1043,-3610.43,0,0,0,0,0,0,0,0,0
house_cat,House Cat,corrupt,B,4,proc,s004,mid,hu,mid,-3610.43,-36.1043,-3610.43,0,0,0,0,0,0,0,0,0
candle,Candle,base,B,7,proc,s004,mid,hu,mid,-3610.43,-36.1043,-3610.43,0,0,0,0,0,0,0,0,0
dusty_console,Dusty Console,base,B,5,modeled,s004,mid,hu,mid,-3610.43,-36.1043,-3314.249,296.18100000000004,148090.50000000023,29618.100000000046,2.96181,1480.9050000000025,296.1810000000005,0.96,0.03,0.08203482687657704
handheld,Handheld,base,B,5,modeled,s004,mid,hu,mid,-3610.43,-36.1043,-3610.43,0,0,0,0,0,0,0,0,0
red_rug,Red Rug,base,B,8,modeled,s004,mid,hu,mid,-3610.43,-36.1043,-3610.43,0,0,0,0,0,0,0,0,0
dish_soap,Dish Soap,base,B,12,proc,s004,mid,hu,mid,-3610.43,-36.1043,-3610.43,0,0,0,0,0,0,0,0,0
rolled_vouchers,Rolled Vouchers,base,C,9,proc,s004,mid,hu,mid,-3610.43,-36.1043,-3610.43,0,0,0,0,0,0,0,0,0
rolled_vouchers,Rolled Vouchers,corrupt,C,5,proc,s004,mid,hu,mid,-3610.43,-36.1043,-3610.43,0,0,0,0,0,0,0,0,0
second_monitor,Second Monitor,base,C,10,modeled,s004,mid,hu,mid,-3610.43,-36.1043,-3610.43,0,0,0,0,0,0,0,0,0
second_monitor,Second Monitor,corrupt,C,6,modeled,s004,mid,hu,mid,-3610.43,-36.1043,-3610.43,0,0,0,0,0,0,0,0,0
laptop_terminal,Laptop Terminal,base,D,12,not modeled,s004,mid,hu,mid,-3610.43,-36.1043,-3610.43,0,0,0,0,0,0,0,0,0
laptop_terminal,Laptop Terminal,corrupt,D,6,not modeled,s004,mid,hu,mid,-3610.43,-36.1043,-3610.43,0,0,0,0,0,0,0,0,0
gaming_keyboard,Gaming Keyboard,base,D,12,not modeled,s004,mid,hu,mid,-3610.43,-36.1043,-3610.43,0,0,0,0,0,0,0,0,0
gaming_keyboard,Gaming Keyboard,corrupt,D,6,not modeled,s004,mid,hu,mid,-3610.43,-36.1043,-3610.43,0,0,0,0,0,0,0,0,0
box_of_mice,Box of Mice,base,D,13,not modeled,s004,mid,hu,mid,-3610.43,-36.1043,-3610.43,0,0,0,0,0,0,0,0,0
box_of_mice,Box of Mice,corrupt,D,7,not modeled,s004,mid,hu,mid,-3610.43,-36.1043,-3610.43,0,0,0,0,0,0,0,0,0
wacom_tablet,Wacom Tablet,base,D,13,not modeled,s004,mid,hu,mid,-3610.43,-36.1043,-3610.43,0,0,0,0,0,0,0,0,0
wacom_tablet,Wacom Tablet,corrupt,D,7,not modeled,s004,mid,hu,mid,-3610.43,-36.1043,-3610.43,0,0,0,0,0,0,0,0,0
desk_lamp,Desk Lamp,base,D,10,not modeled,s004,mid,hu,mid,-3610.43,-36.1043,-3610.43,0,0,0,0,0,0,0,0,0
desk_lamp,Desk Lamp,corrupt,D,6,not modeled,s004,mid,hu,mid,-3610.43,-36.1043,-3610.43,0,0,0,0,0,0,0,0,0
telephone,Telephone,base,D,12,not modeled,s004,mid,hu,mid,-3610.43,-36.1043,-3610.43,0,0,0,0,0,0,0,0,0
glass_partition,Glass Partition,base,D,12,not modeled,s004,mid,hu,mid,-3610.43,-36.1043,-3610.43,0,0,0,0,0,0,0,0,0
electric_kettle,Electric Kettle,base,D,11,not modeled,s004,mid,hu,mid,-3610.43,-36.1043,-3610.43,0,0,0,0,0,0,0,0,0
electric_kettle,Electric Kettle,corrupt,D,8,not modeled,s004,mid,hu,mid,-3610.43,-36.1043,-3610.43,0,0,0,0,0,0,0,0,0
chrome_toaster,Chrome Toaster,base,D,14,not modeled,s004,mid,hu,mid,-3610.43,-36.1043,-3596.71,13.7199999999998,6860,490,0.1372,68.59999999999854,4.899999999999896,0.23999999999999977,0,0.0038001013729665996
chrome_toaster,Chrome Toaster,corrupt,D,8,not modeled,s004,mid,hu,mid,-3610.43,-36.1043,-3550.405,60.024999999999636,30012.5,3751.5625,0.6002500000000026,300.125,37.515625,1.0499999999999998,0,0.016625443506729017
first_aid_kit,First Aid Kit,base,D,16,proc,s004,mid,hu,mid,-3610.43,-36.1043,-3610.43,0,0,0,0,0,0,0,0,0
first_aid_kit,First Aid Kit,corrupt,D,8,partial,s004,mid,hu,mid,-3610.43,-36.1043,-3768.68,-158.25,-79125,-9890.625,-1.582499999999996,-791.2499999999964,-98.90624999999955,0,0,-0.043831344188919326
nightstand,Nightstand,base,D,13,proc,s004,mid,hu,mid,-3610.43,-36.1043,-3610.43,0,0,0,0,0,0,0,0,0
nightstand,Nightstand,corrupt,D,8,proc,s004,mid,hu,mid,-3610.43,-36.1043,-3610.43,0,0,0,0,0,0,0,0,0
receipt_printer,Receipt Printer,base,C,19,proc,s004,mid,hu,mid,-3610.43,-36.1043,-3610.43,0,0,0,0,0,0,0,0,0
receipt_printer,Receipt Printer,corrupt,C,9,proc,s004,mid,hu,mid,-3610.43,-36.1043,-3610.43,0,0,0,0,0,0,0,0,0
microwave_oven,Microwave Oven,base,D,18,proc,s004,mid,hu,mid,-3610.43,-36.1043,-3610.43,0,0,0,0,0,0,0,0,0
microwave_oven,Microwave Oven,corrupt,D,10,partial,s004,mid,hu,mid,-3610.43,-36.1043,-5679.395,-2068.9650000000006,-1034482.5,-103448.25,-20.68965,-10344.824999999997,-1034.4824999999996,0,0,-0.5730522403148657
framed_diploma,Framed Diploma,base,D,18,proc,s004,mid,hu,mid,-3610.43,-36.1043,-3610.43,0,0,0,0,0,0,0,0,0
framed_diploma,Framed Diploma,corrupt,D,9,partial,s004,mid,hu,mid,-3610.43,-36.1043,-3768.68,-158.25,-79125,-8791.666666666666,-1.582499999999996,-791.2499999999964,-87.91666666666626,0,0,-0.043831344188919326
laminated_blueprint,Laminated Blueprint,base,D,19,not modeled,s004,mid,hu,mid,-3610.43,-36.1043,-3610.43,0,0,0,0,0,0,0,0,0
laminated_blueprint,Laminated Blueprint,corrupt,D,10,not modeled,s004,mid,hu,mid,-3610.43,-36.1043,-3610.43,0,0,0,0,0,0,0,0,0
console_television,Console Television,base,D,26,proc,s004,mid,hu,mid,-3610.43,-36.1043,-3610.43,0,0,0,0,0,0,0,0,0
console_television,Console Television,corrupt,D,13,partial,s004,mid,hu,mid,-3610.43,-36.1043,-3874.18,-263.75,-131875,-10144.23076923077,-2.6374999999999957,-1318.7499999999964,-101.44230769230741,0,0,-0.07305224031486554
desk_speakers,Desk Speakers,base,C,10,modeled,s004,mid,hu,mid,-3610.43,-36.1043,-3610.43,0,0,0,0,0,0,0,0,0
desk_speakers,Desk Speakers,corrupt,C,6,modeled,s004,mid,hu,mid,-3610.43,-36.1043,-3610.43,0,0,0,0,0,0,0,0,0
curved_monitor,Curved Monitor,base,C,13,proc,s004,mid,hu,mid,-3610.43,-36.1043,-3610.43,0,0,0,0,0,0,0,0,0
curved_monitor,Curved Monitor,corrupt,C,7,partial,s004,mid,hu,mid,-3610.43,-36.1043,-5679.395,-2068.9650000000006,-1034482.5,-147783.2142857143,-20.68965,-10344.824999999997,-1477.8321428571423,0,0,-0.5730522403148657
tower_upgrade,Tower Upgrade,base,C,14,proc,s004,mid,hu,mid,-3610.43,-36.1043,-3610.43,0,0,0,0,0,0,0,0,0
tower_upgrade,Tower Upgrade,corrupt,C,5,partial,s004,mid,hu,mid,-3610.43,-36.1043,-3733.6895,-123.25950000000012,-61629.74999999977,-12325.949999999953,-1.2325949999999963,-616.297499999997,-123.25949999999939,0,0,-0.03413983929892011
copy_machine,Copy Machine,base,C,19,not modeled,s004,mid,hu,mid,-3610.43,-36.1043,-3610.43,0,0,0,0,0,0,0,0,0
whiteboard,Whiteboard,base,D,17,not modeled,s004,mid,hu,mid,-3610.43,-36.1043,-3610.43,0,0,0,0,0,0,0,0,0
high_roller_pass,High Roller Pass,base,D,19,not modeled,s004,mid,hu,mid,-3610.43,-36.1043,-3610.43,0,0,0,0,0,0,0,0,0
high_roller_pass,High Roller Pass,corrupt,D,9,partial,s004,mid,hu,mid,-3610.43,-36.1043,-5679.395,-2068.9650000000006,-1034482.5,-114942.5,-20.68965,-10344.824999999997,-1149.4249999999997,0,0,-0.5730522403148657
window,Window,base,D,20,proc,s004,mid,hu,mid,-3610.43,-36.1043,-3610.43,0,0,0,0,0,0,0,0,0
window,Window,corrupt,D,10,partial,s004,mid,hu,mid,-3610.43,-36.1043,-5679.395,-2068.9650000000006,-1034482.5,-103448.25,-20.68965,-10344.824999999997,-1034.4824999999996,0,0,-0.5730522403148657
bookshelf,Bookshelf,base,D,22,modeled,s004,mid,hu,mid,-3610.43,-36.1043,-3610.43,0,0,0,0,0,0,0,0,0
bookshelf,Bookshelf,corrupt,D,11,modeled,s004,mid,hu,mid,-3610.43,-36.1043,-3610.43,0,0,0,0,0,0,0,0,0
cereal_shelf,Cereal Shelf,base,D,24,not modeled,s004,mid,hu,mid,-3610.43,-36.1043,-3610.43,0,0,0,0,0,0,0,0,0
cereal_shelf,Cereal Shelf,corrupt,D,12,not modeled,s004,mid,hu,mid,-3610.43,-36.1043,-3610.43,0,0,0,0,0,0,0,0,0
fire_extinguisher,Fire Extinguisher,base,D,24,proc,s004,mid,hu,mid,-3610.43,-36.1043,-3610.43,0,0,0,0,0,0,0,0,0
fire_extinguisher,Fire Extinguisher,corrupt,D,12,partial,s004,mid,hu,mid,-3610.43,-36.1043,-3742.305,-131.875,-65937.5,-5494.791666666667,-1.3187500000000014,-659.375,-54.947916666666664,0,0,-0.03652612015743277
blackout_curtains,Blackout Curtains,base,D,24,proc,s004,mid,hu,mid,-3610.43,-36.1043,-3610.43,0,0,0,0,0,0,0,0,0
blackout_curtains,Blackout Curtains,corrupt,D,12,partial,s004,mid,hu,mid,-3610.43,-36.1043,-6093.188,-2482.7580000000003,-1241379,-103448.25,-24.827579999999998,-12413.79,-1034.4825,0,0,-0.6876626883778387
tip_jar,Tip Jar,base,D,24,not modeled,s004,mid,hu,mid,-3610.43,-36.1043,-3610.43,0,0,0,0,0,0,0,0,0
tip_jar,Tip Jar,corrupt,D,12,not modeled,s004,mid,hu,mid,-3610.43,-36.1043,-3610.43,0,0,0,0,0,0,0,0,0
shredder,Shredder,base,D,18,proc,s004,mid,hu,mid,-3610.43,-36.1043,-3610.43,0,0,0,0,0,0,0,0,0
shredder,Shredder,corrupt,D,9,partial,s004,mid,hu,mid,-3610.43,-36.1043,-3768.68,-158.25,-79125,-8791.666666666666,-1.582499999999996,-791.2499999999964,-87.91666666666626,0,0,-0.043831344188919326
cool_towel,Cool Towel,base,D,16,proc,s004,mid,hu,mid,-3610.43,-36.1043,-3610.43,0,0,0,0,0,0,0,0,0
waste_basket,Waste Basket,base,D,18,proc,s004,mid,hu,mid,-3610.43,-36.1043,-3610.43,0,0,0,0,0,0,0,0,0
waste_basket,Waste Basket,corrupt,D,9,proc,s004,mid,hu,mid,-3610.43,-36.1043,-3610.43,0,0,0,0,0,0,0,0,0
cleaning_robot,Cleaning Robot,base,D,24,proc,s004,mid,hu,mid,-3610.43,-36.1043,-3610.43,0,0,0,0,0,0,0,0,0
wall_hanger,Wall Hanger,base,A,2,modeled,s004,mid,hu,capped,-2268.6,-22.686,-2132.6,136,68000,34000,1.3599999999999994,680,340,0,0,0.059948867142731205
wall_hanger,Wall Hanger,corrupt,A,2,modeled,s004,mid,hu,capped,-2268.6,-22.686,451.4,2720,1360000,680000,27.2,13600,6800,0,0,1.198977342854624
mirror,Mirror,base,A,3,modeled,s004,mid,hu,capped,-2268.6,-22.686,-1268.15,1000.4499999999998,500225,166741.66666666666,10.0045,5002.25,1667.4166666666667,4,0.09999999999999998,0.44099885391871635
mirror,Mirror,corrupt,A,2,modeled,s004,mid,hu,capped,-2268.6,-22.686,1232.975,3501.575,1750787.5,875393.75,35.01575,17507.875,8753.9375,14,0.35000000000000003,1.5434959887155073
fight_night_poster,Fight Night Poster,base,A,4,not modeled,s004,mid,hu,capped,-2268.6,-22.686,-2268.6,0,0,0,0,0,0,0,0,0
fight_night_poster,Fight Night Poster,corrupt,A,3,not modeled,s004,mid,hu,capped,-2268.6,-22.686,-2268.6,0,0,0,0,0,0,0,0,0
energy_drink,Energy Drink,base,A,3,proc,s004,mid,hu,capped,-2268.6,-22.686,-2268.6,0,0,0,0,0,0,0,0,0
energy_drink,Energy Drink,corrupt,A,2,proc,s004,mid,hu,capped,-2268.6,-22.686,-2268.6,0,0,0,0,0,0,0,0,0
corkboard,Corkboard,base,A,4,modeled,s004,mid,hu,capped,-2268.6,-22.686,-1768.375,500.2249999999999,250112.5,62528.125,5.00225,2501.125,625.28125,2,0.04999999999999999,0.22049942695935817
corkboard,Corkboard,corrupt,A,2,modeled,s004,mid,hu,capped,-2268.6,-22.686,-267.7,2000.8999999999999,1000450,500225,20.009,10004.5,5002.25,8,0.2,0.8819977078374327
stack_of_books,Stack of Books,base,A,4,modeled,s004,mid,hu,capped,-2268.6,-22.686,-2246.6,22,11000,2750,0.21999999999999886,110,27.5,0,0,0.009697610861324165
stack_of_books,Stack of Books,corrupt,A,3,modeled,s004,mid,hu,capped,-2268.6,-22.686,-2229,39.59999999999991,19800,6600,0.3960000000000008,198,66,0,0,0.017455699550383456
throw_pillow,Throw Pillow,base,A,4,modeled,s004,mid,hu,capped,-2268.6,-22.686,-2169.7,98.90000000000009,49450.00000000023,12362.500000000058,0.9890000000000008,494.5,123.625,0,0,0.04359516882658913
throw_pillow,Throw Pillow,corrupt,A,2,modeled,s004,mid,hu,capped,-2268.6,-22.686,-2735.96,-467.3600000000001,-233680,-116840,-4.6736,-2336.7999999999993,-1168.3999999999996,0,0,-0.20601251873402104
starter_gift_box,Starter Gift Box,base,A,4,not modeled,s004,mid,hu,capped,-2268.6,-22.686,-2268.6,0,0,0,0,0,0,0,0,0
starter_gift_box,Starter Gift Box,corrupt,A,3,not modeled,s004,mid,hu,capped,-2268.6,-22.686,-2268.6,0,0,0,0,0,0,0,0,0
lava_lamp,Lava Lamp,base,A,5,modeled,s004,mid,hu,capped,-2268.6,-22.686,-2257.35,11.25,5625,1125,0.11250000000000071,56.25000000000182,11.250000000000364,0,0,0.004959005554086221
lava_lamp,Lava Lamp,corrupt,A,3,modeled,s004,mid,hu,capped,-2268.6,-22.686,-2234.85,33.75,16875,5625,0.3374999999999986,168.75,56.25,0,0,0.014877016662258663
comfort_bed,Comfort Bed,base,A,4,modeled,s004,mid,hu,capped,-2268.6,-22.686,-2001.9,266.6999999999998,133350,33337.5,2.6670000000000016,1333.5000000000018,333.37500000000045,0,0,0.11756149166887059
comfort_bed,Comfort Bed,corrupt,A,2,not modeled,s004,mid,hu,capped,-2268.6,-22.686,-2268.6,0,0,0,0,0,0,0,0,0
yellow_sticky_note,Yellow Sticky Note,base,A,5,modeled,s004,mid,hu,capped,-2268.6,-22.686,-1981.85,286.75,143375,28675,2.8674999999999997,1433.75,286.75,0,0,0.12639954156748656
yellow_sticky_note,Yellow Sticky Note,corrupt,A,4,modeled,s004,mid,hu,capped,-2268.6,-22.686,1172.4,3441,1720500,430125,34.41,17205,4301.25,0,0,1.5167944988098387
rubber_duck,Rubber Duck,base,A,5,not modeled,s004,mid,hu,capped,-2268.6,-22.686,-2268.6,0,0,0,0,0,0,0,0,0
rubber_duck,Rubber Duck,corrupt,A,2,modeled,s004,mid,hu,capped,-2268.6,-22.686,-2919.6,-651,-325500,-162750,-6.510000000000002,-3255,-1627.5,0,0,-0.28696112139645596
stash_box,Stash Box,base,B,6,not modeled,s004,mid,hu,capped,-2268.6,-22.686,-2268.6,0,0,0,0,0,0,0,0,0
stash_box,Stash Box,corrupt,B,3,not modeled,s004,mid,hu,capped,-2268.6,-22.686,-2268.6,0,0,0,0,0,0,0,0,0
dogs_playing_poker,Dogs Playing Poker,base,B,6,proc,s004,mid,hu,capped,-2268.6,-22.686,-2268.6,0,0,0,0,0,0,0,0,0
dogs_playing_poker,Dogs Playing Poker,corrupt,B,3,proc,s004,mid,hu,capped,-2268.6,-22.686,-2268.6,0,0,0,0,0,0,0,0,0
calculator,Calculator,base,B,7,modeled,s004,mid,hu,capped,-2268.6,-22.686,-1758.6178125,509.9821875,254991.09375,36427.299107142855,5.099821875,2549.9109375000007,364.2729910714287,2.2125000000000004,0.03749999999999998,0.22480040002644805
calculator,Calculator,corrupt,B,4,modeled,s004,mid,hu,capped,-2268.6,-22.686,2539.6143617021,4808.214361702099,2404107.1808510497,601026.7952127624,48.082143617021,24041.0718085105,6010.267952127625,25.541666666667,0.37499999999999994,2.1194632644371416
ring_binder,Ring Binder,base,B,7,not modeled,s004,mid,hu,capped,-2268.6,-22.686,-2268.6,0,0,0,0,0,0,0,0,0
ring_binder,Ring Binder,corrupt,B,4,not modeled,s004,mid,hu,capped,-2268.6,-22.686,-2268.6,0,0,0,0,0,0,0,0,0
space_heater,Space Heater,base,B,8,modeled,s004,mid,hu,capped,-2268.6,-22.686,-1585.48,683.1199999999999,341560,42695,6.831200000000001,3415.6000000000004,426.95000000000005,0,0,0.3011196332539892
space_heater,Space Heater,corrupt,B,8,modeled,s004,mid,hu,capped,-2268.6,-22.686,-9099.8,-6831.199999999999,-3415599.999999999,-426949.9999999999,-68.31200000000001,-34156,-4269.5,0,0,-3.011196332539892
pencil_holder,Pencil Holder,base,B,8,not modeled,s004,mid,hu,capped,-2268.6,-22.686,-2268.6,0,0,0,0,0,0,0,0,0
pencil_holder,Pencil Holder,corrupt,B,4,not modeled,s004,mid,hu,capped,-2268.6,-22.686,-2268.6,0,0,0,0,0,0,0,0,0
bonsai,Bonsai,base,B,10,not modeled,s004,mid,hu,capped,-2268.6,-22.686,-2268.6,0,0,0,0,0,0,0,0,0
bonsai,Bonsai,corrupt,B,5,not modeled,s004,mid,hu,capped,-2268.6,-22.686,-2268.6,0,0,0,0,0,0,0,0,0
desk_plant,Desk Plant,base,B,8,modeled,s004,mid,hu,capped,-2268.6,-22.686,-2268.6,0,0,0,0,0,0,0,0,0
desk_plant,Desk Plant,corrupt,B,5,modeled,s004,mid,hu,capped,-2268.6,-22.686,-2268.6,0,0,0,0,0,0,0,0,0
desk,Desk,base,B,9,not modeled,s004,mid,hu,capped,-2268.6,-22.686,-2268.6,0,0,0,0,0,0,0,0,0
desk,Desk,corrupt,B,5,not modeled,s004,mid,hu,capped,-2268.6,-22.686,-2268.6,0,0,0,0,0,0,0,0,0
rebuy_sticky_note,Rebuy Sticky Note,base,B,10,not modeled,s004,mid,hu,capped,-2268.6,-22.686,-2268.6,0,0,0,0,0,0,0,0,0
rebuy_sticky_note,Rebuy Sticky Note,corrupt,B,5,not modeled,s004,mid,hu,capped,-2268.6,-22.686,-2268.6,0,0,0,0,0,0,0,0,0
gaming_chair,Gaming Chair,base,B,10,proc,s004,mid,hu,capped,-2268.6,-22.686,-2268.6,0,0,0,0,0,0,0,0,0
gaming_chair,Gaming Chair,corrupt,B,5,partial,s004,mid,hu,capped,-2268.6,-22.686,-3634.84,-1366.2400000000002,-683120,-136624,-13.662399999999998,-6831.199999999997,-1366.2399999999993,0,0,-0.6022392665079787
headset,Headset,base,B,6,modeled,s004,mid,hu,capped,-2268.6,-22.686,-2268.6,0,0,0,0,0,0,0,0,0
headset,Headset,corrupt,B,5,modeled,s004,mid,hu,capped,-2268.6,-22.686,-2268.6,0,0,0,0,0,0,0,0,0
prize_vase,Prize Vase,base,C,12,proc,s004,mid,hu,capped,-2268.6,-22.686,-2268.6,0,0,0,0,0,0,0,0,0
prize_vase,Prize Vase,corrupt,C,6,proc,s004,mid,hu,capped,-2268.6,-22.686,-2268.6,0,0,0,0,0,0,0,0,0
compact_fridge,Compact Fridge,base,B,12,not modeled,s004,mid,hu,capped,-2268.6,-22.686,-2268.6,0,0,0,0,0,0,0,0,0
compact_fridge,Compact Fridge,corrupt,B,6,not modeled,s004,mid,hu,capped,-2268.6,-22.686,-2268.6,0,0,0,0,0,0,0,0,0
wall_clock,Wall Clock,base,B,12,proc,s004,mid,hu,capped,-2268.6,-22.686,-2268.6,0,0,0,0,0,0,0,0,0
wall_clock,Wall Clock,corrupt,B,7,partial,s004,mid,hu,capped,-2268.6,-22.686,-3976.4,-1707.8000000000002,-853900,-121985.71428571429,-17.078000000000003,-8539.000000000004,-1219.8571428571433,0,0,-0.7527990831349732
house_cat,House Cat,base,B,8,proc,s004,mid,hu,capped,-2268.6,-22.686,-2268.6,0,0,0,0,0,0,0,0,0
house_cat,House Cat,corrupt,B,4,proc,s004,mid,hu,capped,-2268.6,-22.686,-2268.6,0,0,0,0,0,0,0,0,0
candle,Candle,base,B,7,proc,s004,mid,hu,capped,-2268.6,-22.686,-2268.6,0,0,0,0,0,0,0,0,0
dusty_console,Dusty Console,base,B,5,modeled,s004,mid,hu,capped,-2268.6,-22.686,-1968.465,300.135,150067.5,30013.5,3.0013499999999986,1500.6749999999993,300.1349999999999,1.1999999999999993,0.03,0.13229965617561493
handheld,Handheld,base,B,5,modeled,s004,mid,hu,capped,-2268.6,-22.686,-2268.6,0,0,0,0,0,0,0,0,0
red_rug,Red Rug,base,B,8,modeled,s004,mid,hu,capped,-2268.6,-22.686,-2268.6,0,0,0,0,0,0,0,0,0
dish_soap,Dish Soap,base,B,12,proc,s004,mid,hu,capped,-2268.6,-22.686,-2268.6,0,0,0,0,0,0,0,0,0
rolled_vouchers,Rolled Vouchers,base,C,9,proc,s004,mid,hu,capped,-2268.6,-22.686,-2268.6,0,0,0,0,0,0,0,0,0
rolled_vouchers,Rolled Vouchers,corrupt,C,5,proc,s004,mid,hu,capped,-2268.6,-22.686,-2268.6,0,0,0,0,0,0,0,0,0
second_monitor,Second Monitor,base,C,10,modeled,s004,mid,hu,capped,-2268.6,-22.686,-2268.6,0,0,0,0,0,0,0,0,0
second_monitor,Second Monitor,corrupt,C,6,modeled,s004,mid,hu,capped,-2268.6,-22.686,-2268.6,0,0,0,0,0,0,0,0,0
laptop_terminal,Laptop Terminal,base,D,12,not modeled,s004,mid,hu,capped,-2268.6,-22.686,-2268.6,0,0,0,0,0,0,0,0,0
laptop_terminal,Laptop Terminal,corrupt,D,6,not modeled,s004,mid,hu,capped,-2268.6,-22.686,-2268.6,0,0,0,0,0,0,0,0,0
gaming_keyboard,Gaming Keyboard,base,D,12,not modeled,s004,mid,hu,capped,-2268.6,-22.686,-2268.6,0,0,0,0,0,0,0,0,0
gaming_keyboard,Gaming Keyboard,corrupt,D,6,not modeled,s004,mid,hu,capped,-2268.6,-22.686,-2268.6,0,0,0,0,0,0,0,0,0
box_of_mice,Box of Mice,base,D,13,not modeled,s004,mid,hu,capped,-2268.6,-22.686,-2268.6,0,0,0,0,0,0,0,0,0
box_of_mice,Box of Mice,corrupt,D,7,not modeled,s004,mid,hu,capped,-2268.6,-22.686,-2268.6,0,0,0,0,0,0,0,0,0
wacom_tablet,Wacom Tablet,base,D,13,not modeled,s004,mid,hu,capped,-2268.6,-22.686,-2268.6,0,0,0,0,0,0,0,0,0
wacom_tablet,Wacom Tablet,corrupt,D,7,not modeled,s004,mid,hu,capped,-2268.6,-22.686,-2268.6,0,0,0,0,0,0,0,0,0
desk_lamp,Desk Lamp,base,D,10,not modeled,s004,mid,hu,capped,-2268.6,-22.686,-2268.6,0,0,0,0,0,0,0,0,0
desk_lamp,Desk Lamp,corrupt,D,6,not modeled,s004,mid,hu,capped,-2268.6,-22.686,-2268.6,0,0,0,0,0,0,0,0,0
telephone,Telephone,base,D,12,not modeled,s004,mid,hu,capped,-2268.6,-22.686,-2268.6,0,0,0,0,0,0,0,0,0
glass_partition,Glass Partition,base,D,12,not modeled,s004,mid,hu,capped,-2268.6,-22.686,-2268.6,0,0,0,0,0,0,0,0,0
electric_kettle,Electric Kettle,base,D,11,not modeled,s004,mid,hu,capped,-2268.6,-22.686,-2268.6,0,0,0,0,0,0,0,0,0
electric_kettle,Electric Kettle,corrupt,D,8,not modeled,s004,mid,hu,capped,-2268.6,-22.686,-2268.6,0,0,0,0,0,0,0,0,0
chrome_toaster,Chrome Toaster,base,D,14,not modeled,s004,mid,hu,capped,-2268.6,-22.686,-2245.96,22.639999999999873,11320,808.5714285714286,0.2264000000000017,113.20000000000073,8.085714285714337,0.4800000000000004,0,0.009979723177289903
chrome_toaster,Chrome Toaster,corrupt,D,8,not modeled,s004,mid,hu,capped,-2268.6,-22.686,-2169.55,99.04999999999973,49525,6190.625,0.9905000000000008,495.25,61.90625,2.0999999999999996,0,0.04366128890064345
first_aid_kit,First Aid Kit,base,D,16,proc,s004,mid,hu,capped,-2268.6,-22.686,-2268.6,0,0,0,0,0,0,0,0,0
first_aid_kit,First Aid Kit,corrupt,D,8,partial,s004,mid,hu,capped,-2268.6,-22.686,-2612.7,-344.0999999999999,-172050,-21506.25,-3.440999999999999,-1720.5,-215.0625,0,0,-0.15167944988098384
nightstand,Nightstand,base,D,13,proc,s004,mid,hu,capped,-2268.6,-22.686,-2268.6,0,0,0,0,0,0,0,0,0
nightstand,Nightstand,corrupt,D,8,proc,s004,mid,hu,capped,-2268.6,-22.686,-2268.6,0,0,0,0,0,0,0,0,0
receipt_printer,Receipt Printer,base,C,19,proc,s004,mid,hu,capped,-2268.6,-22.686,-2268.6,0,0,0,0,0,0,0,0,0
receipt_printer,Receipt Printer,corrupt,C,9,proc,s004,mid,hu,capped,-2268.6,-22.686,-2268.6,0,0,0,0,0,0,0,0,0
microwave_oven,Microwave Oven,base,D,18,proc,s004,mid,hu,capped,-2268.6,-22.686,-2268.6,0,0,0,0,0,0,0,0,0
microwave_oven,Microwave Oven,corrupt,D,10,partial,s004,mid,hu,capped,-2268.6,-22.686,-3976.4,-1707.8000000000002,-853900,-85390,-17.078000000000003,-8539.000000000004,-853.9000000000003,0,0,-0.7527990831349732
framed_diploma,Framed Diploma,base,D,18,proc,s004,mid,hu,capped,-2268.6,-22.686,-2268.6,0,0,0,0,0,0,0,0,0
framed_diploma,Framed Diploma,corrupt,D,9,partial,s004,mid,hu,capped,-2268.6,-22.686,-2612.7,-344.0999999999999,-172050,-19116.666666666668,-3.440999999999999,-1720.5,-191.16666666666666,0,0,-0.15167944988098384
laminated_blueprint,Laminated Blueprint,base,D,19,not modeled,s004,mid,hu,capped,-2268.6,-22.686,-2268.6,0,0,0,0,0,0,0,0,0
laminated_blueprint,Laminated Blueprint,corrupt,D,10,not modeled,s004,mid,hu,capped,-2268.6,-22.686,-2268.6,0,0,0,0,0,0,0,0,0
console_television,Console Television,base,D,26,proc,s004,mid,hu,capped,-2268.6,-22.686,-2268.6,0,0,0,0,0,0,0,0,0
console_television,Console Television,corrupt,D,13,partial,s004,mid,hu,capped,-2268.6,-22.686,-2842.1,-573.5,-286750,-22057.69230769231,-5.734999999999999,-2867.499999999998,-220.57692307692292,0,0,-0.2527990831349731
desk_speakers,Desk Speakers,base,C,10,modeled,s004,mid,hu,capped,-2268.6,-22.686,-2268.6,0,0,0,0,0,0,0,0,0
desk_speakers,Desk Speakers,corrupt,C,6,modeled,s004,mid,hu,capped,-2268.6,-22.686,-2268.6,0,0,0,0,0,0,0,0,0
curved_monitor,Curved Monitor,base,C,13,proc,s004,mid,hu,capped,-2268.6,-22.686,-2268.6,0,0,0,0,0,0,0,0,0
curved_monitor,Curved Monitor,corrupt,C,7,partial,s004,mid,hu,capped,-2268.6,-22.686,-3976.4,-1707.8000000000002,-853900,-121985.71428571429,-17.078000000000003,-8539.000000000004,-1219.8571428571433,0,0,-0.7527990831349732
tower_upgrade,Tower Upgrade,base,C,14,proc,s004,mid,hu,capped,-2268.6,-22.686,-2268.6,0,0,0,0,0,0,0,0,0
tower_upgrade,Tower Upgrade,corrupt,C,5,partial,s004,mid,hu,capped,-2268.6,-22.686,-2370.94,-102.34000000000015,-51170,-10234,-1.0233999999999988,-511.6999999999989,-102.33999999999978,0,0,-0.045111522524905294
copy_machine,Copy Machine,base,C,19,not modeled,s004,mid,hu,capped,-2268.6,-22.686,-2268.6,0,0,0,0,0,0,0,0,0
whiteboard,Whiteboard,base,D,17,not modeled,s004,mid,hu,capped,-2268.6,-22.686,-2268.6,0,0,0,0,0,0,0,0,0
high_roller_pass,High Roller Pass,base,D,19,not modeled,s004,mid,hu,capped,-2268.6,-22.686,-2268.6,0,0,0,0,0,0,0,0,0
high_roller_pass,High Roller Pass,corrupt,D,9,partial,s004,mid,hu,capped,-2268.6,-22.686,-3976.4,-1707.8000000000002,-853900,-94877.77777777778,-17.078000000000003,-8539.000000000004,-948.7777777777782,0,0,-0.7527990831349732
window,Window,base,D,20,proc,s004,mid,hu,capped,-2268.6,-22.686,-2268.6,0,0,0,0,0,0,0,0,0
window,Window,corrupt,D,10,partial,s004,mid,hu,capped,-2268.6,-22.686,-3976.4,-1707.8000000000002,-853900,-85390,-17.078000000000003,-8539.000000000004,-853.9000000000003,0,0,-0.7527990831349732
bookshelf,Bookshelf,base,D,22,modeled,s004,mid,hu,capped,-2268.6,-22.686,-2268.6,0,0,0,0,0,0,0,0,0
bookshelf,Bookshelf,corrupt,D,11,modeled,s004,mid,hu,capped,-2268.6,-22.686,-2268.6,0,0,0,0,0,0,0,0,0
cereal_shelf,Cereal Shelf,base,D,24,not modeled,s004,mid,hu,capped,-2268.6,-22.686,-2268.6,0,0,0,0,0,0,0,0,0
cereal_shelf,Cereal Shelf,corrupt,D,12,not modeled,s004,mid,hu,capped,-2268.6,-22.686,-2268.6,0,0,0,0,0,0,0,0,0
fire_extinguisher,Fire Extinguisher,base,D,24,proc,s004,mid,hu,capped,-2268.6,-22.686,-2268.6,0,0,0,0,0,0,0,0,0
fire_extinguisher,Fire Extinguisher,corrupt,D,12,partial,s004,mid,hu,capped,-2268.6,-22.686,-2555.35,-286.75,-143375,-11947.916666666666,-2.8674999999999997,-1433.75,-119.47916666666667,0,0,-0.12639954156748656
blackout_curtains,Blackout Curtains,base,D,24,proc,s004,mid,hu,capped,-2268.6,-22.686,-2268.6,0,0,0,0,0,0,0,0,0
blackout_curtains,Blackout Curtains,corrupt,D,12,partial,s004,mid,hu,capped,-2268.6,-22.686,-4317.96,-2049.36,-1024680,-85390,-20.4936,-10246.8,-853.9,0,0,-0.9033588997619678
tip_jar,Tip Jar,base,D,24,not modeled,s004,mid,hu,capped,-2268.6,-22.686,-2268.6,0,0,0,0,0,0,0,0,0
tip_jar,Tip Jar,corrupt,D,12,not modeled,s004,mid,hu,capped,-2268.6,-22.686,-2268.6,0,0,0,0,0,0,0,0,0
shredder,Shredder,base,D,18,proc,s004,mid,hu,capped,-2268.6,-22.686,-2268.6,0,0,0,0,0,0,0,0,0
shredder,Shredder,corrupt,D,9,partial,s004,mid,hu,capped,-2268.6,-22.686,-2612.7,-344.0999999999999,-172050,-19116.666666666668,-3.440999999999999,-1720.5,-191.16666666666666,0,0,-0.15167944988098384
cool_towel,Cool Towel,base,D,16,proc,s004,mid,hu,capped,-2268.6,-22.686,-2268.6,0,0,0,0,0,0,0,0,0
waste_basket,Waste Basket,base,D,18,proc,s004,mid,hu,capped,-2268.6,-22.686,-2268.6,0,0,0,0,0,0,0,0,0
waste_basket,Waste Basket,corrupt,D,9,proc,s004,mid,hu,capped,-2268.6,-22.686,-2268.6,0,0,0,0,0,0,0,0,0
cleaning_robot,Cleaning Robot,base,D,24,proc,s004,mid,hu,capped,-2268.6,-22.686,-2268.6,0,0,0,0,0,0,0,0,0
wall_hanger,Wall Hanger,base,A,2,modeled,s004,mid,zoom,naked,-2500.7714285714,-25.007714285714,-2500.7714285714,0,0,0,0,0,0,0,0,0
wall_hanger,Wall Hanger,corrupt,A,2,modeled,s004,mid,zoom,naked,-2500.7714285714,-25.007714285714,-2500.7714285714,0,0,0,0,0,0,0,0,0
mirror,Mirror,base,A,3,modeled,s004,mid,zoom,naked,-2500.7714285714,-25.007714285714,-2500.7714285714,0,0,0,0,0,0,0,0,0
mirror,Mirror,corrupt,A,2,modeled,s004,mid,zoom,naked,-2500.7714285714,-25.007714285714,-2500.7714285714,0,0,0,0,0,0,0,0,0
fight_night_poster,Fight Night Poster,base,A,4,not modeled,s004,mid,zoom,naked,-2500.7714285714,-25.007714285714,-2500.7714285714,0,0,0,0,0,0,0,0,0
fight_night_poster,Fight Night Poster,corrupt,A,3,not modeled,s004,mid,zoom,naked,-2500.7714285714,-25.007714285714,-2500.7714285714,0,0,0,0,0,0,0,0,0
energy_drink,Energy Drink,base,A,3,proc,s004,mid,zoom,naked,-2500.7714285714,-25.007714285714,-2500.7714285714,0,0,0,0,0,0,0,0,0
energy_drink,Energy Drink,corrupt,A,2,proc,s004,mid,zoom,naked,-2500.7714285714,-25.007714285714,-2500.7714285714,0,0,0,0,0,0,0,0,0
corkboard,Corkboard,base,A,4,modeled,s004,mid,zoom,naked,-2500.7714285714,-25.007714285714,-2315.9071428571,184.86428571429997,207972.3214285872,51993.0803571468,1.8486428571429983,2079.723214285874,519.9308035714685,0,0.04999999999999999,0.0739229037896943
corkboard,Corkboard,corrupt,A,2,modeled,s004,mid,zoom,naked,-2500.7714285714,-25.007714285714,-1761.3142857143,739.4571428571,831889.2857142373,415944.6428571186,7.394571428570998,8318.892857142375,4159.446428571187,0,0.19999999999999998,0.29569161515873726
stack_of_books,Stack of Books,base,A,4,modeled,s004,mid,zoom,naked,-2500.7714285714,-25.007714285714,-2492.2,8.571428571400247,9642.85714282468,2410.71428570617,0.08571428571399764,96.42857142825233,24.10714285706308,0,0,0.0034275137957317406
stack_of_books,Stack of Books,corrupt,A,3,modeled,s004,mid,zoom,naked,-2500.7714285714,-25.007714285714,-2485.3428571429,15.428571428500163,17357.142857062165,5785.714285687388,0.15428571428499893,173.57142857062718,57.857142856875726,0,0,0.006169524832309023
throw_pillow,Throw Pillow,base,A,4,modeled,s004,mid,zoom,naked,-2500.7714285714,-25.007714285714,-2321.7839285714,178.98750000000018,201360.9375,50340.234375,1.7898749999999986,2013.609375,503.40234375,0,0,0.07157291464348232
throw_pillow,Throw Pillow,corrupt,A,2,modeled,s004,mid,zoom,naked,-2500.7714285714,-25.007714285714,-3346.5914285714,-845.8199999999997,-951547.5,-475773.75,-8.458200000000001,-9515.475000000002,-4757.737500000001,0,0,-0.33822363385013
starter_gift_box,Starter Gift Box,base,A,4,not modeled,s004,mid,zoom,naked,-2500.7714285714,-25.007714285714,-2500.7714285714,0,0,0,0,0,0,0,0,0
starter_gift_box,Starter Gift Box,corrupt,A,3,not modeled,s004,mid,zoom,naked,-2500.7714285714,-25.007714285714,-2500.7714285714,0,0,0,0,0,0,0,0,0
lava_lamp,Lava Lamp,base,A,5,modeled,s004,mid,zoom,naked,-2500.7714285714,-25.007714285714,-2484.1375,16.633928571400247,18713.16964282468,3742.633928564936,0.16633928571399892,187.13169642825233,37.426339285650464,0,0,0.006651518959852563
lava_lamp,Lava Lamp,corrupt,A,3,modeled,s004,mid,zoom,naked,-2500.7714285714,-25.007714285714,-2450.8696428571,49.901785714299876,56139.508928587195,18713.169642862398,0.4990178571429986,561.3950892858738,187.13169642862462,0,0,0.01995455687959733
comfort_bed,Comfort Bed,base,A,4,modeled,s004,mid,zoom,naked,-2500.7714285714,-25.007714285714,-2372.1839285714,128.5875000000001,144660.9375,36165.234375,1.2858749999999972,1446.609375,361.65234375,0,0,0.05141913352451306
comfort_bed,Comfort Bed,corrupt,A,2,not modeled,s004,mid,zoom,naked,-2500.7714285714,-25.007714285714,-2500.7714285714,0,0,0,0,0,0,0,0,0
yellow_sticky_note,Yellow Sticky Note,base,A,5,modeled,s004,mid,zoom,naked,-2500.7714285714,-25.007714285714,-2480.1017857143,20.669642857099916,23253.34821423702,4650.669642847404,0.206696428571,232.53348214237485,46.50669642847497,0,0,0.008265306705342413
yellow_sticky_note,Yellow Sticky Note,corrupt,A,4,modeled,s004,mid,zoom,naked,-2500.7714285714,-25.007714285714,-2252.7357142857,248.03571428570012,279040.17857141234,69760.04464285308,2.480357142856999,2790.401785714126,697.6004464285315,0,0,0.09918368046430934
rubber_duck,Rubber Duck,base,A,5,not modeled,s004,mid,zoom,naked,-2500.7714285714,-25.007714285714,-2500.7714285714,0,0,0,0,0,0,0,0,0
rubber_duck,Rubber Duck,corrupt,A,2,modeled,s004,mid,zoom,naked,-2500.7714285714,-25.007714285714,-3233.1464285714,-732.375,-823921.875,-411960.9375,-7.32375,-8239.218749999996,-4119.609374999998,0,0,-0.2928596318850217
stash_box,Stash Box,base,B,6,not modeled,s004,mid,zoom,naked,-2500.7714285714,-25.007714285714,-2500.7714285714,0,0,0,0,0,0,0,0,0
stash_box,Stash Box,corrupt,B,3,not modeled,s004,mid,zoom,naked,-2500.7714285714,-25.007714285714,-2500.7714285714,0,0,0,0,0,0,0,0,0
dogs_playing_poker,Dogs Playing Poker,base,B,6,proc,s004,mid,zoom,naked,-2500.7714285714,-25.007714285714,-2500.7714285714,0,0,0,0,0,0,0,0,0
dogs_playing_poker,Dogs Playing Poker,corrupt,B,3,proc,s004,mid,zoom,naked,-2500.7714285714,-25.007714285714,-2500.7714285714,0,0,0,0,0,0,0,0,0
calculator,Calculator,base,B,7,modeled,s004,mid,zoom,naked,-2500.7714285714,-25.007714285714,-2500.7714285714,0,0,0,0,0,0,0,0,0
calculator,Calculator,corrupt,B,4,modeled,s004,mid,zoom,naked,-2500.7714285714,-25.007714285714,-2500.7714285714,0,0,0,0,0,0,0,0,0
ring_binder,Ring Binder,base,B,7,not modeled,s004,mid,zoom,naked,-2500.7714285714,-25.007714285714,-2500.7714285714,0,0,0,0,0,0,0,0,0
ring_binder,Ring Binder,corrupt,B,4,not modeled,s004,mid,zoom,naked,-2500.7714285714,-25.007714285714,-2500.7714285714,0,0,0,0,0,0,0,0,0
space_heater,Space Heater,base,B,8,modeled,s004,mid,zoom,naked,-2500.7714285714,-25.007714285714,-1984.0814285714,516.69,581276.2499999995,72659.53124999994,5.166899999999998,5812.762500000001,726.5953125000001,0,0,0.20661224536428996
space_heater,Space Heater,corrupt,B,8,modeled,s004,mid,zoom,naked,-2500.7714285714,-25.007714285714,-7667.6714285714,-5166.9,-5812762.499999998,-726595.3124999998,-51.669,-58127.625,-7265.953125,0,0,-2.0661224536428993
pencil_holder,Pencil Holder,base,B,8,not modeled,s004,mid,zoom,naked,-2500.7714285714,-25.007714285714,-2500.7714285714,0,0,0,0,0,0,0,0,0
pencil_holder,Pencil Holder,corrupt,B,4,not modeled,s004,mid,zoom,naked,-2500.7714285714,-25.007714285714,-2500.7714285714,0,0,0,0,0,0,0,0,0
bonsai,Bonsai,base,B,10,not modeled,s004,mid,zoom,naked,-2500.7714285714,-25.007714285714,-2500.7714285714,0,0,0,0,0,0,0,0,0
bonsai,Bonsai,corrupt,B,5,not modeled,s004,mid,zoom,naked,-2500.7714285714,-25.007714285714,-2500.7714285714,0,0,0,0,0,0,0,0,0
desk_plant,Desk Plant,base,B,8,modeled,s004,mid,zoom,naked,-2500.7714285714,-25.007714285714,-2500.7714285714,0,0,0,0,0,0,0,0,0
desk_plant,Desk Plant,corrupt,B,5,modeled,s004,mid,zoom,naked,-2500.7714285714,-25.007714285714,-2500.7714285714,0,0,0,0,0,0,0,0,0
desk,Desk,base,B,9,not modeled,s004,mid,zoom,naked,-2500.7714285714,-25.007714285714,-2500.7714285714,0,0,0,0,0,0,0,0,0
desk,Desk,corrupt,B,5,not modeled,s004,mid,zoom,naked,-2500.7714285714,-25.007714285714,-2500.7714285714,0,0,0,0,0,0,0,0,0
rebuy_sticky_note,Rebuy Sticky Note,base,B,10,not modeled,s004,mid,zoom,naked,-2500.7714285714,-25.007714285714,-2500.7714285714,0,0,0,0,0,0,0,0,0
rebuy_sticky_note,Rebuy Sticky Note,corrupt,B,5,not modeled,s004,mid,zoom,naked,-2500.7714285714,-25.007714285714,-2500.7714285714,0,0,0,0,0,0,0,0,0
gaming_chair,Gaming Chair,base,B,10,proc,s004,mid,zoom,naked,-2500.7714285714,-25.007714285714,-2500.7714285714,0,0,0,0,0,0,0,0,0
gaming_chair,Gaming Chair,corrupt,B,5,partial,s004,mid,zoom,naked,-2500.7714285714,-25.007714285714,-3534.1514285714,-1033.38,-1162552.5000000005,-232510.5000000001,-10.3338,-11625.524999999998,-2325.1049999999996,0,0,-0.4132244907285799
headset,Headset,base,B,6,modeled,s004,mid,zoom,naked,-2500.7714285714,-25.007714285714,-2278.9342857143,221.83714285709993,249566.78571423702,41594.46428570617,2.218371428570997,2495.6678571423727,415.9446428570621,0,0.06,0.08870748454760916
headset,Headset,corrupt,B,5,modeled,s004,mid,zoom,naked,-2500.7714285714,-25.007714285714,-1206.7214285714,1294.05,1455806.2499999998,291161.24999999994,12.940499999999998,14558.062499999998,2911.6124999999997,0,0.35,0.5174603265278201
prize_vase,Prize Vase,base,C,12,proc,s004,mid,zoom,naked,-2500.7714285714,-25.007714285714,-2500.7714285714,0,0,0,0,0,0,0,0,0
prize_vase,Prize Vase,corrupt,C,6,proc,s004,mid,zoom,naked,-2500.7714285714,-25.007714285714,-2500.7714285714,0,0,0,0,0,0,0,0,0
compact_fridge,Compact Fridge,base,B,12,not modeled,s004,mid,zoom,naked,-2500.7714285714,-25.007714285714,-2500.7714285714,0,0,0,0,0,0,0,0,0
compact_fridge,Compact Fridge,corrupt,B,6,not modeled,s004,mid,zoom,naked,-2500.7714285714,-25.007714285714,-2500.7714285714,0,0,0,0,0,0,0,0,0
wall_clock,Wall Clock,base,B,12,proc,s004,mid,zoom,naked,-2500.7714285714,-25.007714285714,-2500.7714285714,0,0,0,0,0,0,0,0,0
wall_clock,Wall Clock,corrupt,B,7,partial,s004,mid,zoom,naked,-2500.7714285714,-25.007714285714,-3792.4964285714,-1291.725,-1453190.625,-207598.6607142857,-12.91725,-14531.906249999996,-2075.9866071428564,0,0,-0.5165306134107248
house_cat,House Cat,base,B,8,proc,s004,mid,zoom,naked,-2500.7714285714,-25.007714285714,-2500.7714285714,0,0,0,0,0,0,0,0,0
house_cat,House Cat,corrupt,B,4,proc,s004,mid,zoom,naked,-2500.7714285714,-25.007714285714,-2500.7714285714,0,0,0,0,0,0,0,0,0
candle,Candle,base,B,7,proc,s004,mid,zoom,naked,-2500.7714285714,-25.007714285714,-2500.7714285714,0,0,0,0,0,0,0,0,0
dusty_console,Dusty Console,base,B,5,modeled,s004,mid,zoom,naked,-2500.7714285714,-25.007714285714,-2500.7714285714,0,0,0,0,0,0,0,0,0
handheld,Handheld,base,B,5,modeled,s004,mid,zoom,naked,-2500.7714285714,-25.007714285714,-2389.8528571429,110.91857142849994,124783.39285706216,24956.678571412434,1.1091857142849975,1247.8339285706206,249.56678571412414,0,0.03,0.04435374227378457
red_rug,Red Rug,base,B,8,modeled,s004,mid,zoom,naked,-2500.7714285714,-25.007714285714,-2500.7714285714,0,0,0,0,0,0,0,0,0
dish_soap,Dish Soap,base,B,12,proc,s004,mid,zoom,naked,-2500.7714285714,-25.007714285714,-2500.7714285714,0,0,0,0,0,0,0,0,0
rolled_vouchers,Rolled Vouchers,base,C,9,proc,s004,mid,zoom,naked,-2500.7714285714,-25.007714285714,-2500.7714285714,0,0,0,0,0,0,0,0,0
rolled_vouchers,Rolled Vouchers,corrupt,C,5,proc,s004,mid,zoom,naked,-2500.7714285714,-25.007714285714,-2500.7714285714,0,0,0,0,0,0,0,0,0
second_monitor,Second Monitor,base,C,10,modeled,s004,mid,zoom,naked,-2500.7714285714,-25.007714285714,-2500.7714285714,0,0,0,0,0,0,0,0,0
second_monitor,Second Monitor,corrupt,C,6,modeled,s004,mid,zoom,naked,-2500.7714285714,-25.007714285714,-2500.7714285714,0,0,0,0,0,0,0,0,0
laptop_terminal,Laptop Terminal,base,D,12,not modeled,s004,mid,zoom,naked,-2500.7714285714,-25.007714285714,-2500.7714285714,0,0,0,0,0,0,0,0,0
laptop_terminal,Laptop Terminal,corrupt,D,6,not modeled,s004,mid,zoom,naked,-2500.7714285714,-25.007714285714,-2500.7714285714,0,0,0,0,0,0,0,0,0
gaming_keyboard,Gaming Keyboard,base,D,12,not modeled,s004,mid,zoom,naked,-2500.7714285714,-25.007714285714,-2500.7714285714,0,0,0,0,0,0,0,0,0
gaming_keyboard,Gaming Keyboard,corrupt,D,6,not modeled,s004,mid,zoom,naked,-2500.7714285714,-25.007714285714,-2500.7714285714,0,0,0,0,0,0,0,0,0
box_of_mice,Box of Mice,base,D,13,not modeled,s004,mid,zoom,naked,-2500.7714285714,-25.007714285714,-2500.7714285714,0,0,0,0,0,0,0,0,0
box_of_mice,Box of Mice,corrupt,D,7,not modeled,s004,mid,zoom,naked,-2500.7714285714,-25.007714285714,-2500.7714285714,0,0,0,0,0,0,0,0,0
wacom_tablet,Wacom Tablet,base,D,13,not modeled,s004,mid,zoom,naked,-2500.7714285714,-25.007714285714,-2500.7714285714,0,0,0,0,0,0,0,0,0
wacom_tablet,Wacom Tablet,corrupt,D,7,not modeled,s004,mid,zoom,naked,-2500.7714285714,-25.007714285714,-2500.7714285714,0,0,0,0,0,0,0,0,0
desk_lamp,Desk Lamp,base,D,10,not modeled,s004,mid,zoom,naked,-2500.7714285714,-25.007714285714,-2500.7714285714,0,0,0,0,0,0,0,0,0
desk_lamp,Desk Lamp,corrupt,D,6,not modeled,s004,mid,zoom,naked,-2500.7714285714,-25.007714285714,-2500.7714285714,0,0,0,0,0,0,0,0,0
telephone,Telephone,base,D,12,not modeled,s004,mid,zoom,naked,-2500.7714285714,-25.007714285714,-2500.7714285714,0,0,0,0,0,0,0,0,0
glass_partition,Glass Partition,base,D,12,not modeled,s004,mid,zoom,naked,-2500.7714285714,-25.007714285714,-2500.7714285714,0,0,0,0,0,0,0,0,0
electric_kettle,Electric Kettle,base,D,11,not modeled,s004,mid,zoom,naked,-2500.7714285714,-25.007714285714,-2500.7714285714,0,0,0,0,0,0,0,0,0
electric_kettle,Electric Kettle,corrupt,D,8,not modeled,s004,mid,zoom,naked,-2500.7714285714,-25.007714285714,-2500.7714285714,0,0,0,0,0,0,0,0,0
chrome_toaster,Chrome Toaster,base,D,14,not modeled,s004,mid,zoom,naked,-2500.7714285714,-25.007714285714,-2458.5142857143,42.25714285710001,47539.285714237485,3395.6632653026777,0.42257142857099694,475.39285714237485,33.95663265302677,0.085714285714286,0,0.016897643012996184
chrome_toaster,Chrome Toaster,corrupt,D,8,not modeled,s004,mid,zoom,naked,-2500.7714285714,-25.007714285714,-2315.8964285714,184.875,207984.37499999953,25998.04687499994,1.848749999999999,2079.84375,259.98046875,0.375,0,0.07392718818193328
first_aid_kit,First Aid Kit,base,D,16,proc,s004,mid,zoom,naked,-2500.7714285714,-25.007714285714,-2500.7714285714,0,0,0,0,0,0,0,0,0
first_aid_kit,First Aid Kit,corrupt,D,8,partial,s004,mid,zoom,naked,-2500.7714285714,-25.007714285714,-2525.575,-24.803571428599753,-27904.01785717532,-3488.002232146915,-0.2480357142860008,-279.0401785717477,-34.88002232146846,0,0,-0.009918368046442826
nightstand,Nightstand,base,D,13,proc,s004,mid,zoom,naked,-2500.7714285714,-25.007714285714,-2500.7714285714,0,0,0,0,0,0,0,0,0
nightstand,Nightstand,corrupt,D,8,proc,s004,mid,zoom,naked,-2500.7714285714,-25.007714285714,-2500.7714285714,0,0,0,0,0,0,0,0,0
receipt_printer,Receipt Printer,base,C,19,proc,s004,mid,zoom,naked,-2500.7714285714,-25.007714285714,-2500.7714285714,0,0,0,0,0,0,0,0,0
receipt_printer,Receipt Printer,corrupt,C,9,proc,s004,mid,zoom,naked,-2500.7714285714,-25.007714285714,-2500.7714285714,0,0,0,0,0,0,0,0,0
microwave_oven,Microwave Oven,base,D,18,proc,s004,mid,zoom,naked,-2500.7714285714,-25.007714285714,-2500.7714285714,0,0,0,0,0,0,0,0,0
microwave_oven,Microwave Oven,corrupt,D,10,partial,s004,mid,zoom,naked,-2500.7714285714,-25.007714285714,-3792.4964285714,-1291.725,-1453190.625,-145319.0625,-12.91725,-14531.906249999996,-1453.1906249999997,0,0,-0.5165306134107248
framed_diploma,Framed Diploma,base,D,18,proc,s004,mid,zoom,naked,-2500.7714285714,-25.007714285714,-2500.7714285714,0,0,0,0,0,0,0,0,0
framed_diploma,Framed Diploma,corrupt,D,9,partial,s004,mid,zoom,naked,-2500.7714285714,-25.007714285714,-2525.575,-24.803571428599753,-27904.01785717532,-3100.4464285750355,-0.2480357142860008,-279.0401785717477,-31.00446428574974,0,0,-0.009918368046442826
laminated_blueprint,Laminated Blueprint,base,D,19,not modeled,s004,mid,zoom,naked,-2500.7714285714,-25.007714285714,-2500.7714285714,0,0,0,0,0,0,0,0,0
laminated_blueprint,Laminated Blueprint,corrupt,D,10,not modeled,s004,mid,zoom,naked,-2500.7714285714,-25.007714285714,-2500.7714285714,0,0,0,0,0,0,0,0,0
console_television,Console Television,base,D,26,proc,s004,mid,zoom,naked,-2500.7714285714,-25.007714285714,-2500.7714285714,0,0,0,0,0,0,0,0,0
console_television,Console Television,corrupt,D,13,partial,s004,mid,zoom,naked,-2500.7714285714,-25.007714285714,-2542.1107142857,-41.339285714299876,-46506.69642858766,-3577.4381868144355,-0.4133928571430019,-465.06696428587384,-35.77438186814414,0,0,-0.01653061341072483
desk_speakers,Desk Speakers,base,C,10,modeled,s004,mid,zoom,naked,-2500.7714285714,-25.007714285714,-2500.7714285714,0,0,0,0,0,0,0,0,0
desk_speakers,Desk Speakers,corrupt,C,6,modeled,s004,mid,zoom,naked,-2500.7714285714,-25.007714285714,-2500.7714285714,0,0,0,0,0,0,0,0,0
curved_monitor,Curved Monitor,base,C,13,proc,s004,mid,zoom,naked,-2500.7714285714,-25.007714285714,-2500.7714285714,0,0,0,0,0,0,0,0,0
curved_monitor,Curved Monitor,corrupt,C,7,partial,s004,mid,zoom,naked,-2500.7714285714,-25.007714285714,-3792.4964285714,-1291.725,-1453190.625,-207598.6607142857,-12.91725,-14531.906249999996,-2075.9866071428564,0,0,-0.5165306134107248
tower_upgrade,Tower Upgrade,base,C,14,proc,s004,mid,zoom,naked,-2500.7714285714,-25.007714285714,-2500.7714285714,0,0,0,0,0,0,0,0,0
tower_upgrade,Tower Upgrade,corrupt,C,5,partial,s004,mid,zoom,naked,-2500.7714285714,-25.007714285714,-2656.5389285714,-155.76749999999993,-175238.4375,-35047.6875,-1.5576750000000033,-1752.3843750000015,-350.4768750000003,0,0,-0.06228777977081426
copy_machine,Copy Machine,base,C,19,not modeled,s004,mid,zoom,naked,-2500.7714285714,-25.007714285714,-2500.7714285714,0,0,0,0,0,0,0,0,0
whiteboard,Whiteboard,base,D,17,not modeled,s004,mid,zoom,naked,-2500.7714285714,-25.007714285714,-2500.7714285714,0,0,0,0,0,0,0,0,0
high_roller_pass,High Roller Pass,base,D,19,not modeled,s004,mid,zoom,naked,-2500.7714285714,-25.007714285714,-2500.7714285714,0,0,0,0,0,0,0,0,0
high_roller_pass,High Roller Pass,corrupt,D,9,partial,s004,mid,zoom,naked,-2500.7714285714,-25.007714285714,-3792.4964285714,-1291.725,-1453190.625,-161465.625,-12.91725,-14531.906249999996,-1614.6562499999995,0,0,-0.5165306134107248
window,Window,base,D,20,proc,s004,mid,zoom,naked,-2500.7714285714,-25.007714285714,-2500.7714285714,0,0,0,0,0,0,0,0,0
window,Window,corrupt,D,10,partial,s004,mid,zoom,naked,-2500.7714285714,-25.007714285714,-3792.4964285714,-1291.725,-1453190.625,-145319.0625,-12.91725,-14531.906249999996,-1453.1906249999997,0,0,-0.5165306134107248
bookshelf,Bookshelf,base,D,22,modeled,s004,mid,zoom,naked,-2500.7714285714,-25.007714285714,-2500.7714285714,0,0,0,0,0,0,0,0,0
bookshelf,Bookshelf,corrupt,D,11,modeled,s004,mid,zoom,naked,-2500.7714285714,-25.007714285714,-2500.7714285714,0,0,0,0,0,0,0,0,0
cereal_shelf,Cereal Shelf,base,D,24,not modeled,s004,mid,zoom,naked,-2500.7714285714,-25.007714285714,-2500.7714285714,0,0,0,0,0,0,0,0,0
cereal_shelf,Cereal Shelf,corrupt,D,12,not modeled,s004,mid,zoom,naked,-2500.7714285714,-25.007714285714,-2500.7714285714,0,0,0,0,0,0,0,0,0
fire_extinguisher,Fire Extinguisher,base,D,24,proc,s004,mid,zoom,naked,-2500.7714285714,-25.007714285714,-2500.7714285714,0,0,0,0,0,0,0,0,0
fire_extinguisher,Fire Extinguisher,corrupt,D,12,partial,s004,mid,zoom,naked,-2500.7714285714,-25.007714285714,-2521.4410714286,-20.66964285719996,-23253.348214350175,-1937.7790178625146,-0.20669642857200188,-232.533482143499,-19.377790178624917,0,0,-0.008265306705382417
blackout_curtains,Blackout Curtains,base,D,24,proc,s004,mid,zoom,naked,-2500.7714285714,-25.007714285714,-2500.7714285714,0,0,0,0,0,0,0,0,0
blackout_curtains,Blackout Curtains,corrupt,D,12,partial,s004,mid,zoom,naked,-2500.7714285714,-25.007714285714,-4050.8414285714,-1550.0699999999997,-1743828.75,-145319.0625,-15.500699999999998,-17438.287499999988,-1453.190624999999,0,0,-0.6198367360928697
tip_jar,Tip Jar,base,D,24,not modeled,s004,mid,zoom,naked,-2500.7714285714,-25.007714285714,-2500.7714285714,0,0,0,0,0,0,0,0,0
tip_jar,Tip Jar,corrupt,D,12,not modeled,s004,mid,zoom,naked,-2500.7714285714,-25.007714285714,-2500.7714285714,0,0,0,0,0,0,0,0,0
shredder,Shredder,base,D,18,proc,s004,mid,zoom,naked,-2500.7714285714,-25.007714285714,-2500.7714285714,0,0,0,0,0,0,0,0,0
shredder,Shredder,corrupt,D,9,partial,s004,mid,zoom,naked,-2500.7714285714,-25.007714285714,-2525.575,-24.803571428599753,-27904.01785717532,-3100.4464285750355,-0.2480357142860008,-279.0401785717477,-31.00446428574974,0,0,-0.009918368046442826
cool_towel,Cool Towel,base,D,16,proc,s004,mid,zoom,naked,-2500.7714285714,-25.007714285714,-2500.7714285714,0,0,0,0,0,0,0,0,0
waste_basket,Waste Basket,base,D,18,proc,s004,mid,zoom,naked,-2500.7714285714,-25.007714285714,-2500.7714285714,0,0,0,0,0,0,0,0,0
waste_basket,Waste Basket,corrupt,D,9,proc,s004,mid,zoom,naked,-2500.7714285714,-25.007714285714,-2500.7714285714,0,0,0,0,0,0,0,0,0
cleaning_robot,Cleaning Robot,base,D,24,proc,s004,mid,zoom,naked,-2500.7714285714,-25.007714285714,-2500.7714285714,0,0,0,0,0,0,0,0,0
wall_hanger,Wall Hanger,base,A,2,modeled,s004,mid,zoom,mid,-1551.9051433915,-15.519051433915,-1546.9176122195,4.98753117199999,5610.972568499856,2805.486284249928,0.04987531171999926,56.1097256849971,28.05486284249855,0,0,0.0032138118706793815
wall_hanger,Wall Hanger,corrupt,A,2,modeled,s004,mid,zoom,mid,-1551.9051433915,-15.519051433915,-1452.1545199501,99.75062344139997,112219.45137157477,56109.72568578739,0.9975062344139989,1122.1945137157472,561.0972568578736,0,0,0.06427623741448986
mirror,Mirror,base,A,3,modeled,s004,mid,zoom,mid,-1551.9051433915,-15.519051433915,-1551.9051433915,0,0,0,0,0,0,0,0,0
mirror,Mirror,corrupt,A,2,modeled,s004,mid,zoom,mid,-1551.9051433915,-15.519051433915,-1551.9051433915,0,0,0,0,0,0,0,0,0
fight_night_poster,Fight Night Poster,base,A,4,not modeled,s004,mid,zoom,mid,-1551.9051433915,-15.519051433915,-1551.9051433915,0,0,0,0,0,0,0,0,0
fight_night_poster,Fight Night Poster,corrupt,A,3,not modeled,s004,mid,zoom,mid,-1551.9051433915,-15.519051433915,-1551.9051433915,0,0,0,0,0,0,0,0,0
energy_drink,Energy Drink,base,A,3,proc,s004,mid,zoom,mid,-1551.9051433915,-15.519051433915,-1551.9051433915,0,0,0,0,0,0,0,0,0
energy_drink,Energy Drink,corrupt,A,2,proc,s004,mid,zoom,mid,-1551.9051433915,-15.519051433915,-1551.9051433915,0,0,0,0,0,0,0,0,0
corkboard,Corkboard,base,A,4,modeled,s004,mid,zoom,mid,-1551.9051433915,-15.519051433915,-1386.6461720698,165.25897132169985,185916.3427369122,46479.08568422805,1.652589713216999,1859.1634273691234,464.79085684228085,0.012468827930173995,0.04999999999999999,0.1064878043773645
corkboard,Corkboard,corrupt,A,2,modeled,s004,mid,zoom,mid,-1551.9051433915,-15.519051433915,-890.86925810474,661.0358852867599,743665.3709476048,371832.6854738024,6.6103588528675985,7436.653709476048,3718.326854738024,0.049875311720696994,0.2,0.4259512175094326
stack_of_books,Stack of Books,base,A,4,modeled,s004,mid,zoom,mid,-1551.9051433915,-15.519051433915,-1528.5260910224,23.37905236910001,26301.43391523743,6575.358478809358,0.23379052369099895,263.0143391523743,65.75358478809358,0,0,0.015064743144035166
stack_of_books,Stack of Books,corrupt,A,3,modeled,s004,mid,zoom,mid,-1551.9051433915,-15.519051433915,-1509.8228491272,42.08229426429989,47342.58104733704,15780.860349112345,0.42082294264299946,473.42581047337444,157.8086034911248,0,0,0.027116537659211667
throw_pillow,Throw Pillow,base,A,4,modeled,s004,mid,zoom,mid,-1551.9051433915,-15.519051433915,-1468.0551433915,83.84999999999991,94331.24999999977,23582.81249999994,0.8384999999999998,943.3125,235.828125,0,0,0.054030364134727935
throw_pillow,Throw Pillow,corrupt,A,2,modeled,s004,mid,zoom,mid,-1551.9051433915,-15.519051433915,-1948.1451433915,-396.24,-445769.99999999977,-222884.99999999988,-3.9624000000000024,-4457.700000000004,-2228.850000000002,0,0,-0.2553248835389937
starter_gift_box,Starter Gift Box,base,A,4,not modeled,s004,mid,zoom,mid,-1551.9051433915,-15.519051433915,-1551.9051433915,0,0,0,0,0,0,0,0,0
starter_gift_box,Starter Gift Box,corrupt,A,3,not modeled,s004,mid,zoom,mid,-1551.9051433915,-15.519051433915,-1551.9051433915,0,0,0,0,0,0,0,0,0
lava_lamp,Lava Lamp,base,A,5,modeled,s004,mid,zoom,mid,-1551.9051433915,-15.519051433915,-1518.6338294888,33.27131390269983,37430.22814053716,7486.045628107432,0.3327131390269997,374.3022814053729,74.86045628107459,0,0,0.02143901258680632
lava_lamp,Lava Lamp,corrupt,A,3,modeled,s004,mid,zoom,mid,-1551.9051433915,-15.519051433915,-1452.0912016833,99.81394170819999,112290.68442172487,37430.22814057496,0.9981394170819993,1122.9068442172484,374.30228140574945,0,0,0.06431703776048371
comfort_bed,Comfort Bed,base,A,4,modeled,s004,mid,zoom,mid,-1551.9051433915,-15.519051433915,-1444.7488933915,107.15625,120550.78125,30137.6953125,1.0715624999999989,1205.5078124999982,301.37695312499955,0,0,0.06904819566859804
comfort_bed,Comfort Bed,corrupt,A,2,not modeled,s004,mid,zoom,mid,-1551.9051433915,-15.519051433915,-1551.9051433915,0,0,0,0,0,0,0,0,0
yellow_sticky_note,Yellow Sticky Note,base,A,5,modeled,s004,mid,zoom,mid,-1551.9051433915,-15.519051433915,-1493.9689292394,57.936214152099865,65178.24092111224,13035.64818422245,0.5793621415209991,651.7824092111223,130.35648184222447,0,0,0.03733231660376311
yellow_sticky_note,Yellow Sticky Note,corrupt,A,4,modeled,s004,mid,zoom,mid,-1551.9051433915,-15.519051433915,-856.67057356609,695.23456982541,782138.891053586,195534.7227633965,6.952345698254099,7821.388910535859,1955.3472276339648,0,0,0.4479877992452937
rubber_duck,Rubber Duck,base,A,5,not modeled,s004,mid,zoom,mid,-1551.9051433915,-15.519051433915,-1551.9051433915,0,0,0,0,0,0,0,0,0
rubber_duck,Rubber Duck,corrupt,A,2,modeled,s004,mid,zoom,mid,-1551.9051433915,-15.519051433915,-2601.6426433915,-1049.7375,-1180954.6874999998,-590477.3437499999,-10.497375000000002,-11809.546875,-5904.7734375,0,0,-0.6764185971482293
stash_box,Stash Box,base,B,6,not modeled,s004,mid,zoom,mid,-1551.9051433915,-15.519051433915,-1551.9051433915,0,0,0,0,0,0,0,0,0
stash_box,Stash Box,corrupt,B,3,not modeled,s004,mid,zoom,mid,-1551.9051433915,-15.519051433915,-1551.9051433915,0,0,0,0,0,0,0,0,0
dogs_playing_poker,Dogs Playing Poker,base,B,6,proc,s004,mid,zoom,mid,-1551.9051433915,-15.519051433915,-1551.9051433915,0,0,0,0,0,0,0,0,0
dogs_playing_poker,Dogs Playing Poker,corrupt,B,3,proc,s004,mid,zoom,mid,-1551.9051433915,-15.519051433915,-1551.9051433915,0,0,0,0,0,0,0,0,0
calculator,Calculator,base,B,7,modeled,s004,mid,zoom,mid,-1551.9051433915,-15.519051433915,-1271.3126454713,280.5924979202,315666.5601602248,45095.22288003211,2.8059249792019987,3156.665601602246,450.9522288003209,0.090108518201217,0.044366197183099976,0.1808051858807551
calculator,Calculator,corrupt,B,4,modeled,s004,mid,zoom,mid,-1551.9051433915,-15.519051433915,484.05755328279,2035.9626966742899,2290458.033758576,572614.508439644,20.3596269667429,22904.580337585758,5726.145084396439,1.3961220362230269,0.35480769230769005,1.311911817126233
ring_binder,Ring Binder,base,B,7,not modeled,s004,mid,zoom,mid,-1551.9051433915,-15.519051433915,-1551.9051433915,0,0,0,0,0,0,0,0,0
ring_binder,Ring Binder,corrupt,B,4,not modeled,s004,mid,zoom,mid,-1551.9051433915,-15.519051433915,-1551.9051433915,0,0,0,0,0,0,0,0,0
space_heater,Space Heater,base,B,8,modeled,s004,mid,zoom,mid,-1551.9051433915,-15.519051433915,-1195.1751433915,356.73,401321.25,50165.15625,3.5672999999999995,4013.212499999998,501.6515624999997,0,0,0.22986585328302347
space_heater,Space Heater,corrupt,B,8,modeled,s004,mid,zoom,mid,-1551.9051433915,-15.519051433915,-5119.2051433915,-3567.3,-4013212.5,-501651.5625,-35.673,-40132.125,-5016.515625,0,0,-2.2986585328302347
pencil_holder,Pencil Holder,base,B,8,not modeled,s004,mid,zoom,mid,-1551.9051433915,-15.519051433915,-1551.9051433915,0,0,0,0,0,0,0,0,0
pencil_holder,Pencil Holder,corrupt,B,4,not modeled,s004,mid,zoom,mid,-1551.9051433915,-15.519051433915,-1551.9051433915,0,0,0,0,0,0,0,0,0
bonsai,Bonsai,base,B,10,not modeled,s004,mid,zoom,mid,-1551.9051433915,-15.519051433915,-1551.9051433915,0,0,0,0,0,0,0,0,0
bonsai,Bonsai,corrupt,B,5,not modeled,s004,mid,zoom,mid,-1551.9051433915,-15.519051433915,-1551.9051433915,0,0,0,0,0,0,0,0,0
desk_plant,Desk Plant,base,B,8,modeled,s004,mid,zoom,mid,-1551.9051433915,-15.519051433915,-1551.9051433915,0,0,0,0,0,0,0,0,0
desk_plant,Desk Plant,corrupt,B,5,modeled,s004,mid,zoom,mid,-1551.9051433915,-15.519051433915,-1551.9051433915,0,0,0,0,0,0,0,0,0
desk,Desk,base,B,9,not modeled,s004,mid,zoom,mid,-1551.9051433915,-15.519051433915,-1551.9051433915,0,0,0,0,0,0,0,0,0
desk,Desk,corrupt,B,5,not modeled,s004,mid,zoom,mid,-1551.9051433915,-15.519051433915,-1551.9051433915,0,0,0,0,0,0,0,0,0
rebuy_sticky_note,Rebuy Sticky Note,base,B,10,not modeled,s004,mid,zoom,mid,-1551.9051433915,-15.519051433915,-1551.9051433915,0,0,0,0,0,0,0,0,0
rebuy_sticky_note,Rebuy Sticky Note,corrupt,B,5,not modeled,s004,mid,zoom,mid,-1551.9051433915,-15.519051433915,-1551.9051433915,0,0,0,0,0,0,0,0,0
gaming_chair,Gaming Chair,base,B,10,proc,s004,mid,zoom,mid,-1551.9051433915,-15.519051433915,-1551.9051433915,0,0,0,0,0,0,0,0,0
gaming_chair,Gaming Chair,corrupt,B,5,partial,s004,mid,zoom,mid,-1551.9051433915,-15.519051433915,-2265.3651433915,-713.4600000000003,-802642.5000000002,-160528.50000000006,-7.1346000000000025,-8026.425000000003,-1605.2850000000005,0,0,-0.45973170656604706
headset,Headset,base,B,6,modeled,s004,mid,zoom,mid,-1551.9051433915,-15.519051433915,-1353.5943778055,198.3107655859999,223099.6112842497,37183.26854737495,1.9831076558599996,2230.9961128424984,371.83268547374973,0.014962593516209002,0.06,0.12778536525281167
headset,Headset,corrupt,B,5,modeled,s004,mid,zoom,mid,-1551.9051433915,-15.519051433915,-395.09234413965,1156.8127992518498,1301414.399158331,260282.8798316662,11.568127992518498,13014.14399158331,2602.828798316662,0.087281795511217,0.35,0.7454146306415198
prize_vase,Prize Vase,base,C,12,proc,s004,mid,zoom,mid,-1551.9051433915,-15.519051433915,-1551.9051433915,0,0,0,0,0,0,0,0,0
prize_vase,Prize Vase,corrupt,C,6,proc,s004,mid,zoom,mid,-1551.9051433915,-15.519051433915,-1551.9051433915,0,0,0,0,0,0,0,0,0
compact_fridge,Compact Fridge,base,B,12,not modeled,s004,mid,zoom,mid,-1551.9051433915,-15.519051433915,-1551.9051433915,0,0,0,0,0,0,0,0,0
compact_fridge,Compact Fridge,corrupt,B,6,not modeled,s004,mid,zoom,mid,-1551.9051433915,-15.519051433915,-1551.9051433915,0,0,0,0,0,0,0,0,0
wall_clock,Wall Clock,base,B,12,proc,s004,mid,zoom,mid,-1551.9051433915,-15.519051433915,-1551.9051433915,0,0,0,0,0,0,0,0,0
wall_clock,Wall Clock,corrupt,B,7,partial,s004,mid,zoom,mid,-1551.9051433915,-15.519051433915,-2443.7301433915,-891.825,-1003303.1249999998,-143329.0178571428,-8.91825,-10033.031250000004,-1433.2901785714291,0,0,-0.5746646332075587
house_cat,House Cat,base,B,8,proc,s004,mid,zoom,mid,-1551.9051433915,-15.519051433915,-1551.9051433915,0,0,0,0,0,0,0,0,0
house_cat,House Cat,corrupt,B,4,proc,s004,mid,zoom,mid,-1551.9051433915,-15.519051433915,-1551.9051433915,0,0,0,0,0,0,0,0,0
candle,Candle,base,B,7,proc,s004,mid,zoom,mid,-1551.9051433915,-15.519051433915,-1551.9051433915,0,0,0,0,0,0,0,0,0
dusty_console,Dusty Console,base,B,5,modeled,s004,mid,zoom,mid,-1551.9051433915,-15.519051433915,-1551.9051433915,0,0,0,0,0,0,0,0,0
handheld,Handheld,base,B,5,modeled,s004,mid,zoom,mid,-1551.9051433915,-15.519051433915,-1452.7497605985,99.15538279299994,111549.80564212473,22309.961128424948,0.9915538279299998,1115.4980564212492,223.09961128424985,0.007481296758104994,0.030000000000000027,0.06389268262640584
red_rug,Red Rug,base,B,8,modeled,s004,mid,zoom,mid,-1551.9051433915,-15.519051433915,-1551.9051433915,0,0,0,0,0,0,0,0,0
dish_soap,Dish Soap,base,B,12,proc,s004,mid,zoom,mid,-1551.9051433915,-15.519051433915,-1551.9051433915,0,0,0,0,0,0,0,0,0
rolled_vouchers,Rolled Vouchers,base,C,9,proc,s004,mid,zoom,mid,-1551.9051433915,-15.519051433915,-1551.9051433915,0,0,0,0,0,0,0,0,0
rolled_vouchers,Rolled Vouchers,corrupt,C,5,proc,s004,mid,zoom,mid,-1551.9051433915,-15.519051433915,-1551.9051433915,0,0,0,0,0,0,0,0,0
second_monitor,Second Monitor,base,C,10,modeled,s004,mid,zoom,mid,-1551.9051433915,-15.519051433915,-1551.9051433915,0,0,0,0,0,0,0,0,0
second_monitor,Second Monitor,corrupt,C,6,modeled,s004,mid,zoom,mid,-1551.9051433915,-15.519051433915,-1551.9051433915,0,0,0,0,0,0,0,0,0
laptop_terminal,Laptop Terminal,base,D,12,not modeled,s004,mid,zoom,mid,-1551.9051433915,-15.519051433915,-1551.9051433915,0,0,0,0,0,0,0,0,0
laptop_terminal,Laptop Terminal,corrupt,D,6,not modeled,s004,mid,zoom,mid,-1551.9051433915,-15.519051433915,-1551.9051433915,0,0,0,0,0,0,0,0,0
gaming_keyboard,Gaming Keyboard,base,D,12,not modeled,s004,mid,zoom,mid,-1551.9051433915,-15.519051433915,-1551.9051433915,0,0,0,0,0,0,0,0,0
gaming_keyboard,Gaming Keyboard,corrupt,D,6,not modeled,s004,mid,zoom,mid,-1551.9051433915,-15.519051433915,-1551.9051433915,0,0,0,0,0,0,0,0,0
box_of_mice,Box of Mice,base,D,13,not modeled,s004,mid,zoom,mid,-1551.9051433915,-15.519051433915,-1551.9051433915,0,0,0,0,0,0,0,0,0
box_of_mice,Box of Mice,corrupt,D,7,not modeled,s004,mid,zoom,mid,-1551.9051433915,-15.519051433915,-1551.9051433915,0,0,0,0,0,0,0,0,0
wacom_tablet,Wacom Tablet,base,D,13,not modeled,s004,mid,zoom,mid,-1551.9051433915,-15.519051433915,-1551.9051433915,0,0,0,0,0,0,0,0,0
wacom_tablet,Wacom Tablet,corrupt,D,7,not modeled,s004,mid,zoom,mid,-1551.9051433915,-15.519051433915,-1551.9051433915,0,0,0,0,0,0,0,0,0
desk_lamp,Desk Lamp,base,D,10,not modeled,s004,mid,zoom,mid,-1551.9051433915,-15.519051433915,-1551.9051433915,0,0,0,0,0,0,0,0,0
desk_lamp,Desk Lamp,corrupt,D,6,not modeled,s004,mid,zoom,mid,-1551.9051433915,-15.519051433915,-1551.9051433915,0,0,0,0,0,0,0,0,0
telephone,Telephone,base,D,12,not modeled,s004,mid,zoom,mid,-1551.9051433915,-15.519051433915,-1551.9051433915,0,0,0,0,0,0,0,0,0
glass_partition,Glass Partition,base,D,12,not modeled,s004,mid,zoom,mid,-1551.9051433915,-15.519051433915,-1551.9051433915,0,0,0,0,0,0,0,0,0
electric_kettle,Electric Kettle,base,D,11,not modeled,s004,mid,zoom,mid,-1551.9051433915,-15.519051433915,-1551.9051433915,0,0,0,0,0,0,0,0,0
electric_kettle,Electric Kettle,corrupt,D,8,not modeled,s004,mid,zoom,mid,-1551.9051433915,-15.519051433915,-1551.9051433915,0,0,0,0,0,0,0,0,0
chrome_toaster,Chrome Toaster,base,D,14,not modeled,s004,mid,zoom,mid,-1551.9051433915,-15.519051433915,-1443.0990336658,108.8061097256998,122406.87344141211,8743.348102958009,1.0880610972569986,1224.0687344141224,87.43348102958018,0.23379052369077702,0,0.07011131459228061
chrome_toaster,Chrome Toaster,corrupt,D,8,not modeled,s004,mid,zoom,mid,-1551.9051433915,-15.519051433915,-1075.8784133416,476.0267300498999,535530.0713061371,66941.25891326714,4.760267300498999,5355.300713061371,669.4125891326714,1.022833541147127,0,0.306737001341204
first_aid_kit,First Aid Kit,base,D,16,proc,s004,mid,zoom,mid,-1551.9051433915,-15.519051433915,-1551.9051433915,0,0,0,0,0,0,0,0,0
first_aid_kit,First Aid Kit,corrupt,D,8,partial,s004,mid,zoom,mid,-1551.9051433915,-15.519051433915,-1621.4286003741,-69.52345698260001,-78213.88910542498,-9776.736138178123,-0.6952345698260025,-782.1388910542519,-97.76736138178148,0,0,-0.04479877992456739
nightstand,Nightstand,base,D,13,proc,s004,mid,zoom,mid,-1551.9051433915,-15.519051433915,-1551.9051433915,0,0,0,0,0,0,0,0,0
nightstand,Nightstand,corrupt,D,8,proc,s004,mid,zoom,mid,-1551.9051433915,-15.519051433915,-1551.9051433915,0,0,0,0,0,0,0,0,0
receipt_printer,Receipt Printer,base,C,19,proc,s004,mid,zoom,mid,-1551.9051433915,-15.519051433915,-1551.9051433915,0,0,0,0,0,0,0,0,0
receipt_printer,Receipt Printer,corrupt,C,9,proc,s004,mid,zoom,mid,-1551.9051433915,-15.519051433915,-1551.9051433915,0,0,0,0,0,0,0,0,0
microwave_oven,Microwave Oven,base,D,18,proc,s004,mid,zoom,mid,-1551.9051433915,-15.519051433915,-1551.9051433915,0,0,0,0,0,0,0,0,0
microwave_oven,Microwave Oven,corrupt,D,10,partial,s004,mid,zoom,mid,-1551.9051433915,-15.519051433915,-2443.7301433915,-891.825,-1003303.1249999998,-100330.31249999997,-8.91825,-10033.031250000004,-1003.3031250000004,0,0,-0.5746646332075587
framed_diploma,Framed Diploma,base,D,18,proc,s004,mid,zoom,mid,-1551.9051433915,-15.519051433915,-1551.9051433915,0,0,0,0,0,0,0,0,0
framed_diploma,Framed Diploma,corrupt,D,9,partial,s004,mid,zoom,mid,-1551.9051433915,-15.519051433915,-1621.4286003741,-69.52345698260001,-78213.88910542498,-8690.432122824997,-0.6952345698260025,-782.1388910542519,-86.90432122825021,0,0,-0.04479877992456739
laminated_blueprint,Laminated Blueprint,base,D,19,not modeled,s004,mid,zoom,mid,-1551.9051433915,-15.519051433915,-1551.9051433915,0,0,0,0,0,0,0,0,0
laminated_blueprint,Laminated Blueprint,corrupt,D,10,not modeled,s004,mid,zoom,mid,-1551.9051433915,-15.519051433915,-1551.9051433915,0,0,0,0,0,0,0,0,0
console_television,Console Television,base,D,26,proc,s004,mid,zoom,mid,-1551.9051433915,-15.519051433915,-1551.9051433915,0,0,0,0,0,0,0,0,0
console_television,Console Television,corrupt,D,13,partial,s004,mid,zoom,mid,-1551.9051433915,-15.519051433915,-1667.7775716958,-115.8724283043,-130356.48184233764,-10027.42168017982,-1.158724283043,-1303.564818423376,-100.27421680179815,0,0,-0.07466463320759084
desk_speakers,Desk Speakers,base,C,10,modeled,s004,mid,zoom,mid,-1551.9051433915,-15.519051433915,-1551.9051433915,0,0,0,0,0,0,0,0,0
desk_speakers,Desk Speakers,corrupt,C,6,modeled,s004,mid,zoom,mid,-1551.9051433915,-15.519051433915,-1551.9051433915,0,0,0,0,0,0,0,0,0
curved_monitor,Curved Monitor,base,C,13,proc,s004,mid,zoom,mid,-1551.9051433915,-15.519051433915,-1551.9051433915,0,0,0,0,0,0,0,0,0
curved_monitor,Curved Monitor,corrupt,C,7,partial,s004,mid,zoom,mid,-1551.9051433915,-15.519051433915,-2443.7301433915,-891.825,-1003303.1249999998,-143329.0178571428,-8.91825,-10033.031250000004,-1433.2901785714291,0,0,-0.5746646332075587
tower_upgrade,Tower Upgrade,base,C,14,proc,s004,mid,zoom,mid,-1551.9051433915,-15.519051433915,-1551.9051433915,0,0,0,0,0,0,0,0,0
tower_upgrade,Tower Upgrade,corrupt,C,5,partial,s004,mid,zoom,mid,-1551.9051433915,-15.519051433915,-1671.5526433915,-119.64750000000004,-134603.4375,-26920.6875,-1.1964749999999995,-1346.034375000003,-269.2068750000006,0,0,-0.07709717343840035
copy_machine,Copy Machine,base,C,19,not modeled,s004,mid,zoom,mid,-1551.9051433915,-15.519051433915,-1551.9051433915,0,0,0,0,0,0,0,0,0
whiteboard,Whiteboard,base,D,17,not modeled,s004,mid,zoom,mid,-1551.9051433915,-15.519051433915,-1551.9051433915,0,0,0,0,0,0,0,0,0
high_roller_pass,High Roller Pass,base,D,19,not modeled,s004,mid,zoom,mid,-1551.9051433915,-15.519051433915,-1551.9051433915,0,0,0,0,0,0,0,0,0
high_roller_pass,High Roller Pass,corrupt,D,9,partial,s004,mid,zoom,mid,-1551.9051433915,-15.519051433915,-2443.7301433915,-891.825,-1003303.1249999998,-111478.12499999997,-8.91825,-10033.031250000004,-1114.7812500000005,0,0,-0.5746646332075587
window,Window,base,D,20,proc,s004,mid,zoom,mid,-1551.9051433915,-15.519051433915,-1551.9051433915,0,0,0,0,0,0,0,0,0
window,Window,corrupt,D,10,partial,s004,mid,zoom,mid,-1551.9051433915,-15.519051433915,-2443.7301433915,-891.825,-1003303.1249999998,-100330.31249999997,-8.91825,-10033.031250000004,-1003.3031250000004,0,0,-0.5746646332075587
bookshelf,Bookshelf,base,D,22,modeled,s004,mid,zoom,mid,-1551.9051433915,-15.519051433915,-1551.9051433915,0,0,0,0,0,0,0,0,0
bookshelf,Bookshelf,corrupt,D,11,modeled,s004,mid,zoom,mid,-1551.9051433915,-15.519051433915,-1551.9051433915,0,0,0,0,0,0,0,0,0
cereal_shelf,Cereal Shelf,base,D,24,not modeled,s004,mid,zoom,mid,-1551.9051433915,-15.519051433915,-1551.9051433915,0,0,0,0,0,0,0,0,0
cereal_shelf,Cereal Shelf,corrupt,D,12,not modeled,s004,mid,zoom,mid,-1551.9051433915,-15.519051433915,-1551.9051433915,0,0,0,0,0,0,0,0,0
fire_extinguisher,Fire Extinguisher,base,D,24,proc,s004,mid,zoom,mid,-1551.9051433915,-15.519051433915,-1551.9051433915,0,0,0,0,0,0,0,0,0
fire_extinguisher,Fire Extinguisher,corrupt,D,12,partial,s004,mid,zoom,mid,-1551.9051433915,-15.519051433915,-1609.8413575436,-57.93621415210009,-65178.24092111271,-5431.520076759392,-0.5793621415209991,-651.7824092111259,-54.31520076759383,0,0,-0.03733231660376326
blackout_curtains,Blackout Curtains,base,D,24,proc,s004,mid,zoom,mid,-1551.9051433915,-15.519051433915,-1551.9051433915,0,0,0,0,0,0,0,0,0
blackout_curtains,Blackout Curtains,corrupt,D,12,partial,s004,mid,zoom,mid,-1551.9051433915,-15.519051433915,-2622.0951433915,-1070.1900000000003,-1203963.7500000007,-100330.31250000006,-10.701900000000002,-12039.637500000004,-1003.3031250000004,0,0,-0.6895975598490706
tip_jar,Tip Jar,base,D,24,not modeled,s004,mid,zoom,mid,-1551.9051433915,-15.519051433915,-1551.9051433915,0,0,0,0,0,0,0,0,0
tip_jar,Tip Jar,corrupt,D,12,not modeled,s004,mid,zoom,mid,-1551.9051433915,-15.519051433915,-1551.9051433915,0,0,0,0,0,0,0,0,0
shredder,Shredder,base,D,18,proc,s004,mid,zoom,mid,-1551.9051433915,-15.519051433915,-1551.9051433915,0,0,0,0,0,0,0,0,0
shredder,Shredder,corrupt,D,9,partial,s004,mid,zoom,mid,-1551.9051433915,-15.519051433915,-1621.4286003741,-69.52345698260001,-78213.88910542498,-8690.432122824997,-0.6952345698260025,-782.1388910542519,-86.90432122825021,0,0,-0.04479877992456739
cool_towel,Cool Towel,base,D,16,proc,s004,mid,zoom,mid,-1551.9051433915,-15.519051433915,-1551.9051433915,0,0,0,0,0,0,0,0,0
waste_basket,Waste Basket,base,D,18,proc,s004,mid,zoom,mid,-1551.9051433915,-15.519051433915,-1551.9051433915,0,0,0,0,0,0,0,0,0
waste_basket,Waste Basket,corrupt,D,9,proc,s004,mid,zoom,mid,-1551.9051433915,-15.519051433915,-1551.9051433915,0,0,0,0,0,0,0,0,0
cleaning_robot,Cleaning Robot,base,D,24,proc,s004,mid,zoom,mid,-1551.9051433915,-15.519051433915,-1551.9051433915,0,0,0,0,0,0,0,0,0
wall_hanger,Wall Hanger,base,A,2,modeled,s004,mid,zoom,capped,-861.18009868421,-8.6118009868421,-824.33799342105,36.842105263159965,41447.36842105503,20723.684210527514,0.3684210526316001,414.47368421055216,207.23684210527608,0,0,0.042780952926630235
wall_hanger,Wall Hanger,corrupt,A,2,modeled,s004,mid,zoom,capped,-861.18009868421,-8.6118009868421,-124.33799342105,736.84210526316,828947.3684210549,414473.68421052746,7.3684210526316,8289.47368421055,4144.736842105275,0,0,0.855619058532559
mirror,Mirror,base,A,3,modeled,s004,mid,zoom,capped,-861.18009868421,-8.6118009868421,-861.18009868421,0,0,0,0,0,0,0,0,0
mirror,Mirror,corrupt,A,2,modeled,s004,mid,zoom,capped,-861.18009868421,-8.6118009868421,-861.18009868421,0,0,0,0,0,0,0,0,0
fight_night_poster,Fight Night Poster,base,A,4,not modeled,s004,mid,zoom,capped,-861.18009868421,-8.6118009868421,-861.18009868421,0,0,0,0,0,0,0,0,0
fight_night_poster,Fight Night Poster,corrupt,A,3,not modeled,s004,mid,zoom,capped,-861.18009868421,-8.6118009868421,-861.18009868421,0,0,0,0,0,0,0,0,0
energy_drink,Energy Drink,base,A,3,proc,s004,mid,zoom,capped,-861.18009868421,-8.6118009868421,-861.18009868421,0,0,0,0,0,0,0,0,0
energy_drink,Energy Drink,corrupt,A,2,proc,s004,mid,zoom,capped,-861.18009868421,-8.6118009868421,-861.18009868421,0,0,0,0,0,0,0,0,0
corkboard,Corkboard,base,A,4,modeled,s004,mid,zoom,capped,-861.18009868421,-8.6118009868421,-691.34868421053,169.83141447367996,191060.34128288995,47765.085320722486,1.6983141447368002,1910.6034128289002,477.65085320722505,0.06578947368420995,0.050000000000000044,0.19720777887594476
corkboard,Corkboard,corrupt,A,2,modeled,s004,mid,zoom,capped,-861.18009868421,-8.6118009868421,-181.85444078947,679.32565789474,764241.3651315824,382120.6825657912,6.7932565789474,7642.4136513158255,3821.2068256579128,0.26315789473685003,0.20000000000000007,0.7888311155038024
stack_of_books,Stack of Books,base,A,4,modeled,s004,mid,zoom,capped,-861.18009868421,-8.6118009868421,-826.640625,34.53947368420995,38856.907894736156,9714.226973684039,0.34539473684210087,388.5690789473647,97.14226973684117,0,0,0.040107143368712926
stack_of_books,Stack of Books,corrupt,A,3,modeled,s004,mid,zoom,capped,-861.18009868421,-8.6118009868421,-799.00904605263,62.17105263157998,69942.43421052746,23314.144736842485,0.6217105263158,699.4243421052761,233.14144736842536,0,0,0.07219285806368567
throw_pillow,Throw Pillow,base,A,4,modeled,s004,mid,zoom,capped,-861.18009868421,-8.6118009868421,-826.24259868421,34.9375,39304.6875,9826.171875,0.3493750000000002,393.0468750000018,98.26171875000045,0,0,0.040569330449438765
throw_pillow,Throw Pillow,corrupt,A,2,modeled,s004,mid,zoom,capped,-861.18009868421,-8.6118009868421,-1026.2800986842,-165.09999999999013,-185737.49999998882,-92868.74999999441,-1.6509999999999003,-1857.3749999998872,-928.6874999999436,0,0,-0.19171367319361546
starter_gift_box,Starter Gift Box,base,A,4,not modeled,s004,mid,zoom,capped,-861.18009868421,-8.6118009868421,-861.18009868421,0,0,0,0,0,0,0,0,0
starter_gift_box,Starter Gift Box,corrupt,A,3,not modeled,s004,mid,zoom,capped,-861.18009868421,-8.6118009868421,-861.18009868421,0,0,0,0,0,0,0,0,0
lava_lamp,Lava Lamp,base,A,5,modeled,s004,mid,zoom,capped,-861.18009868421,-8.6118009868421,-823.94222861842,37.237870065789934,41892.60382401361,8378.520764802723,0.3723787006579009,418.92603824013895,83.7852076480278,0,0,0.043240513944394876
lava_lamp,Lava Lamp,corrupt,A,3,modeled,s004,mid,zoom,capped,-861.18009868421,-8.6118009868421,-749.46648848684,111.71361019736992,125677.81147204118,41892.60382401373,1.1171361019737,1256.7781147204132,418.92603824013776,0,0,0.12972154183318477
comfort_bed,Comfort Bed,base,A,4,modeled,s004,mid,zoom,capped,-861.18009868421,-8.6118009868421,-768.31134868421,92.86874999999998,104477.34375,26119.3359375,0.9286875000000006,1044.7734375000018,261.19335937500045,0,0,0.10783894117141511
comfort_bed,Comfort Bed,corrupt,A,2,not modeled,s004,mid,zoom,capped,-861.18009868421,-8.6118009868421,-861.18009868421,0,0,0,0,0,0,0,0,0
yellow_sticky_note,Yellow Sticky Note,base,A,5,modeled,s004,mid,zoom,capped,-861.18009868421,-8.6118009868421,-743.35012335526,117.8299753289499,132558.72224506864,26511.744449013728,1.1782997532895,1325.5872224506875,265.1174444901375,0,0,0.13682384847139564
yellow_sticky_note,Yellow Sticky Note,corrupt,A,4,modeled,s004,mid,zoom,capped,-861.18009868421,-8.6118009868421,552.77960526316,1413.95970394737,1590704.666940791,397676.16673519777,14.1395970394737,15907.046669407911,3976.761667351978,0,0,1.6418861816567143
rubber_duck,Rubber Duck,base,A,5,not modeled,s004,mid,zoom,capped,-861.18009868421,-8.6118009868421,-861.18009868421,0,0,0,0,0,0,0,0,0
rubber_duck,Rubber Duck,corrupt,A,2,modeled,s004,mid,zoom,capped,-861.18009868421,-8.6118009868421,-2024.8425986842,-1163.6624999999901,-1309120.3124999888,-654560.1562499944,-11.636624999999901,-13091.203124999887,-6545.601562499944,0,0,-1.3512417458066444
stash_box,Stash Box,base,B,6,not modeled,s004,mid,zoom,capped,-861.18009868421,-8.6118009868421,-861.18009868421,0,0,0,0,0,0,0,0,0
stash_box,Stash Box,corrupt,B,3,not modeled,s004,mid,zoom,capped,-861.18009868421,-8.6118009868421,-861.18009868421,0,0,0,0,0,0,0,0,0
dogs_playing_poker,Dogs Playing Poker,base,B,6,proc,s004,mid,zoom,capped,-861.18009868421,-8.6118009868421,-861.18009868421,0,0,0,0,0,0,0,0,0
dogs_playing_poker,Dogs Playing Poker,corrupt,B,3,proc,s004,mid,zoom,capped,-861.18009868421,-8.6118009868421,-861.18009868421,0,0,0,0,0,0,0,0,0
calculator,Calculator,base,B,7,modeled,s004,mid,zoom,capped,-861.18009868421,-8.6118009868421,-622.82718182009,238.35291686411995,268147.031472135,38306.71878173357,2.3835291686412,2681.4703147213504,383.06718781733576,0.13944002550975998,0.03750000000000003,0.276774762013541
calculator,Calculator,corrupt,B,4,modeled,s004,mid,zoom,capped,-861.18009868421,-8.6118009868421,1380.6491640543,2241.82926273851,2522057.9205808234,630514.4801452059,22.4182926273851,25220.579205808237,6305.144801452059,2.4687666135034303,0.375,2.603206072880438
ring_binder,Ring Binder,base,B,7,not modeled,s004,mid,zoom,capped,-861.18009868421,-8.6118009868421,-861.18009868421,0,0,0,0,0,0,0,0,0
ring_binder,Ring Binder,corrupt,B,4,not modeled,s004,mid,zoom,capped,-861.18009868421,-8.6118009868421,-861.18009868421,0,0,0,0,0,0,0,0,0
space_heater,Space Heater,base,B,8,modeled,s004,mid,zoom,capped,-861.18009868421,-8.6118009868421,-594.68009868421,266.5,299812.5,37476.5625,2.665,2998.125,374.765625,0,0,0.3094590787771143
space_heater,Space Heater,corrupt,B,8,modeled,s004,mid,zoom,capped,-861.18009868421,-8.6118009868421,-3526.1800986842,-2664.99999999999,-2998124.9999999884,-374765.62499999854,-26.6499999999999,-29981.24999999988,-3747.656249999985,0,0,-3.0945907877711316
pencil_holder,Pencil Holder,base,B,8,not modeled,s004,mid,zoom,capped,-861.18009868421,-8.6118009868421,-861.18009868421,0,0,0,0,0,0,0,0,0
pencil_holder,Pencil Holder,corrupt,B,4,not modeled,s004,mid,zoom,capped,-861.18009868421,-8.6118009868421,-861.18009868421,0,0,0,0,0,0,0,0,0
bonsai,Bonsai,base,B,10,not modeled,s004,mid,zoom,capped,-861.18009868421,-8.6118009868421,-861.18009868421,0,0,0,0,0,0,0,0,0
bonsai,Bonsai,corrupt,B,5,not modeled,s004,mid,zoom,capped,-861.18009868421,-8.6118009868421,-861.18009868421,0,0,0,0,0,0,0,0,0
desk_plant,Desk Plant,base,B,8,modeled,s004,mid,zoom,capped,-861.18009868421,-8.6118009868421,-861.18009868421,0,0,0,0,0,0,0,0,0
desk_plant,Desk Plant,corrupt,B,5,modeled,s004,mid,zoom,capped,-861.18009868421,-8.6118009868421,-861.18009868421,0,0,0,0,0,0,0,0,0
desk,Desk,base,B,9,not modeled,s004,mid,zoom,capped,-861.18009868421,-8.6118009868421,-861.18009868421,0,0,0,0,0,0,0,0,0
desk,Desk,corrupt,B,5,not modeled,s004,mid,zoom,capped,-861.18009868421,-8.6118009868421,-861.18009868421,0,0,0,0,0,0,0,0,0
rebuy_sticky_note,Rebuy Sticky Note,base,B,10,not modeled,s004,mid,zoom,capped,-861.18009868421,-8.6118009868421,-861.18009868421,0,0,0,0,0,0,0,0,0
rebuy_sticky_note,Rebuy Sticky Note,corrupt,B,5,not modeled,s004,mid,zoom,capped,-861.18009868421,-8.6118009868421,-861.18009868421,0,0,0,0,0,0,0,0,0
gaming_chair,Gaming Chair,base,B,10,proc,s004,mid,zoom,capped,-861.18009868421,-8.6118009868421,-861.18009868421,0,0,0,0,0,0,0,0,0
gaming_chair,Gaming Chair,corrupt,B,5,partial,s004,mid,zoom,capped,-861.18009868421,-8.6118009868421,-1394.1800986842,-532.99999999999,-599624.9999999886,-119924.99999999772,-5.329999999999901,-5996.249999999887,-1199.2499999999775,0,0,-0.618918157554217
headset,Headset,base,B,6,modeled,s004,mid,zoom,capped,-861.18009868421,-8.6118009868421,-657.38240131579,203.7976973684199,229272.40953947243,38212.068256578736,2.0379769736842004,2292.7240953947266,382.1206825657878,0.07894736842105998,0.06,0.2366493346511383
headset,Headset,corrupt,B,5,modeled,s004,mid,zoom,capped,-861.18009868421,-8.6118009868421,327.63980263158,1188.81990131579,1337422.3889802636,267484.4777960527,11.8881990131579,13374.223889802637,2674.8447779605276,0.46052631578948,0.35,1.3804544521316484
prize_vase,Prize Vase,base,C,12,proc,s004,mid,zoom,capped,-861.18009868421,-8.6118009868421,-861.18009868421,0,0,0,0,0,0,0,0,0
prize_vase,Prize Vase,corrupt,C,6,proc,s004,mid,zoom,capped,-861.18009868421,-8.6118009868421,-861.18009868421,0,0,0,0,0,0,0,0,0
compact_fridge,Compact Fridge,base,B,12,not modeled,s004,mid,zoom,capped,-861.18009868421,-8.6118009868421,-861.18009868421,0,0,0,0,0,0,0,0,0
compact_fridge,Compact Fridge,corrupt,B,6,not modeled,s004,mid,zoom,capped,-861.18009868421,-8.6118009868421,-861.18009868421,0,0,0,0,0,0,0,0,0
wall_clock,Wall Clock,base,B,12,proc,s004,mid,zoom,capped,-861.18009868421,-8.6118009868421,-861.18009868421,0,0,0,0,0,0,0,0,0
wall_clock,Wall Clock,corrupt,B,7,partial,s004,mid,zoom,capped,-861.18009868421,-8.6118009868421,-1527.4300986842,-666.24999999999,-749531.2499999886,-107075.89285714123,-6.6624999999999,-7495.312499999887,-1070.7589285714125,0,0,-0.7736476969427741
house_cat,House Cat,base,B,8,proc,s004,mid,zoom,capped,-861.18009868421,-8.6118009868421,-861.18009868421,0,0,0,0,0,0,0,0,0
house_cat,House Cat,corrupt,B,4,proc,s004,mid,zoom,capped,-861.18009868421,-8.6118009868421,-861.18009868421,0,0,0,0,0,0,0,0,0
candle,Candle,base,B,7,proc,s004,mid,zoom,capped,-861.18009868421,-8.6118009868421,-861.18009868421,0,0,0,0,0,0,0,0,0
dusty_console,Dusty Console,base,B,5,modeled,s004,mid,zoom,capped,-861.18009868421,-8.6118009868421,-861.18009868421,0,0,0,0,0,0,0,0,0
handheld,Handheld,base,B,5,modeled,s004,mid,zoom,capped,-861.18009868421,-8.6118009868421,-759.28125,101.89884868420995,114636.20476973616,22927.240953947232,1.0189884868421002,1146.3620476973629,229.27240953947256,0.03947368421052999,0.030000000000000027,0.11832466732556915
red_rug,Red Rug,base,B,8,modeled,s004,mid,zoom,capped,-861.18009868421,-8.6118009868421,-861.18009868421,0,0,0,0,0,0,0,0,0
dish_soap,Dish Soap,base,B,12,proc,s004,mid,zoom,capped,-861.18009868421,-8.6118009868421,-861.18009868421,0,0,0,0,0,0,0,0,0
rolled_vouchers,Rolled Vouchers,base,C,9,proc,s004,mid,zoom,capped,-861.18009868421,-8.6118009868421,-861.18009868421,0,0,0,0,0,0,0,0,0
rolled_vouchers,Rolled Vouchers,corrupt,C,5,proc,s004,mid,zoom,capped,-861.18009868421,-8.6118009868421,-861.18009868421,0,0,0,0,0,0,0,0,0
second_monitor,Second Monitor,base,C,10,modeled,s004,mid,zoom,capped,-861.18009868421,-8.6118009868421,-861.18009868421,0,0,0,0,0,0,0,0,0
second_monitor,Second Monitor,corrupt,C,6,modeled,s004,mid,zoom,capped,-861.18009868421,-8.6118009868421,-861.18009868421,0,0,0,0,0,0,0,0,0
laptop_terminal,Laptop Terminal,base,D,12,not modeled,s004,mid,zoom,capped,-861.18009868421,-8.6118009868421,-861.18009868421,0,0,0,0,0,0,0,0,0
laptop_terminal,Laptop Terminal,corrupt,D,6,not modeled,s004,mid,zoom,capped,-861.18009868421,-8.6118009868421,-861.18009868421,0,0,0,0,0,0,0,0,0
gaming_keyboard,Gaming Keyboard,base,D,12,not modeled,s004,mid,zoom,capped,-861.18009868421,-8.6118009868421,-861.18009868421,0,0,0,0,0,0,0,0,0
gaming_keyboard,Gaming Keyboard,corrupt,D,6,not modeled,s004,mid,zoom,capped,-861.18009868421,-8.6118009868421,-861.18009868421,0,0,0,0,0,0,0,0,0
box_of_mice,Box of Mice,base,D,13,not modeled,s004,mid,zoom,capped,-861.18009868421,-8.6118009868421,-861.18009868421,0,0,0,0,0,0,0,0,0
box_of_mice,Box of Mice,corrupt,D,7,not modeled,s004,mid,zoom,capped,-861.18009868421,-8.6118009868421,-861.18009868421,0,0,0,0,0,0,0,0,0
wacom_tablet,Wacom Tablet,base,D,13,not modeled,s004,mid,zoom,capped,-861.18009868421,-8.6118009868421,-861.18009868421,0,0,0,0,0,0,0,0,0
wacom_tablet,Wacom Tablet,corrupt,D,7,not modeled,s004,mid,zoom,capped,-861.18009868421,-8.6118009868421,-861.18009868421,0,0,0,0,0,0,0,0,0
desk_lamp,Desk Lamp,base,D,10,not modeled,s004,mid,zoom,capped,-861.18009868421,-8.6118009868421,-861.18009868421,0,0,0,0,0,0,0,0,0
desk_lamp,Desk Lamp,corrupt,D,6,not modeled,s004,mid,zoom,capped,-861.18009868421,-8.6118009868421,-861.18009868421,0,0,0,0,0,0,0,0,0
telephone,Telephone,base,D,12,not modeled,s004,mid,zoom,capped,-861.18009868421,-8.6118009868421,-861.18009868421,0,0,0,0,0,0,0,0,0
glass_partition,Glass Partition,base,D,12,not modeled,s004,mid,zoom,capped,-861.18009868421,-8.6118009868421,-861.18009868421,0,0,0,0,0,0,0,0,0
electric_kettle,Electric Kettle,base,D,11,not modeled,s004,mid,zoom,capped,-861.18009868421,-8.6118009868421,-861.18009868421,0,0,0,0,0,0,0,0,0
electric_kettle,Electric Kettle,corrupt,D,8,not modeled,s004,mid,zoom,capped,-861.18009868421,-8.6118009868421,-861.18009868421,0,0,0,0,0,0,0,0,0
chrome_toaster,Chrome Toaster,base,D,14,not modeled,s004,mid,zoom,capped,-861.18009868421,-8.6118009868421,-706.78865131579,154.3914473684199,173690.37828947243,12406.455592105174,1.5439144736842003,1736.9037828947266,124.0645559210519,0.34539473684211,0,0.17927893085814842
chrome_toaster,Chrome Toaster,corrupt,D,8,not modeled,s004,mid,zoom,capped,-861.18009868421,-8.6118009868421,-185.71751644737,675.4625822368399,759895.4050164449,94986.9256270556,6.7546258223684,7598.954050164451,949.8692562705563,1.5111019736842302,0,0.7843453225044026
first_aid_kit,First Aid Kit,base,D,16,proc,s004,mid,zoom,capped,-861.18009868421,-8.6118009868421,-861.18009868421,0,0,0,0,0,0,0,0,0
first_aid_kit,First Aid Kit,corrupt,D,8,partial,s004,mid,zoom,capped,-861.18009868421,-8.6118009868421,-1002.5760690789,-141.39597039469004,-159070.46669402625,-19883.80833675328,-1.4139597039468992,-1590.7046669402607,-198.8380833675326,0,0,-0.16418861816561692
nightstand,Nightstand,base,D,13,proc,s004,mid,zoom,capped,-861.18009868421,-8.6118009868421,-861.18009868421,0,0,0,0,0,0,0,0,0
nightstand,Nightstand,corrupt,D,8,proc,s004,mid,zoom,capped,-861.18009868421,-8.6118009868421,-861.18009868421,0,0,0,0,0,0,0,0,0
receipt_printer,Receipt Printer,base,C,19,proc,s004,mid,zoom,capped,-861.18009868421,-8.6118009868421,-861.18009868421,0,0,0,0,0,0,0,0,0
receipt_printer,Receipt Printer,corrupt,C,9,proc,s004,mid,zoom,capped,-861.18009868421,-8.6118009868421,-861.18009868421,0,0,0,0,0,0,0,0,0
microwave_oven,Microwave Oven,base,D,18,proc,s004,mid,zoom,capped,-861.18009868421,-8.6118009868421,-861.18009868421,0,0,0,0,0,0,0,0,0
microwave_oven,Microwave Oven,corrupt,D,10,partial,s004,mid,zoom,capped,-861.18009868421,-8.6118009868421,-1527.4300986842,-666.24999999999,-749531.2499999886,-74953.12499999886,-6.6624999999999,-7495.312499999887,-749.5312499999887,0,0,-0.7736476969427741
framed_diploma,Framed Diploma,base,D,18,proc,s004,mid,zoom,capped,-861.18009868421,-8.6118009868421,-861.18009868421,0,0,0,0,0,0,0,0,0
framed_diploma,Framed Diploma,corrupt,D,9,partial,s004,mid,zoom,capped,-861.18009868421,-8.6118009868421,-1002.5760690789,-141.39597039469004,-159070.46669402625,-17674.49629933625,-1.4139597039468992,-1590.7046669402607,-176.7449629933623,0,0,-0.16418861816561692
laminated_blueprint,Laminated Blueprint,base,D,19,not modeled,s004,mid,zoom,capped,-861.18009868421,-8.6118009868421,-861.18009868421,0,0,0,0,0,0,0,0,0
laminated_blueprint,Laminated Blueprint,corrupt,D,10,not modeled,s004,mid,zoom,capped,-861.18009868421,-8.6118009868421,-861.18009868421,0,0,0,0,0,0,0,0,0
console_television,Console Television,base,D,26,proc,s004,mid,zoom,capped,-861.18009868421,-8.6118009868421,-861.18009868421,0,0,0,0,0,0,0,0,0
console_television,Console Television,corrupt,D,13,partial,s004,mid,zoom,capped,-861.18009868421,-8.6118009868421,-1096.8400493421,-235.65995065789002,-265117.4444901261,-20393.649576163545,-2.3565995065789007,-2651.174444901262,-203.93649576163554,0,0,-0.27364769694277996
desk_speakers,Desk Speakers,base,C,10,modeled,s004,mid,zoom,capped,-861.18009868421,-8.6118009868421,-861.18009868421,0,0,0,0,0,0,0,0,0
desk_speakers,Desk Speakers,corrupt,C,6,modeled,s004,mid,zoom,capped,-861.18009868421,-8.6118009868421,-861.18009868421,0,0,0,0,0,0,0,0,0
curved_monitor,Curved Monitor,base,C,13,proc,s004,mid,zoom,capped,-861.18009868421,-8.6118009868421,-861.18009868421,0,0,0,0,0,0,0,0,0
curved_monitor,Curved Monitor,corrupt,C,7,partial,s004,mid,zoom,capped,-861.18009868421,-8.6118009868421,-1527.4300986842,-666.24999999999,-749531.2499999886,-107075.89285714123,-6.6624999999999,-7495.312499999887,-1070.7589285714125,0,0,-0.7736476969427741
tower_upgrade,Tower Upgrade,base,C,14,proc,s004,mid,zoom,capped,-861.18009868421,-8.6118009868421,-861.18009868421,0,0,0,0,0,0,0,0,0
tower_upgrade,Tower Upgrade,corrupt,C,5,partial,s004,mid,zoom,capped,-861.18009868421,-8.6118009868421,-959.00509868421,-97.82500000000005,-110053.125,-22010.625,-0.9782499999999992,-1100.5312499999982,-220.10624999999965,0,0,-0.1135941252584286
copy_machine,Copy Machine,base,C,19,not modeled,s004,mid,zoom,capped,-861.18009868421,-8.6118009868421,-861.18009868421,0,0,0,0,0,0,0,0,0
whiteboard,Whiteboard,base,D,17,not modeled,s004,mid,zoom,capped,-861.18009868421,-8.6118009868421,-861.18009868421,0,0,0,0,0,0,0,0,0
high_roller_pass,High Roller Pass,base,D,19,not modeled,s004,mid,zoom,capped,-861.18009868421,-8.6118009868421,-861.18009868421,0,0,0,0,0,0,0,0,0
high_roller_pass,High Roller Pass,corrupt,D,9,partial,s004,mid,zoom,capped,-861.18009868421,-8.6118009868421,-1527.4300986842,-666.24999999999,-749531.2499999886,-83281.24999999873,-6.6624999999999,-7495.312499999887,-832.8124999999875,0,0,-0.7736476969427741
window,Window,base,D,20,proc,s004,mid,zoom,capped,-861.18009868421,-8.6118009868421,-861.18009868421,0,0,0,0,0,0,0,0,0
window,Window,corrupt,D,10,partial,s004,mid,zoom,capped,-861.18009868421,-8.6118009868421,-1527.4300986842,-666.24999999999,-749531.2499999886,-74953.12499999886,-6.6624999999999,-7495.312499999887,-749.5312499999887,0,0,-0.7736476969427741
bookshelf,Bookshelf,base,D,22,modeled,s004,mid,zoom,capped,-861.18009868421,-8.6118009868421,-861.18009868421,0,0,0,0,0,0,0,0,0
bookshelf,Bookshelf,corrupt,D,11,modeled,s004,mid,zoom,capped,-861.18009868421,-8.6118009868421,-861.18009868421,0,0,0,0,0,0,0,0,0
cereal_shelf,Cereal Shelf,base,D,24,not modeled,s004,mid,zoom,capped,-861.18009868421,-8.6118009868421,-861.18009868421,0,0,0,0,0,0,0,0,0
cereal_shelf,Cereal Shelf,corrupt,D,12,not modeled,s004,mid,zoom,capped,-861.18009868421,-8.6118009868421,-861.18009868421,0,0,0,0,0,0,0,0,0
fire_extinguisher,Fire Extinguisher,base,D,24,proc,s004,mid,zoom,capped,-861.18009868421,-8.6118009868421,-861.18009868421,0,0,0,0,0,0,0,0,0
fire_extinguisher,Fire Extinguisher,corrupt,D,12,partial,s004,mid,zoom,capped,-861.18009868421,-8.6118009868421,-979.01007401316,-117.82997532895001,-132558.72224506876,-11046.560187089062,-1.1782997532894992,-1325.5872224506857,-110.46560187089047,0,0,-0.13682384847139578
blackout_curtains,Blackout Curtains,base,D,24,proc,s004,mid,zoom,capped,-861.18009868421,-8.6118009868421,-861.18009868421,0,0,0,0,0,0,0,0,0
blackout_curtains,Blackout Curtains,corrupt,D,12,partial,s004,mid,zoom,capped,-861.18009868421,-8.6118009868421,-1660.6800986842,-799.49999999999,-899437.4999999886,-74953.12499999905,-7.9949999999999,-8994.374999999887,-749.5312499999906,0,0,-0.9283772363313313
tip_jar,Tip Jar,base,D,24,not modeled,s004,mid,zoom,capped,-861.18009868421,-8.6118009868421,-861.18009868421,0,0,0,0,0,0,0,0,0
tip_jar,Tip Jar,corrupt,D,12,not modeled,s004,mid,zoom,capped,-861.18009868421,-8.6118009868421,-861.18009868421,0,0,0,0,0,0,0,0,0
shredder,Shredder,base,D,18,proc,s004,mid,zoom,capped,-861.18009868421,-8.6118009868421,-861.18009868421,0,0,0,0,0,0,0,0,0
shredder,Shredder,corrupt,D,9,partial,s004,mid,zoom,capped,-861.18009868421,-8.6118009868421,-1002.5760690789,-141.39597039469004,-159070.46669402625,-17674.49629933625,-1.4139597039468992,-1590.7046669402607,-176.7449629933623,0,0,-0.16418861816561692
cool_towel,Cool Towel,base,D,16,proc,s004,mid,zoom,capped,-861.18009868421,-8.6118009868421,-861.18009868421,0,0,0,0,0,0,0,0,0
waste_basket,Waste Basket,base,D,18,proc,s004,mid,zoom,capped,-861.18009868421,-8.6118009868421,-861.18009868421,0,0,0,0,0,0,0,0,0
waste_basket,Waste Basket,corrupt,D,9,proc,s004,mid,zoom,capped,-861.18009868421,-8.6118009868421,-861.18009868421,0,0,0,0,0,0,0,0,0
cleaning_robot,Cleaning Robot,base,D,24,proc,s004,mid,zoom,capped,-861.18009868421,-8.6118009868421,-861.18009868421,0,0,0,0,0,0,0,0,0
wall_hanger,Wall Hanger,base,A,2,modeled,s004,mid,ko,naked,-219.84941731189,-2.1984941731189,-219.84941731189,0,0,0,0,0,0,0,0,0
wall_hanger,Wall Hanger,corrupt,A,2,modeled,s004,mid,ko,naked,-219.84941731189,-2.1984941731189,-219.84941731189,0,0,0,0,0,0,0,0,0
mirror,Mirror,base,A,3,modeled,s004,mid,ko,naked,-219.84941731189,-2.1984941731189,-219.84941731189,0,0,0,0,0,0,0,0,0
mirror,Mirror,corrupt,A,2,modeled,s004,mid,ko,naked,-219.84941731189,-2.1984941731189,-219.84941731189,0,0,0,0,0,0,0,0,0
fight_night_poster,Fight Night Poster,base,A,4,not modeled,s004,mid,ko,naked,-219.84941731189,-2.1984941731189,-219.84941731189,0,0,0,0,0,0,0,0,0
fight_night_poster,Fight Night Poster,corrupt,A,3,not modeled,s004,mid,ko,naked,-219.84941731189,-2.1984941731189,-219.84941731189,0,0,0,0,0,0,0,0,0
energy_drink,Energy Drink,base,A,3,proc,s004,mid,ko,naked,-219.84941731189,-2.1984941731189,-219.84941731189,0,0,0,0,0,0,0,0,0
energy_drink,Energy Drink,corrupt,A,2,proc,s004,mid,ko,naked,-219.84941731189,-2.1984941731189,-219.84941731189,0,0,0,0,0,0,0,0,0
corkboard,Corkboard,base,A,4,modeled,s004,mid,ko,naked,-219.84941731189,-2.1984941731189,-83.31064760201,136.53876970988,26714.107117150434,6678.526779287608,1.3653876970987997,267.14107117150434,66.78526779287608,0,0.05,0.6210558635057872
corkboard,Corkboard,corrupt,A,2,modeled,s004,mid,ko,naked,-219.84941731189,-2.1984941731189,811.68788109717,1031.53729840906,201822.51490612043,100911.25745306021,10.315372984090601,2018.2251490612048,1009.1125745306024,0,0.2,4.692017431848212
stack_of_books,Stack of Books,base,A,4,modeled,s004,mid,ko,naked,-219.84941731189,-2.1984941731189,-219.84941731189,0,0,0,0,0,0,0,0,0
stack_of_books,Stack of Books,corrupt,A,3,modeled,s004,mid,ko,naked,-219.84941731189,-2.1984941731189,-219.84941731189,0,0,0,0,0,0,0,0,0
throw_pillow,Throw Pillow,base,A,4,modeled,s004,mid,ko,naked,-219.84941731189,-2.1984941731189,-219.84941731189,0,0,0,0,0,0,0,0,0
throw_pillow,Throw Pillow,corrupt,A,2,modeled,s004,mid,ko,naked,-219.84941731189,-2.1984941731189,-219.84941731189,0,0,0,0,0,0,0,0,0
starter_gift_box,Starter Gift Box,base,A,4,not modeled,s004,mid,ko,naked,-219.84941731189,-2.1984941731189,-219.84941731189,0,0,0,0,0,0,0,0,0
starter_gift_box,Starter Gift Box,corrupt,A,3,not modeled,s004,mid,ko,naked,-219.84941731189,-2.1984941731189,-219.84941731189,0,0,0,0,0,0,0,0,0
lava_lamp,Lava Lamp,base,A,5,modeled,s004,mid,ko,naked,-219.84941731189,-2.1984941731189,-219.84941731189,0,0,0,0,0,0,0,0,0
lava_lamp,Lava Lamp,corrupt,A,3,modeled,s004,mid,ko,naked,-219.84941731189,-2.1984941731189,-219.84941731189,0,0,0,0,0,0,0,0,0
comfort_bed,Comfort Bed,base,A,4,modeled,s004,mid,ko,naked,-219.84941731189,-2.1984941731189,-219.84941731189,0,0,0,0,0,0,0,0,0
comfort_bed,Comfort Bed,corrupt,A,2,not modeled,s004,mid,ko,naked,-219.84941731189,-2.1984941731189,-219.84941731189,0,0,0,0,0,0,0,0,0
yellow_sticky_note,Yellow Sticky Note,base,A,5,modeled,s004,mid,ko,naked,-219.84941731189,-2.1984941731189,-219.84941731189,0,0,0,0,0,0,0,0,0
yellow_sticky_note,Yellow Sticky Note,corrupt,A,4,modeled,s004,mid,ko,naked,-219.84941731189,-2.1984941731189,-219.84941731189,0,0,0,0,0,0,0,0,0
rubber_duck,Rubber Duck,base,A,5,not modeled,s004,mid,ko,naked,-219.84941731189,-2.1984941731189,-219.84941731189,0,0,0,0,0,0,0,0,0
rubber_duck,Rubber Duck,corrupt,A,2,modeled,s004,mid,ko,naked,-219.84941731189,-2.1984941731189,-219.84941731189,0,0,0,0,0,0,0,0,0
stash_box,Stash Box,base,B,6,not modeled,s004,mid,ko,naked,-219.84941731189,-2.1984941731189,-219.84941731189,0,0,0,0,0,0,0,0,0
stash_box,Stash Box,corrupt,B,3,not modeled,s004,mid,ko,naked,-219.84941731189,-2.1984941731189,-219.84941731189,0,0,0,0,0,0,0,0,0
dogs_playing_poker,Dogs Playing Poker,base,B,6,proc,s004,mid,ko,naked,-219.84941731189,-2.1984941731189,-219.84941731189,0,0,0,0,0,0,0,0,0
dogs_playing_poker,Dogs Playing Poker,corrupt,B,3,proc,s004,mid,ko,naked,-219.84941731189,-2.1984941731189,-219.84941731189,0,0,0,0,0,0,0,0,0
calculator,Calculator,base,B,7,modeled,s004,mid,ko,naked,-219.84941731189,-2.1984941731189,-219.84941731189,0,0,0,0,0,0,0,0,0
calculator,Calculator,corrupt,B,4,modeled,s004,mid,ko,naked,-219.84941731189,-2.1984941731189,-219.84941731189,0,0,0,0,0,0,0,0,0
ring_binder,Ring Binder,base,B,7,not modeled,s004,mid,ko,naked,-219.84941731189,-2.1984941731189,-219.84941731189,0,0,0,0,0,0,0,0,0
ring_binder,Ring Binder,corrupt,B,4,not modeled,s004,mid,ko,naked,-219.84941731189,-2.1984941731189,-219.84941731189,0,0,0,0,0,0,0,0,0
space_heater,Space Heater,base,B,8,modeled,s004,mid,ko,naked,-219.84941731189,-2.1984941731189,-219.84941731189,0,0,0,0,0,0,0,0,0
space_heater,Space Heater,corrupt,B,8,modeled,s004,mid,ko,naked,-219.84941731189,-2.1984941731189,-219.84941731189,0,0,0,0,0,0,0,0,0
pencil_holder,Pencil Holder,base,B,8,not modeled,s004,mid,ko,naked,-219.84941731189,-2.1984941731189,-219.84941731189,0,0,0,0,0,0,0,0,0
pencil_holder,Pencil Holder,corrupt,B,4,not modeled,s004,mid,ko,naked,-219.84941731189,-2.1984941731189,-219.84941731189,0,0,0,0,0,0,0,0,0
bonsai,Bonsai,base,B,10,not modeled,s004,mid,ko,naked,-219.84941731189,-2.1984941731189,-219.84941731189,0,0,0,0,0,0,0,0,0
bonsai,Bonsai,corrupt,B,5,not modeled,s004,mid,ko,naked,-219.84941731189,-2.1984941731189,-219.84941731189,0,0,0,0,0,0,0,0,0
desk_plant,Desk Plant,base,B,8,modeled,s004,mid,ko,naked,-219.84941731189,-2.1984941731189,-219.84941731189,0,0,0,0,0,0,0,0,0
desk_plant,Desk Plant,corrupt,B,5,modeled,s004,mid,ko,naked,-219.84941731189,-2.1984941731189,-219.84941731189,0,0,0,0,0,0,0,0,0
desk,Desk,base,B,9,not modeled,s004,mid,ko,naked,-219.84941731189,-2.1984941731189,-219.84941731189,0,0,0,0,0,0,0,0,0
desk,Desk,corrupt,B,5,not modeled,s004,mid,ko,naked,-219.84941731189,-2.1984941731189,-219.84941731189,0,0,0,0,0,0,0,0,0
rebuy_sticky_note,Rebuy Sticky Note,base,B,10,not modeled,s004,mid,ko,naked,-219.84941731189,-2.1984941731189,-219.84941731189,0,0,0,0,0,0,0,0,0
rebuy_sticky_note,Rebuy Sticky Note,corrupt,B,5,not modeled,s004,mid,ko,naked,-219.84941731189,-2.1984941731189,-219.84941731189,0,0,0,0,0,0,0,0,0
gaming_chair,Gaming Chair,base,B,10,proc,s004,mid,ko,naked,-219.84941731189,-2.1984941731189,-219.84941731189,0,0,0,0,0,0,0,0,0
gaming_chair,Gaming Chair,corrupt,B,5,partial,s004,mid,ko,naked,-219.84941731189,-2.1984941731189,-219.84941731189,0,0,0,0,0,0,0,0,0
headset,Headset,base,B,6,modeled,s004,mid,ko,naked,-219.84941731189,-2.1984941731189,-219.84941731189,0,0,0,0,0,0,0,0,0
headset,Headset,corrupt,B,5,modeled,s004,mid,ko,naked,-219.84941731189,-2.1984941731189,-219.84941731189,0,0,0,0,0,0,0,0,0
prize_vase,Prize Vase,base,C,12,proc,s004,mid,ko,naked,-219.84941731189,-2.1984941731189,-219.84941731189,0,0,0,0,0,0,0,0,0
prize_vase,Prize Vase,corrupt,C,6,proc,s004,mid,ko,naked,-219.84941731189,-2.1984941731189,-219.84941731189,0,0,0,0,0,0,0,0,0
compact_fridge,Compact Fridge,base,B,12,not modeled,s004,mid,ko,naked,-219.84941731189,-2.1984941731189,-219.84941731189,0,0,0,0,0,0,0,0,0
compact_fridge,Compact Fridge,corrupt,B,6,not modeled,s004,mid,ko,naked,-219.84941731189,-2.1984941731189,-219.84941731189,0,0,0,0,0,0,0,0,0
wall_clock,Wall Clock,base,B,12,proc,s004,mid,ko,naked,-219.84941731189,-2.1984941731189,-219.84941731189,0,0,0,0,0,0,0,0,0
wall_clock,Wall Clock,corrupt,B,7,partial,s004,mid,ko,naked,-219.84941731189,-2.1984941731189,-219.84941731189,0,0,0,0,0,0,0,0,0
house_cat,House Cat,base,B,8,proc,s004,mid,ko,naked,-219.84941731189,-2.1984941731189,-219.84941731189,0,0,0,0,0,0,0,0,0
house_cat,House Cat,corrupt,B,4,proc,s004,mid,ko,naked,-219.84941731189,-2.1984941731189,-219.84941731189,0,0,0,0,0,0,0,0,0
candle,Candle,base,B,7,proc,s004,mid,ko,naked,-219.84941731189,-2.1984941731189,-219.84941731189,0,0,0,0,0,0,0,0,0
dusty_console,Dusty Console,base,B,5,modeled,s004,mid,ko,naked,-219.84941731189,-2.1984941731189,-219.84941731189,0,0,0,0,0,0,0,0,0
handheld,Handheld,base,B,5,modeled,s004,mid,ko,naked,-219.84941731189,-2.1984941731189,-219.84941731189,0,0,0,0,0,0,0,0,0
red_rug,Red Rug,base,B,8,modeled,s004,mid,ko,naked,-219.84941731189,-2.1984941731189,-219.84941731189,0,0,0,0,0,0,0,0,0
dish_soap,Dish Soap,base,B,12,proc,s004,mid,ko,naked,-219.84941731189,-2.1984941731189,-219.84941731189,0,0,0,0,0,0,0,0,0
rolled_vouchers,Rolled Vouchers,base,C,9,proc,s004,mid,ko,naked,-219.84941731189,-2.1984941731189,-219.84941731189,0,0,0,0,0,0,0,0,0
rolled_vouchers,Rolled Vouchers,corrupt,C,5,proc,s004,mid,ko,naked,-219.84941731189,-2.1984941731189,-219.84941731189,0,0,0,0,0,0,0,0,0
second_monitor,Second Monitor,base,C,10,modeled,s004,mid,ko,naked,-219.84941731189,-2.1984941731189,-219.84941731189,0,0,0,0,0,0,0,0,0
second_monitor,Second Monitor,corrupt,C,6,modeled,s004,mid,ko,naked,-219.84941731189,-2.1984941731189,-219.84941731189,0,0,0,0,0,0,0,0,0
laptop_terminal,Laptop Terminal,base,D,12,not modeled,s004,mid,ko,naked,-219.84941731189,-2.1984941731189,-219.84941731189,0,0,0,0,0,0,0,0,0
laptop_terminal,Laptop Terminal,corrupt,D,6,not modeled,s004,mid,ko,naked,-219.84941731189,-2.1984941731189,-219.84941731189,0,0,0,0,0,0,0,0,0
gaming_keyboard,Gaming Keyboard,base,D,12,not modeled,s004,mid,ko,naked,-219.84941731189,-2.1984941731189,-219.84941731189,0,0,0,0,0,0,0,0,0
gaming_keyboard,Gaming Keyboard,corrupt,D,6,not modeled,s004,mid,ko,naked,-219.84941731189,-2.1984941731189,-219.84941731189,0,0,0,0,0,0,0,0,0
box_of_mice,Box of Mice,base,D,13,not modeled,s004,mid,ko,naked,-219.84941731189,-2.1984941731189,-219.84941731189,0,0,0,0,0,0,0,0,0
box_of_mice,Box of Mice,corrupt,D,7,not modeled,s004,mid,ko,naked,-219.84941731189,-2.1984941731189,-219.84941731189,0,0,0,0,0,0,0,0,0
wacom_tablet,Wacom Tablet,base,D,13,not modeled,s004,mid,ko,naked,-219.84941731189,-2.1984941731189,-219.84941731189,0,0,0,0,0,0,0,0,0
wacom_tablet,Wacom Tablet,corrupt,D,7,not modeled,s004,mid,ko,naked,-219.84941731189,-2.1984941731189,-219.84941731189,0,0,0,0,0,0,0,0,0
desk_lamp,Desk Lamp,base,D,10,not modeled,s004,mid,ko,naked,-219.84941731189,-2.1984941731189,-219.84941731189,0,0,0,0,0,0,0,0,0
desk_lamp,Desk Lamp,corrupt,D,6,not modeled,s004,mid,ko,naked,-219.84941731189,-2.1984941731189,-219.84941731189,0,0,0,0,0,0,0,0,0
telephone,Telephone,base,D,12,not modeled,s004,mid,ko,naked,-219.84941731189,-2.1984941731189,-219.84941731189,0,0,0,0,0,0,0,0,0
glass_partition,Glass Partition,base,D,12,not modeled,s004,mid,ko,naked,-219.84941731189,-2.1984941731189,-219.84941731189,0,0,0,0,0,0,0,0,0
electric_kettle,Electric Kettle,base,D,11,not modeled,s004,mid,ko,naked,-219.84941731189,-2.1984941731189,-219.84941731189,0,0,0,0,0,0,0,0,0
electric_kettle,Electric Kettle,corrupt,D,8,not modeled,s004,mid,ko,naked,-219.84941731189,-2.1984941731189,-219.84941731189,0,0,0,0,0,0,0,0,0
chrome_toaster,Chrome Toaster,base,D,14,not modeled,s004,mid,ko,naked,-219.84941731189,-2.1984941731189,-219.84941731189,0,0,0,0,0,0,0.08,0,0
chrome_toaster,Chrome Toaster,corrupt,D,8,not modeled,s004,mid,ko,naked,-219.84941731189,-2.1984941731189,-219.84941731189,0,0,0,0,0,0,0.35,0,0
first_aid_kit,First Aid Kit,base,D,16,proc,s004,mid,ko,naked,-219.84941731189,-2.1984941731189,-219.84941731189,0,0,0,0,0,0,0,0,0
first_aid_kit,First Aid Kit,corrupt,D,8,partial,s004,mid,ko,naked,-219.84941731189,-2.1984941731189,-219.84941731189,0,0,0,0,0,0,0,0,0
nightstand,Nightstand,base,D,13,proc,s004,mid,ko,naked,-219.84941731189,-2.1984941731189,-219.84941731189,0,0,0,0,0,0,0,0,0
nightstand,Nightstand,corrupt,D,8,proc,s004,mid,ko,naked,-219.84941731189,-2.1984941731189,-219.84941731189,0,0,0,0,0,0,0,0,0
receipt_printer,Receipt Printer,base,C,19,proc,s004,mid,ko,naked,-219.84941731189,-2.1984941731189,-219.84941731189,0,0,0,0,0,0,0,0,0
receipt_printer,Receipt Printer,corrupt,C,9,proc,s004,mid,ko,naked,-219.84941731189,-2.1984941731189,-219.84941731189,0,0,0,0,0,0,0,0,0
microwave_oven,Microwave Oven,base,D,18,proc,s004,mid,ko,naked,-219.84941731189,-2.1984941731189,-219.84941731189,0,0,0,0,0,0,0,0,0
microwave_oven,Microwave Oven,corrupt,D,10,partial,s004,mid,ko,naked,-219.84941731189,-2.1984941731189,-219.84941731189,0,0,0,0,0,0,0,0,0
framed_diploma,Framed Diploma,base,D,18,proc,s004,mid,ko,naked,-219.84941731189,-2.1984941731189,-219.84941731189,0,0,0,0,0,0,0,0,0
framed_diploma,Framed Diploma,corrupt,D,9,partial,s004,mid,ko,naked,-219.84941731189,-2.1984941731189,-219.84941731189,0,0,0,0,0,0,0,0,0
laminated_blueprint,Laminated Blueprint,base,D,19,not modeled,s004,mid,ko,naked,-219.84941731189,-2.1984941731189,-219.84941731189,0,0,0,0,0,0,0,0,0
laminated_blueprint,Laminated Blueprint,corrupt,D,10,not modeled,s004,mid,ko,naked,-219.84941731189,-2.1984941731189,-219.84941731189,0,0,0,0,0,0,0,0,0
console_television,Console Television,base,D,26,proc,s004,mid,ko,naked,-219.84941731189,-2.1984941731189,-219.84941731189,0,0,0,0,0,0,0,0,0
console_television,Console Television,corrupt,D,13,partial,s004,mid,ko,naked,-219.84941731189,-2.1984941731189,-219.84941731189,0,0,0,0,0,0,0,0,0
desk_speakers,Desk Speakers,base,C,10,modeled,s004,mid,ko,naked,-219.84941731189,-2.1984941731189,-83.31064760201,136.53876970988,26714.107117150434,2671.4107117150434,1.3653876970987997,267.14107117150434,26.714107117150434,0,0.05,0.6210558635057872
desk_speakers,Desk Speakers,corrupt,C,6,modeled,s004,mid,ko,naked,-219.84941731189,-2.1984941731189,1719.8867783728,1939.73619568469,379513.60350352636,63252.26725058773,19.3973619568469,3795.1360350352634,632.5226725058773,0,0.3,8.823021772820429
curved_monitor,Curved Monitor,base,C,13,proc,s004,mid,ko,naked,-219.84941731189,-2.1984941731189,-219.84941731189,0,0,0,0,0,0,0,0,0
curved_monitor,Curved Monitor,corrupt,C,7,partial,s004,mid,ko,naked,-219.84941731189,-2.1984941731189,-219.84941731189,0,0,0,0,0,0,0,0,0
tower_upgrade,Tower Upgrade,base,C,14,proc,s004,mid,ko,naked,-219.84941731189,-2.1984941731189,-219.84941731189,0,0,0,0,0,0,0,0,0
tower_upgrade,Tower Upgrade,corrupt,C,5,partial,s004,mid,ko,naked,-219.84941731189,-2.1984941731189,-219.84941731189,0,0,0,0,0,0,0,0,0
copy_machine,Copy Machine,base,C,19,not modeled,s004,mid,ko,naked,-219.84941731189,-2.1984941731189,-219.84941731189,0,0,0,0,0,0,0,0,0
whiteboard,Whiteboard,base,D,17,not modeled,s004,mid,ko,naked,-219.84941731189,-2.1984941731189,-219.84941731189,0,0,0,0,0,0,0,0,0
high_roller_pass,High Roller Pass,base,D,19,not modeled,s004,mid,ko,naked,-219.84941731189,-2.1984941731189,-219.84941731189,0,0,0,0,0,0,0,0,0
high_roller_pass,High Roller Pass,corrupt,D,9,partial,s004,mid,ko,naked,-219.84941731189,-2.1984941731189,-219.84941731189,0,0,0,0,0,0,0,0,0
window,Window,base,D,20,proc,s004,mid,ko,naked,-219.84941731189,-2.1984941731189,-219.84941731189,0,0,0,0,0,0,0,0,0
window,Window,corrupt,D,10,partial,s004,mid,ko,naked,-219.84941731189,-2.1984941731189,-219.84941731189,0,0,0,0,0,0,0,0,0
bookshelf,Bookshelf,base,D,22,modeled,s004,mid,ko,naked,-219.84941731189,-2.1984941731189,-219.84941731189,0,0,0,0,0,0,0,0,0
bookshelf,Bookshelf,corrupt,D,11,modeled,s004,mid,ko,naked,-219.84941731189,-2.1984941731189,-219.84941731189,0,0,0,0,0,0,0,0,0
cereal_shelf,Cereal Shelf,base,D,24,not modeled,s004,mid,ko,naked,-219.84941731189,-2.1984941731189,-219.84941731189,0,0,0,0,0,0,0,0,0
cereal_shelf,Cereal Shelf,corrupt,D,12,not modeled,s004,mid,ko,naked,-219.84941731189,-2.1984941731189,-219.84941731189,0,0,0,0,0,0,0,0,0
fire_extinguisher,Fire Extinguisher,base,D,24,proc,s004,mid,ko,naked,-219.84941731189,-2.1984941731189,-219.84941731189,0,0,0,0,0,0,0,0,0
fire_extinguisher,Fire Extinguisher,corrupt,D,12,partial,s004,mid,ko,naked,-219.84941731189,-2.1984941731189,-219.84941731189,0,0,0,0,0,0,0,0,0
blackout_curtains,Blackout Curtains,base,D,24,proc,s004,mid,ko,naked,-219.84941731189,-2.1984941731189,-219.84941731189,0,0,0,0,0,0,0,0,0
blackout_curtains,Blackout Curtains,corrupt,D,12,partial,s004,mid,ko,naked,-219.84941731189,-2.1984941731189,-219.84941731189,0,0,0,0,0,0,0,0,0
tip_jar,Tip Jar,base,D,24,not modeled,s004,mid,ko,naked,-219.84941731189,-2.1984941731189,-219.84941731189,0,0,0,0,0,0,0,0,0
tip_jar,Tip Jar,corrupt,D,12,not modeled,s004,mid,ko,naked,-219.84941731189,-2.1984941731189,-219.84941731189,0,0,0,0,0,0,0,0,0
shredder,Shredder,base,D,18,proc,s004,mid,ko,naked,-219.84941731189,-2.1984941731189,-219.84941731189,0,0,0,0,0,0,0,0,0
shredder,Shredder,corrupt,D,9,partial,s004,mid,ko,naked,-219.84941731189,-2.1984941731189,-219.84941731189,0,0,0,0,0,0,0,0,0
cool_towel,Cool Towel,base,D,16,proc,s004,mid,ko,naked,-219.84941731189,-2.1984941731189,-219.84941731189,0,0,0,0,0,0,0,0,0
waste_basket,Waste Basket,base,D,18,proc,s004,mid,ko,naked,-219.84941731189,-2.1984941731189,-219.84941731189,0,0,0,0,0,0,0,0,0
waste_basket,Waste Basket,corrupt,D,9,proc,s004,mid,ko,naked,-219.84941731189,-2.1984941731189,-219.84941731189,0,0,0,0,0,0,0,0,0
cleaning_robot,Cleaning Robot,base,D,24,proc,s004,mid,ko,naked,-219.84941731189,-2.1984941731189,-219.84941731189,0,0,0,0,0,0,0,0,0
wall_hanger,Wall Hanger,base,A,2,modeled,s004,mid,ko,mid,440.60966331402,4.4060966331402,440.60966331402,0,0,0,0,0,0,0,0,0
wall_hanger,Wall Hanger,corrupt,A,2,modeled,s004,mid,ko,mid,440.60966331402,4.4060966331402,440.60966331402,0,0,0,0,0,0,0,0,0
mirror,Mirror,base,A,3,modeled,s004,mid,ko,mid,440.60966331402,4.4060966331402,440.60966331402,0,0,0,0,0,0,0,0,0
mirror,Mirror,corrupt,A,2,modeled,s004,mid,ko,mid,440.60966331402,4.4060966331402,440.60966331402,0,0,0,0,0,0,0,0,0
fight_night_poster,Fight Night Poster,base,A,4,not modeled,s004,mid,ko,mid,440.60966331402,4.4060966331402,440.60966331402,0,0,0,0,0,0,0,0,0
fight_night_poster,Fight Night Poster,corrupt,A,3,not modeled,s004,mid,ko,mid,440.60966331402,4.4060966331402,440.60966331402,0,0,0,0,0,0,0,0,0
energy_drink,Energy Drink,base,A,3,proc,s004,mid,ko,mid,440.60966331402,4.4060966331402,440.60966331402,0,0,0,0,0,0,0,0,0
energy_drink,Energy Drink,corrupt,A,2,proc,s004,mid,ko,mid,440.60966331402,4.4060966331402,440.60966331402,0,0,0,0,0,0,0,0,0
corkboard,Corkboard,base,A,4,modeled,s004,mid,ko,mid,440.60966331402,4.4060966331402,811.68788109717,371.07821778315,72602.26000105108,18150.56500026277,3.7107821778315007,726.0226000105113,181.50565000262782,0.6000000000000001,0.04999999999999999,0.8421926450548242
corkboard,Corkboard,corrupt,A,2,modeled,s004,mid,ko,mid,440.60966331402,4.4060966331402,2234.35338674,1793.74372342598,350949.8589311701,175474.92946558504,17.937437234259804,3509.498589311701,1754.7492946558505,2.4,0.2,4.071049440755432
stack_of_books,Stack of Books,base,A,4,modeled,s004,mid,ko,mid,440.60966331402,4.4060966331402,440.60966331402,0,0,0,0,0,0,0,0,0
stack_of_books,Stack of Books,corrupt,A,3,modeled,s004,mid,ko,mid,440.60966331402,4.4060966331402,440.60966331402,0,0,0,0,0,0,0,0,0
throw_pillow,Throw Pillow,base,A,4,modeled,s004,mid,ko,mid,440.60966331402,4.4060966331402,440.60966331402,0,0,0,0,0,0,0,0,0
throw_pillow,Throw Pillow,corrupt,A,2,modeled,s004,mid,ko,mid,440.60966331402,4.4060966331402,440.60966331402,0,0,0,0,0,0,0,0,0
starter_gift_box,Starter Gift Box,base,A,4,not modeled,s004,mid,ko,mid,440.60966331402,4.4060966331402,440.60966331402,0,0,0,0,0,0,0,0,0
starter_gift_box,Starter Gift Box,corrupt,A,3,not modeled,s004,mid,ko,mid,440.60966331402,4.4060966331402,440.60966331402,0,0,0,0,0,0,0,0,0
lava_lamp,Lava Lamp,base,A,5,modeled,s004,mid,ko,mid,440.60966331402,4.4060966331402,440.60966331402,0,0,0,0,0,0,0,0,0
lava_lamp,Lava Lamp,corrupt,A,3,modeled,s004,mid,ko,mid,440.60966331402,4.4060966331402,440.60966331402,0,0,0,0,0,0,0,0,0
comfort_bed,Comfort Bed,base,A,4,modeled,s004,mid,ko,mid,440.60966331402,4.4060966331402,440.60966331402,0,0,0,0,0,0,0,0,0
comfort_bed,Comfort Bed,corrupt,A,2,not modeled,s004,mid,ko,mid,440.60966331402,4.4060966331402,440.60966331402,0,0,0,0,0,0,0,0,0
yellow_sticky_note,Yellow Sticky Note,base,A,5,modeled,s004,mid,ko,mid,440.60966331402,4.4060966331402,440.60966331402,0,0,0,0,0,0,0,0,0
yellow_sticky_note,Yellow Sticky Note,corrupt,A,4,modeled,s004,mid,ko,mid,440.60966331402,4.4060966331402,440.60966331402,0,0,0,0,0,0,0,0,0
rubber_duck,Rubber Duck,base,A,5,not modeled,s004,mid,ko,mid,440.60966331402,4.4060966331402,440.60966331402,0,0,0,0,0,0,0,0,0
rubber_duck,Rubber Duck,corrupt,A,2,modeled,s004,mid,ko,mid,440.60966331402,4.4060966331402,440.60966331402,0,0,0,0,0,0,0,0,0
stash_box,Stash Box,base,B,6,not modeled,s004,mid,ko,mid,440.60966331402,4.4060966331402,440.60966331402,0,0,0,0,0,0,0,0,0
stash_box,Stash Box,corrupt,B,3,not modeled,s004,mid,ko,mid,440.60966331402,4.4060966331402,440.60966331402,0,0,0,0,0,0,0,0,0
dogs_playing_poker,Dogs Playing Poker,base,B,6,proc,s004,mid,ko,mid,440.60966331402,4.4060966331402,440.60966331402,0,0,0,0,0,0,0,0,0
dogs_playing_poker,Dogs Playing Poker,corrupt,B,3,proc,s004,mid,ko,mid,440.60966331402,4.4060966331402,440.60966331402,0,0,0,0,0,0,0,0,0
calculator,Calculator,base,B,7,modeled,s004,mid,ko,mid,440.60966331402,4.4060966331402,766.71650851334,326.10684519932005,63803.513191171296,9114.787598738756,3.2610684519932,638.035131911713,91.14787598738758,1.3997222773259002,0.044366197183099976,0.7401264029175537
calculator,Calculator,corrupt,B,4,modeled,s004,mid,ko,mid,440.60966331402,4.4060966331402,3946.1280423229,3505.51837900888,685862.2915452158,171465.57288630394,35.0551837900888,6858.622915452157,1714.6557288630393,19.919849690539003,0.35480769230769,7.9560633160932674
ring_binder,Ring Binder,base,B,7,not modeled,s004,mid,ko,mid,440.60966331402,4.4060966331402,440.60966331402,0,0,0,0,0,0,0,0,0
ring_binder,Ring Binder,corrupt,B,4,not modeled,s004,mid,ko,mid,440.60966331402,4.4060966331402,440.60966331402,0,0,0,0,0,0,0,0,0
space_heater,Space Heater,base,B,8,modeled,s004,mid,ko,mid,440.60966331402,4.4060966331402,440.60966331402,0,0,0,0,0,0,0,0,0
space_heater,Space Heater,corrupt,B,8,modeled,s004,mid,ko,mid,440.60966331402,4.4060966331402,440.60966331402,0,0,0,0,0,0,0,0,0
pencil_holder,Pencil Holder,base,B,8,not modeled,s004,mid,ko,mid,440.60966331402,4.4060966331402,440.60966331402,0,0,0,0,0,0,0,0,0
pencil_holder,Pencil Holder,corrupt,B,4,not modeled,s004,mid,ko,mid,440.60966331402,4.4060966331402,440.60966331402,0,0,0,0,0,0,0,0,0
bonsai,Bonsai,base,B,10,not modeled,s004,mid,ko,mid,440.60966331402,4.4060966331402,440.60966331402,0,0,0,0,0,0,0,0,0
bonsai,Bonsai,corrupt,B,5,not modeled,s004,mid,ko,mid,440.60966331402,4.4060966331402,440.60966331402,0,0,0,0,0,0,0,0,0
desk_plant,Desk Plant,base,B,8,modeled,s004,mid,ko,mid,440.60966331402,4.4060966331402,440.60966331402,0,0,0,0,0,0,0,0,0
desk_plant,Desk Plant,corrupt,B,5,modeled,s004,mid,ko,mid,440.60966331402,4.4060966331402,440.60966331402,0,0,0,0,0,0,0,0,0
desk,Desk,base,B,9,not modeled,s004,mid,ko,mid,440.60966331402,4.4060966331402,440.60966331402,0,0,0,0,0,0,0,0,0
desk,Desk,corrupt,B,5,not modeled,s004,mid,ko,mid,440.60966331402,4.4060966331402,440.60966331402,0,0,0,0,0,0,0,0,0
rebuy_sticky_note,Rebuy Sticky Note,base,B,10,not modeled,s004,mid,ko,mid,440.60966331402,4.4060966331402,440.60966331402,0,0,0,0,0,0,0,0,0
rebuy_sticky_note,Rebuy Sticky Note,corrupt,B,5,not modeled,s004,mid,ko,mid,440.60966331402,4.4060966331402,440.60966331402,0,0,0,0,0,0,0,0,0
gaming_chair,Gaming Chair,base,B,10,proc,s004,mid,ko,mid,440.60966331402,4.4060966331402,440.60966331402,0,0,0,0,0,0,0,0,0
gaming_chair,Gaming Chair,corrupt,B,5,partial,s004,mid,ko,mid,440.60966331402,4.4060966331402,440.60966331402,0,0,0,0,0,0,0,0,0
headset,Headset,base,B,6,modeled,s004,mid,ko,mid,440.60966331402,4.4060966331402,440.60966331402,0,0,0,0,0,0,0,0,0
headset,Headset,corrupt,B,5,modeled,s004,mid,ko,mid,440.60966331402,4.4060966331402,440.60966331402,0,0,0,0,0,0,0,0,0
prize_vase,Prize Vase,base,C,12,proc,s004,mid,ko,mid,440.60966331402,4.4060966331402,440.60966331402,0,0,0,0,0,0,0,0,0
prize_vase,Prize Vase,corrupt,C,6,proc,s004,mid,ko,mid,440.60966331402,4.4060966331402,440.60966331402,0,0,0,0,0,0,0,0,0
compact_fridge,Compact Fridge,base,B,12,not modeled,s004,mid,ko,mid,440.60966331402,4.4060966331402,440.60966331402,0,0,0,0,0,0,0,0,0
compact_fridge,Compact Fridge,corrupt,B,6,not modeled,s004,mid,ko,mid,440.60966331402,4.4060966331402,440.60966331402,0,0,0,0,0,0,0,0,0
wall_clock,Wall Clock,base,B,12,proc,s004,mid,ko,mid,440.60966331402,4.4060966331402,440.60966331402,0,0,0,0,0,0,0,0,0
wall_clock,Wall Clock,corrupt,B,7,partial,s004,mid,ko,mid,440.60966331402,4.4060966331402,440.60966331402,0,0,0,0,0,0,0,0,0
house_cat,House Cat,base,B,8,proc,s004,mid,ko,mid,440.60966331402,4.4060966331402,440.60966331402,0,0,0,0,0,0,0,0,0
house_cat,House Cat,corrupt,B,4,proc,s004,mid,ko,mid,440.60966331402,4.4060966331402,440.60966331402,0,0,0,0,0,0,0,0,0
candle,Candle,base,B,7,proc,s004,mid,ko,mid,440.60966331402,4.4060966331402,440.60966331402,0,0,0,0,0,0,0,0,0
dusty_console,Dusty Console,base,B,5,modeled,s004,mid,ko,mid,440.60966331402,4.4060966331402,440.60966331402,0,0,0,0,0,0,0,0,0
handheld,Handheld,base,B,5,modeled,s004,mid,ko,mid,440.60966331402,4.4060966331402,440.60966331402,0,0,0,0,0,0,0,0,0
red_rug,Red Rug,base,B,8,modeled,s004,mid,ko,mid,440.60966331402,4.4060966331402,440.60966331402,0,0,0,0,0,0,0,0,0
dish_soap,Dish Soap,base,B,12,proc,s004,mid,ko,mid,440.60966331402,4.4060966331402,440.60966331402,0,0,0,0,0,0,0,0,0
rolled_vouchers,Rolled Vouchers,base,C,9,proc,s004,mid,ko,mid,440.60966331402,4.4060966331402,440.60966331402,0,0,0,0,0,0,0,0,0
rolled_vouchers,Rolled Vouchers,corrupt,C,5,proc,s004,mid,ko,mid,440.60966331402,4.4060966331402,440.60966331402,0,0,0,0,0,0,0,0,0
second_monitor,Second Monitor,base,C,10,modeled,s004,mid,ko,mid,440.60966331402,4.4060966331402,440.60966331402,0,0,0,0,0,0,0,0,0
second_monitor,Second Monitor,corrupt,C,6,modeled,s004,mid,ko,mid,440.60966331402,4.4060966331402,440.60966331402,0,0,0,0,0,0,0,0,0
laptop_terminal,Laptop Terminal,base,D,12,not modeled,s004,mid,ko,mid,440.60966331402,4.4060966331402,440.60966331402,0,0,0,0,0,0,0,0,0
laptop_terminal,Laptop Terminal,corrupt,D,6,not modeled,s004,mid,ko,mid,440.60966331402,4.4060966331402,440.60966331402,0,0,0,0,0,0,0,0,0
gaming_keyboard,Gaming Keyboard,base,D,12,not modeled,s004,mid,ko,mid,440.60966331402,4.4060966331402,440.60966331402,0,0,0,0,0,0,0,0,0
gaming_keyboard,Gaming Keyboard,corrupt,D,6,not modeled,s004,mid,ko,mid,440.60966331402,4.4060966331402,440.60966331402,0,0,0,0,0,0,0,0,0
box_of_mice,Box of Mice,base,D,13,not modeled,s004,mid,ko,mid,440.60966331402,4.4060966331402,440.60966331402,0,0,0,0,0,0,0,0,0
box_of_mice,Box of Mice,corrupt,D,7,not modeled,s004,mid,ko,mid,440.60966331402,4.4060966331402,440.60966331402,0,0,0,0,0,0,0,0,0
wacom_tablet,Wacom Tablet,base,D,13,not modeled,s004,mid,ko,mid,440.60966331402,4.4060966331402,440.60966331402,0,0,0,0,0,0,0,0,0
wacom_tablet,Wacom Tablet,corrupt,D,7,not modeled,s004,mid,ko,mid,440.60966331402,4.4060966331402,440.60966331402,0,0,0,0,0,0,0,0,0
desk_lamp,Desk Lamp,base,D,10,not modeled,s004,mid,ko,mid,440.60966331402,4.4060966331402,440.60966331402,0,0,0,0,0,0,0,0,0
desk_lamp,Desk Lamp,corrupt,D,6,not modeled,s004,mid,ko,mid,440.60966331402,4.4060966331402,440.60966331402,0,0,0,0,0,0,0,0,0
telephone,Telephone,base,D,12,not modeled,s004,mid,ko,mid,440.60966331402,4.4060966331402,440.60966331402,0,0,0,0,0,0,0,0,0
glass_partition,Glass Partition,base,D,12,not modeled,s004,mid,ko,mid,440.60966331402,4.4060966331402,440.60966331402,0,0,0,0,0,0,0,0,0
electric_kettle,Electric Kettle,base,D,11,not modeled,s004,mid,ko,mid,440.60966331402,4.4060966331402,440.60966331402,0,0,0,0,0,0,0,0,0
electric_kettle,Electric Kettle,corrupt,D,8,not modeled,s004,mid,ko,mid,440.60966331402,4.4060966331402,440.60966331402,0,0,0,0,0,0,0,0,0
chrome_toaster,Chrome Toaster,base,D,14,not modeled,s004,mid,ko,mid,440.60966331402,4.4060966331402,440.60966331402,0,0,0,0,0,0,0.3200000000000003,0,0
chrome_toaster,Chrome Toaster,corrupt,D,8,not modeled,s004,mid,ko,mid,440.60966331402,4.4060966331402,440.60966331402,0,0,0,0,0,0,1.4,0,0
first_aid_kit,First Aid Kit,base,D,16,proc,s004,mid,ko,mid,440.60966331402,4.4060966331402,440.60966331402,0,0,0,0,0,0,0,0,0
first_aid_kit,First Aid Kit,corrupt,D,8,partial,s004,mid,ko,mid,440.60966331402,4.4060966331402,440.60966331402,0,0,0,0,0,0,0,0,0
nightstand,Nightstand,base,D,13,proc,s004,mid,ko,mid,440.60966331402,4.4060966331402,440.60966331402,0,0,0,0,0,0,0,0,0
nightstand,Nightstand,corrupt,D,8,proc,s004,mid,ko,mid,440.60966331402,4.4060966331402,440.60966331402,0,0,0,0,0,0,0,0,0
receipt_printer,Receipt Printer,base,C,19,proc,s004,mid,ko,mid,440.60966331402,4.4060966331402,440.60966331402,0,0,0,0,0,0,0,0,0
receipt_printer,Receipt Printer,corrupt,C,9,proc,s004,mid,ko,mid,440.60966331402,4.4060966331402,440.60966331402,0,0,0,0,0,0,0,0,0
microwave_oven,Microwave Oven,base,D,18,proc,s004,mid,ko,mid,440.60966331402,4.4060966331402,440.60966331402,0,0,0,0,0,0,0,0,0
microwave_oven,Microwave Oven,corrupt,D,10,partial,s004,mid,ko,mid,440.60966331402,4.4060966331402,440.60966331402,0,0,0,0,0,0,0,0,0
framed_diploma,Framed Diploma,base,D,18,proc,s004,mid,ko,mid,440.60966331402,4.4060966331402,440.60966331402,0,0,0,0,0,0,0,0,0
framed_diploma,Framed Diploma,corrupt,D,9,partial,s004,mid,ko,mid,440.60966331402,4.4060966331402,440.60966331402,0,0,0,0,0,0,0,0,0
laminated_blueprint,Laminated Blueprint,base,D,19,not modeled,s004,mid,ko,mid,440.60966331402,4.4060966331402,440.60966331402,0,0,0,0,0,0,0,0,0
laminated_blueprint,Laminated Blueprint,corrupt,D,10,not modeled,s004,mid,ko,mid,440.60966331402,4.4060966331402,440.60966331402,0,0,0,0,0,0,0,0,0
console_television,Console Television,base,D,26,proc,s004,mid,ko,mid,440.60966331402,4.4060966331402,440.60966331402,0,0,0,0,0,0,0,0,0
console_television,Console Television,corrupt,D,13,partial,s004,mid,ko,mid,440.60966331402,4.4060966331402,440.60966331402,0,0,0,0,0,0,0,0,0
desk_speakers,Desk Speakers,base,C,10,modeled,s004,mid,ko,mid,440.60966331402,4.4060966331402,811.68788109717,371.07821778315,72602.26000105108,7260.226000105108,3.7107821778315007,726.0226000105113,72.60226000105112,0.6000000000000001,0.04999999999999999,0.8421926450548242
desk_speakers,Desk Speakers,corrupt,C,6,modeled,s004,mid,ko,mid,440.60966331402,4.4060966331402,3329.8950471658,2889.28538385178,565294.9664057831,94215.82773429719,28.8928538385178,5652.949664057832,942.1582773429719,3.6,0.3,6.55747166805237
curved_monitor,Curved Monitor,base,C,13,proc,s004,mid,ko,mid,440.60966331402,4.4060966331402,440.60966331402,0,0,0,0,0,0,0,0,0
curved_monitor,Curved Monitor,corrupt,C,7,partial,s004,mid,ko,mid,440.60966331402,4.4060966331402,440.60966331402,0,0,0,0,0,0,0,0,0
tower_upgrade,Tower Upgrade,base,C,14,proc,s004,mid,ko,mid,440.60966331402,4.4060966331402,440.60966331402,0,0,0,0,0,0,0,0,0
tower_upgrade,Tower Upgrade,corrupt,C,5,partial,s004,mid,ko,mid,440.60966331402,4.4060966331402,440.60966331402,0,0,0,0,0,0,0,0,0
copy_machine,Copy Machine,base,C,19,not modeled,s004,mid,ko,mid,440.60966331402,4.4060966331402,440.60966331402,0,0,0,0,0,0,0,0,0
whiteboard,Whiteboard,base,D,17,not modeled,s004,mid,ko,mid,440.60966331402,4.4060966331402,440.60966331402,0,0,0,0,0,0,0,0,0
high_roller_pass,High Roller Pass,base,D,19,not modeled,s004,mid,ko,mid,440.60966331402,4.4060966331402,440.60966331402,0,0,0,0,0,0,0,0,0
high_roller_pass,High Roller Pass,corrupt,D,9,partial,s004,mid,ko,mid,440.60966331402,4.4060966331402,440.60966331402,0,0,0,0,0,0,0,0,0
window,Window,base,D,20,proc,s004,mid,ko,mid,440.60966331402,4.4060966331402,440.60966331402,0,0,0,0,0,0,0,0,0
window,Window,corrupt,D,10,partial,s004,mid,ko,mid,440.60966331402,4.4060966331402,440.60966331402,0,0,0,0,0,0,0,0,0
bookshelf,Bookshelf,base,D,22,modeled,s004,mid,ko,mid,440.60966331402,4.4060966331402,440.60966331402,0,0,0,0,0,0,0,0,0
bookshelf,Bookshelf,corrupt,D,11,modeled,s004,mid,ko,mid,440.60966331402,4.4060966331402,440.60966331402,0,0,0,0,0,0,0,0,0
cereal_shelf,Cereal Shelf,base,D,24,not modeled,s004,mid,ko,mid,440.60966331402,4.4060966331402,440.60966331402,0,0,0,0,0,0,0,0,0
cereal_shelf,Cereal Shelf,corrupt,D,12,not modeled,s004,mid,ko,mid,440.60966331402,4.4060966331402,440.60966331402,0,0,0,0,0,0,0,0,0
fire_extinguisher,Fire Extinguisher,base,D,24,proc,s004,mid,ko,mid,440.60966331402,4.4060966331402,440.60966331402,0,0,0,0,0,0,0,0,0
fire_extinguisher,Fire Extinguisher,corrupt,D,12,partial,s004,mid,ko,mid,440.60966331402,4.4060966331402,440.60966331402,0,0,0,0,0,0,0,0,0
blackout_curtains,Blackout Curtains,base,D,24,proc,s004,mid,ko,mid,440.60966331402,4.4060966331402,440.60966331402,0,0,0,0,0,0,0,0,0
blackout_curtains,Blackout Curtains,corrupt,D,12,partial,s004,mid,ko,mid,440.60966331402,4.4060966331402,440.60966331402,0,0,0,0,0,0,0,0,0
tip_jar,Tip Jar,base,D,24,not modeled,s004,mid,ko,mid,440.60966331402,4.4060966331402,440.60966331402,0,0,0,0,0,0,0,0,0
tip_jar,Tip Jar,corrupt,D,12,not modeled,s004,mid,ko,mid,440.60966331402,4.4060966331402,440.60966331402,0,0,0,0,0,0,0,0,0
shredder,Shredder,base,D,18,proc,s004,mid,ko,mid,440.60966331402,4.4060966331402,440.60966331402,0,0,0,0,0,0,0,0,0
shredder,Shredder,corrupt,D,9,partial,s004,mid,ko,mid,440.60966331402,4.4060966331402,440.60966331402,0,0,0,0,0,0,0,0,0
cool_towel,Cool Towel,base,D,16,proc,s004,mid,ko,mid,440.60966331402,4.4060966331402,440.60966331402,0,0,0,0,0,0,0,0,0
waste_basket,Waste Basket,base,D,18,proc,s004,mid,ko,mid,440.60966331402,4.4060966331402,440.60966331402,0,0,0,0,0,0,0,0,0
waste_basket,Waste Basket,corrupt,D,9,proc,s004,mid,ko,mid,440.60966331402,4.4060966331402,440.60966331402,0,0,0,0,0,0,0,0,0
cleaning_robot,Cleaning Robot,base,D,24,proc,s004,mid,ko,mid,440.60966331402,4.4060966331402,440.60966331402,0,0,0,0,0,0,0,0,0
wall_hanger,Wall Hanger,base,A,2,modeled,s004,mid,ko,capped,1241.8764547044,12.418764547044,1241.8764547044,0,0,0,0,0,0,0,0,0
wall_hanger,Wall Hanger,corrupt,A,2,modeled,s004,mid,ko,capped,1241.8764547044,12.418764547044,1241.8764547044,0,0,0,0,0,0,0,0,0
mirror,Mirror,base,A,3,modeled,s004,mid,ko,capped,1241.8764547044,12.418764547044,1241.8764547044,0,0,0,0,0,0,0,0,0
mirror,Mirror,corrupt,A,2,modeled,s004,mid,ko,capped,1241.8764547044,12.418764547044,1241.8764547044,0,0,0,0,0,0,0,0,0
fight_night_poster,Fight Night Poster,base,A,4,not modeled,s004,mid,ko,capped,1241.8764547044,12.418764547044,1241.8764547044,0,0,0,0,0,0,0,0,0
fight_night_poster,Fight Night Poster,corrupt,A,3,not modeled,s004,mid,ko,capped,1241.8764547044,12.418764547044,1241.8764547044,0,0,0,0,0,0,0,0,0
energy_drink,Energy Drink,base,A,3,proc,s004,mid,ko,capped,1241.8764547044,12.418764547044,1241.8764547044,0,0,0,0,0,0,0,0,0
energy_drink,Energy Drink,corrupt,A,2,proc,s004,mid,ko,capped,1241.8764547044,12.418764547044,1241.8764547044,0,0,0,0,0,0,0,0,0
corkboard,Corkboard,base,A,4,modeled,s004,mid,ko,capped,1241.8764547044,12.418764547044,1719.8867783728,478.01032366840013,93523.75897860006,23380.939744650015,4.780103236684001,935.2375897860002,233.80939744650004,1,0.04999999999999999,0.3849097241981123
corkboard,Corkboard,corrupt,A,2,modeled,s004,mid,ko,capped,1241.8764547044,12.418764547044,3329.8950471658,2088.0185924613997,408525.3767859262,204262.6883929631,20.880185924614004,4085.2537678592616,2042.6268839296308,4,0.2,1.6813416379316124
stack_of_books,Stack of Books,base,A,4,modeled,s004,mid,ko,capped,1241.8764547044,12.418764547044,1241.8764547044,0,0,0,0,0,0,0,0,0
stack_of_books,Stack of Books,corrupt,A,3,modeled,s004,mid,ko,capped,1241.8764547044,12.418764547044,1241.8764547044,0,0,0,0,0,0,0,0,0
throw_pillow,Throw Pillow,base,A,4,modeled,s004,mid,ko,capped,1241.8764547044,12.418764547044,1241.8764547044,0,0,0,0,0,0,0,0,0
throw_pillow,Throw Pillow,corrupt,A,2,modeled,s004,mid,ko,capped,1241.8764547044,12.418764547044,1241.8764547044,0,0,0,0,0,0,0,0,0
starter_gift_box,Starter Gift Box,base,A,4,not modeled,s004,mid,ko,capped,1241.8764547044,12.418764547044,1241.8764547044,0,0,0,0,0,0,0,0,0
starter_gift_box,Starter Gift Box,corrupt,A,3,not modeled,s004,mid,ko,capped,1241.8764547044,12.418764547044,1241.8764547044,0,0,0,0,0,0,0,0,0
lava_lamp,Lava Lamp,base,A,5,modeled,s004,mid,ko,capped,1241.8764547044,12.418764547044,1241.8764547044,0,0,0,0,0,0,0,0,0
lava_lamp,Lava Lamp,corrupt,A,3,modeled,s004,mid,ko,capped,1241.8764547044,12.418764547044,1241.8764547044,0,0,0,0,0,0,0,0,0
comfort_bed,Comfort Bed,base,A,4,modeled,s004,mid,ko,capped,1241.8764547044,12.418764547044,1241.8764547044,0,0,0,0,0,0,0,0,0
comfort_bed,Comfort Bed,corrupt,A,2,not modeled,s004,mid,ko,capped,1241.8764547044,12.418764547044,1241.8764547044,0,0,0,0,0,0,0,0,0
yellow_sticky_note,Yellow Sticky Note,base,A,5,modeled,s004,mid,ko,capped,1241.8764547044,12.418764547044,1241.8764547044,0,0,0,0,0,0,0,0,0
yellow_sticky_note,Yellow Sticky Note,corrupt,A,4,modeled,s004,mid,ko,capped,1241.8764547044,12.418764547044,1241.8764547044,0,0,0,0,0,0,0,0,0
rubber_duck,Rubber Duck,base,A,5,not modeled,s004,mid,ko,capped,1241.8764547044,12.418764547044,1241.8764547044,0,0,0,0,0,0,0,0,0
rubber_duck,Rubber Duck,corrupt,A,2,modeled,s004,mid,ko,capped,1241.8764547044,12.418764547044,1241.8764547044,0,0,0,0,0,0,0,0,0
stash_box,Stash Box,base,B,6,not modeled,s004,mid,ko,capped,1241.8764547044,12.418764547044,1241.8764547044,0,0,0,0,0,0,0,0,0
stash_box,Stash Box,corrupt,B,3,not modeled,s004,mid,ko,capped,1241.8764547044,12.418764547044,1241.8764547044,0,0,0,0,0,0,0,0,0
dogs_playing_poker,Dogs Playing Poker,base,B,6,proc,s004,mid,ko,capped,1241.8764547044,12.418764547044,1241.8764547044,0,0,0,0,0,0,0,0,0
dogs_playing_poker,Dogs Playing Poker,corrupt,B,3,proc,s004,mid,ko,capped,1241.8764547044,12.418764547044,1241.8764547044,0,0,0,0,0,0,0,0,0
calculator,Calculator,base,B,7,modeled,s004,mid,ko,capped,1241.8764547044,12.418764547044,1596.5266094722,354.65015476780013,69388.07375891742,9912.581965559631,3.546501547678,693.8807375891738,99.12581965559626,1.7625000000000002,0.03750000000000003,0.2855760357033393
calculator,Calculator,corrupt,B,4,modeled,s004,mid,ko,capped,1241.8764547044,12.418764547044,5279.3545475151,4037.4780928107,789941.3659847024,197485.3414961756,40.374780928107,7899.413659847023,1974.8534149617558,24.681818181818,0.37500000000000006,3.2511109116500068
ring_binder,Ring Binder,base,B,7,not modeled,s004,mid,ko,capped,1241.8764547044,12.418764547044,1241.8764547044,0,0,0,0,0,0,0,0,0
ring_binder,Ring Binder,corrupt,B,4,not modeled,s004,mid,ko,capped,1241.8764547044,12.418764547044,1241.8764547044,0,0,0,0,0,0,0,0,0
space_heater,Space Heater,base,B,8,modeled,s004,mid,ko,capped,1241.8764547044,12.418764547044,1241.8764547044,0,0,0,0,0,0,0,0,0
space_heater,Space Heater,corrupt,B,8,modeled,s004,mid,ko,capped,1241.8764547044,12.418764547044,1241.8764547044,0,0,0,0,0,0,0,0,0
pencil_holder,Pencil Holder,base,B,8,not modeled,s004,mid,ko,capped,1241.8764547044,12.418764547044,1241.8764547044,0,0,0,0,0,0,0,0,0
pencil_holder,Pencil Holder,corrupt,B,4,not modeled,s004,mid,ko,capped,1241.8764547044,12.418764547044,1241.8764547044,0,0,0,0,0,0,0,0,0
bonsai,Bonsai,base,B,10,not modeled,s004,mid,ko,capped,1241.8764547044,12.418764547044,1241.8764547044,0,0,0,0,0,0,0,0,0
bonsai,Bonsai,corrupt,B,5,not modeled,s004,mid,ko,capped,1241.8764547044,12.418764547044,1241.8764547044,0,0,0,0,0,0,0,0,0
desk_plant,Desk Plant,base,B,8,modeled,s004,mid,ko,capped,1241.8764547044,12.418764547044,1241.8764547044,0,0,0,0,0,0,0,0,0
desk_plant,Desk Plant,corrupt,B,5,modeled,s004,mid,ko,capped,1241.8764547044,12.418764547044,1241.8764547044,0,0,0,0,0,0,0,0,0
desk,Desk,base,B,9,not modeled,s004,mid,ko,capped,1241.8764547044,12.418764547044,1241.8764547044,0,0,0,0,0,0,0,0,0
desk,Desk,corrupt,B,5,not modeled,s004,mid,ko,capped,1241.8764547044,12.418764547044,1241.8764547044,0,0,0,0,0,0,0,0,0
rebuy_sticky_note,Rebuy Sticky Note,base,B,10,not modeled,s004,mid,ko,capped,1241.8764547044,12.418764547044,1241.8764547044,0,0,0,0,0,0,0,0,0
rebuy_sticky_note,Rebuy Sticky Note,corrupt,B,5,not modeled,s004,mid,ko,capped,1241.8764547044,12.418764547044,1241.8764547044,0,0,0,0,0,0,0,0,0
gaming_chair,Gaming Chair,base,B,10,proc,s004,mid,ko,capped,1241.8764547044,12.418764547044,1241.8764547044,0,0,0,0,0,0,0,0,0
gaming_chair,Gaming Chair,corrupt,B,5,partial,s004,mid,ko,capped,1241.8764547044,12.418764547044,1241.8764547044,0,0,0,0,0,0,0,0,0
headset,Headset,base,B,6,modeled,s004,mid,ko,capped,1241.8764547044,12.418764547044,1241.8764547044,0,0,0,0,0,0,0,0,0
headset,Headset,corrupt,B,5,modeled,s004,mid,ko,capped,1241.8764547044,12.418764547044,1241.8764547044,0,0,0,0,0,0,0,0,0
prize_vase,Prize Vase,base,C,12,proc,s004,mid,ko,capped,1241.8764547044,12.418764547044,1241.8764547044,0,0,0,0,0,0,0,0,0
prize_vase,Prize Vase,corrupt,C,6,proc,s004,mid,ko,capped,1241.8764547044,12.418764547044,1241.8764547044,0,0,0,0,0,0,0,0,0
compact_fridge,Compact Fridge,base,B,12,not modeled,s004,mid,ko,capped,1241.8764547044,12.418764547044,1241.8764547044,0,0,0,0,0,0,0,0,0
compact_fridge,Compact Fridge,corrupt,B,6,not modeled,s004,mid,ko,capped,1241.8764547044,12.418764547044,1241.8764547044,0,0,0,0,0,0,0,0,0
wall_clock,Wall Clock,base,B,12,proc,s004,mid,ko,capped,1241.8764547044,12.418764547044,1241.8764547044,0,0,0,0,0,0,0,0,0
wall_clock,Wall Clock,corrupt,B,7,partial,s004,mid,ko,capped,1241.8764547044,12.418764547044,1241.8764547044,0,0,0,0,0,0,0,0,0
house_cat,House Cat,base,B,8,proc,s004,mid,ko,capped,1241.8764547044,12.418764547044,1241.8764547044,0,0,0,0,0,0,0,0,0
house_cat,House Cat,corrupt,B,4,proc,s004,mid,ko,capped,1241.8764547044,12.418764547044,1241.8764547044,0,0,0,0,0,0,0,0,0
candle,Candle,base,B,7,proc,s004,mid,ko,capped,1241.8764547044,12.418764547044,1241.8764547044,0,0,0,0,0,0,0,0,0
dusty_console,Dusty Console,base,B,5,modeled,s004,mid,ko,capped,1241.8764547044,12.418764547044,1241.8764547044,0,0,0,0,0,0,0,0,0
handheld,Handheld,base,B,5,modeled,s004,mid,ko,capped,1241.8764547044,12.418764547044,1241.8764547044,0,0,0,0,0,0,0,0,0
red_rug,Red Rug,base,B,8,modeled,s004,mid,ko,capped,1241.8764547044,12.418764547044,1241.8764547044,0,0,0,0,0,0,0,0,0
dish_soap,Dish Soap,base,B,12,proc,s004,mid,ko,capped,1241.8764547044,12.418764547044,1241.8764547044,0,0,0,0,0,0,0,0,0
rolled_vouchers,Rolled Vouchers,base,C,9,proc,s004,mid,ko,capped,1241.8764547044,12.418764547044,1241.8764547044,0,0,0,0,0,0,0,0,0
rolled_vouchers,Rolled Vouchers,corrupt,C,5,proc,s004,mid,ko,capped,1241.8764547044,12.418764547044,1241.8764547044,0,0,0,0,0,0,0,0,0
second_monitor,Second Monitor,base,C,10,modeled,s004,mid,ko,capped,1241.8764547044,12.418764547044,1241.8764547044,0,0,0,0,0,0,0,0,0
second_monitor,Second Monitor,corrupt,C,6,modeled,s004,mid,ko,capped,1241.8764547044,12.418764547044,1241.8764547044,0,0,0,0,0,0,0,0,0
laptop_terminal,Laptop Terminal,base,D,12,not modeled,s004,mid,ko,capped,1241.8764547044,12.418764547044,1241.8764547044,0,0,0,0,0,0,0,0,0
laptop_terminal,Laptop Terminal,corrupt,D,6,not modeled,s004,mid,ko,capped,1241.8764547044,12.418764547044,1241.8764547044,0,0,0,0,0,0,0,0,0
gaming_keyboard,Gaming Keyboard,base,D,12,not modeled,s004,mid,ko,capped,1241.8764547044,12.418764547044,1241.8764547044,0,0,0,0,0,0,0,0,0
gaming_keyboard,Gaming Keyboard,corrupt,D,6,not modeled,s004,mid,ko,capped,1241.8764547044,12.418764547044,1241.8764547044,0,0,0,0,0,0,0,0,0
box_of_mice,Box of Mice,base,D,13,not modeled,s004,mid,ko,capped,1241.8764547044,12.418764547044,1241.8764547044,0,0,0,0,0,0,0,0,0
box_of_mice,Box of Mice,corrupt,D,7,not modeled,s004,mid,ko,capped,1241.8764547044,12.418764547044,1241.8764547044,0,0,0,0,0,0,0,0,0
wacom_tablet,Wacom Tablet,base,D,13,not modeled,s004,mid,ko,capped,1241.8764547044,12.418764547044,1241.8764547044,0,0,0,0,0,0,0,0,0
wacom_tablet,Wacom Tablet,corrupt,D,7,not modeled,s004,mid,ko,capped,1241.8764547044,12.418764547044,1241.8764547044,0,0,0,0,0,0,0,0,0
desk_lamp,Desk Lamp,base,D,10,not modeled,s004,mid,ko,capped,1241.8764547044,12.418764547044,1241.8764547044,0,0,0,0,0,0,0,0,0
desk_lamp,Desk Lamp,corrupt,D,6,not modeled,s004,mid,ko,capped,1241.8764547044,12.418764547044,1241.8764547044,0,0,0,0,0,0,0,0,0
telephone,Telephone,base,D,12,not modeled,s004,mid,ko,capped,1241.8764547044,12.418764547044,1241.8764547044,0,0,0,0,0,0,0,0,0
glass_partition,Glass Partition,base,D,12,not modeled,s004,mid,ko,capped,1241.8764547044,12.418764547044,1241.8764547044,0,0,0,0,0,0,0,0,0
electric_kettle,Electric Kettle,base,D,11,not modeled,s004,mid,ko,capped,1241.8764547044,12.418764547044,1241.8764547044,0,0,0,0,0,0,0,0,0
electric_kettle,Electric Kettle,corrupt,D,8,not modeled,s004,mid,ko,capped,1241.8764547044,12.418764547044,1241.8764547044,0,0,0,0,0,0,0,0,0
chrome_toaster,Chrome Toaster,base,D,14,not modeled,s004,mid,ko,capped,1241.8764547044,12.418764547044,1241.8764547044,0,0,0,0,0,0,0.4800000000000004,0,0
chrome_toaster,Chrome Toaster,corrupt,D,8,not modeled,s004,mid,ko,capped,1241.8764547044,12.418764547044,1241.8764547044,0,0,0,0,0,0,2.0999999999999996,0,0
first_aid_kit,First Aid Kit,base,D,16,proc,s004,mid,ko,capped,1241.8764547044,12.418764547044,1241.8764547044,0,0,0,0,0,0,0,0,0
first_aid_kit,First Aid Kit,corrupt,D,8,partial,s004,mid,ko,capped,1241.8764547044,12.418764547044,1241.8764547044,0,0,0,0,0,0,0,0,0
nightstand,Nightstand,base,D,13,proc,s004,mid,ko,capped,1241.8764547044,12.418764547044,1241.8764547044,0,0,0,0,0,0,0,0,0
nightstand,Nightstand,corrupt,D,8,proc,s004,mid,ko,capped,1241.8764547044,12.418764547044,1241.8764547044,0,0,0,0,0,0,0,0,0
receipt_printer,Receipt Printer,base,C,19,proc,s004,mid,ko,capped,1241.8764547044,12.418764547044,1241.8764547044,0,0,0,0,0,0,0,0,0
receipt_printer,Receipt Printer,corrupt,C,9,proc,s004,mid,ko,capped,1241.8764547044,12.418764547044,1241.8764547044,0,0,0,0,0,0,0,0,0
microwave_oven,Microwave Oven,base,D,18,proc,s004,mid,ko,capped,1241.8764547044,12.418764547044,1241.8764547044,0,0,0,0,0,0,0,0,0
microwave_oven,Microwave Oven,corrupt,D,10,partial,s004,mid,ko,capped,1241.8764547044,12.418764547044,1241.8764547044,0,0,0,0,0,0,0,0,0
framed_diploma,Framed Diploma,base,D,18,proc,s004,mid,ko,capped,1241.8764547044,12.418764547044,1241.8764547044,0,0,0,0,0,0,0,0,0
framed_diploma,Framed Diploma,corrupt,D,9,partial,s004,mid,ko,capped,1241.8764547044,12.418764547044,1241.8764547044,0,0,0,0,0,0,0,0,0
laminated_blueprint,Laminated Blueprint,base,D,19,not modeled,s004,mid,ko,capped,1241.8764547044,12.418764547044,1241.8764547044,0,0,0,0,0,0,0,0,0
laminated_blueprint,Laminated Blueprint,corrupt,D,10,not modeled,s004,mid,ko,capped,1241.8764547044,12.418764547044,1241.8764547044,0,0,0,0,0,0,0,0,0
console_television,Console Television,base,D,26,proc,s004,mid,ko,capped,1241.8764547044,12.418764547044,1241.8764547044,0,0,0,0,0,0,0,0,0
console_television,Console Television,corrupt,D,13,partial,s004,mid,ko,capped,1241.8764547044,12.418764547044,1241.8764547044,0,0,0,0,0,0,0,0,0
desk_speakers,Desk Speakers,base,C,10,modeled,s004,mid,ko,capped,1241.8764547044,12.418764547044,1719.8867783728,478.01032366840013,93523.75897860006,9352.375897860005,4.780103236684001,935.2375897860002,93.52375897860001,1,0.04999999999999999,0.3849097241981123
desk_speakers,Desk Speakers,corrupt,C,6,modeled,s004,mid,ko,capped,1241.8764547044,12.418764547044,4453.1177284545,3211.2412737501,628286.3361684979,104714.38936141632,32.112412737501,6282.863361684978,1047.143893614163,6,0.3,2.5857976947589862
curved_monitor,Curved Monitor,base,C,13,proc,s004,mid,ko,capped,1241.8764547044,12.418764547044,1241.8764547044,0,0,0,0,0,0,0,0,0
curved_monitor,Curved Monitor,corrupt,C,7,partial,s004,mid,ko,capped,1241.8764547044,12.418764547044,1241.8764547044,0,0,0,0,0,0,0,0,0
tower_upgrade,Tower Upgrade,base,C,14,proc,s004,mid,ko,capped,1241.8764547044,12.418764547044,1241.8764547044,0,0,0,0,0,0,0,0,0
tower_upgrade,Tower Upgrade,corrupt,C,5,partial,s004,mid,ko,capped,1241.8764547044,12.418764547044,1241.8764547044,0,0,0,0,0,0,0,0,0
copy_machine,Copy Machine,base,C,19,not modeled,s004,mid,ko,capped,1241.8764547044,12.418764547044,1241.8764547044,0,0,0,0,0,0,0,0,0
whiteboard,Whiteboard,base,D,17,not modeled,s004,mid,ko,capped,1241.8764547044,12.418764547044,1241.8764547044,0,0,0,0,0,0,0,0,0
high_roller_pass,High Roller Pass,base,D,19,not modeled,s004,mid,ko,capped,1241.8764547044,12.418764547044,1241.8764547044,0,0,0,0,0,0,0,0,0
high_roller_pass,High Roller Pass,corrupt,D,9,partial,s004,mid,ko,capped,1241.8764547044,12.418764547044,1241.8764547044,0,0,0,0,0,0,0,0,0
window,Window,base,D,20,proc,s004,mid,ko,capped,1241.8764547044,12.418764547044,1241.8764547044,0,0,0,0,0,0,0,0,0
window,Window,corrupt,D,10,partial,s004,mid,ko,capped,1241.8764547044,12.418764547044,1241.8764547044,0,0,0,0,0,0,0,0,0
bookshelf,Bookshelf,base,D,22,modeled,s004,mid,ko,capped,1241.8764547044,12.418764547044,1241.8764547044,0,0,0,0,0,0,0,0,0
bookshelf,Bookshelf,corrupt,D,11,modeled,s004,mid,ko,capped,1241.8764547044,12.418764547044,1241.8764547044,0,0,0,0,0,0,0,0,0
cereal_shelf,Cereal Shelf,base,D,24,not modeled,s004,mid,ko,capped,1241.8764547044,12.418764547044,1241.8764547044,0,0,0,0,0,0,0,0,0
cereal_shelf,Cereal Shelf,corrupt,D,12,not modeled,s004,mid,ko,capped,1241.8764547044,12.418764547044,1241.8764547044,0,0,0,0,0,0,0,0,0
fire_extinguisher,Fire Extinguisher,base,D,24,proc,s004,mid,ko,capped,1241.8764547044,12.418764547044,1241.8764547044,0,0,0,0,0,0,0,0,0
fire_extinguisher,Fire Extinguisher,corrupt,D,12,partial,s004,mid,ko,capped,1241.8764547044,12.418764547044,1241.8764547044,0,0,0,0,0,0,0,0,0
blackout_curtains,Blackout Curtains,base,D,24,proc,s004,mid,ko,capped,1241.8764547044,12.418764547044,1241.8764547044,0,0,0,0,0,0,0,0,0
blackout_curtains,Blackout Curtains,corrupt,D,12,partial,s004,mid,ko,capped,1241.8764547044,12.418764547044,1241.8764547044,0,0,0,0,0,0,0,0,0
tip_jar,Tip Jar,base,D,24,not modeled,s004,mid,ko,capped,1241.8764547044,12.418764547044,1241.8764547044,0,0,0,0,0,0,0,0,0
tip_jar,Tip Jar,corrupt,D,12,not modeled,s004,mid,ko,capped,1241.8764547044,12.418764547044,1241.8764547044,0,0,0,0,0,0,0,0,0
shredder,Shredder,base,D,18,proc,s004,mid,ko,capped,1241.8764547044,12.418764547044,1241.8764547044,0,0,0,0,0,0,0,0,0
shredder,Shredder,corrupt,D,9,partial,s004,mid,ko,capped,1241.8764547044,12.418764547044,1241.8764547044,0,0,0,0,0,0,0,0,0
cool_towel,Cool Towel,base,D,16,proc,s004,mid,ko,capped,1241.8764547044,12.418764547044,1241.8764547044,0,0,0,0,0,0,0,0,0
waste_basket,Waste Basket,base,D,18,proc,s004,mid,ko,capped,1241.8764547044,12.418764547044,1241.8764547044,0,0,0,0,0,0,0,0,0
waste_basket,Waste Basket,corrupt,D,9,proc,s004,mid,ko,capped,1241.8764547044,12.418764547044,1241.8764547044,0,0,0,0,0,0,0,0,0
cleaning_robot,Cleaning Robot,base,D,24,proc,s004,mid,ko,capped,1241.8764547044,12.418764547044,1241.8764547044,0,0,0,0,0,0,0,0,0
wall_hanger,Wall Hanger,base,A,2,modeled,s006,mid,six_max,naked,-58550000,-58.55,-58550000,0,0,0,0,0,0,0,0,0
wall_hanger,Wall Hanger,corrupt,A,2,modeled,s006,mid,six_max,naked,-58550000,-58.55,-58550000,0,0,0,0,0,0,0,0,0
mirror,Mirror,base,A,3,modeled,s006,mid,six_max,naked,-58550000,-58.55,-58550000,0,0,0,0,0,0,0,0,0
mirror,Mirror,corrupt,A,2,modeled,s006,mid,six_max,naked,-58550000,-58.55,-58550000,0,0,0,0,0,0,0,0,0
fight_night_poster,Fight Night Poster,base,A,4,not modeled,s006,mid,six_max,naked,-58550000,-58.55,-58550000,0,0,0,0,0,0,0,0,0
fight_night_poster,Fight Night Poster,corrupt,A,3,not modeled,s006,mid,six_max,naked,-58550000,-58.55,-58550000,0,0,0,0,0,0,0,0,0
energy_drink,Energy Drink,base,A,3,proc,s006,mid,six_max,naked,-58550000,-58.55,-58550000,0,0,0,0,0,0,0,0,0
energy_drink,Energy Drink,corrupt,A,2,proc,s006,mid,six_max,naked,-58550000,-58.55,-58550000,0,0,0,0,0,0,0,0,0
corkboard,Corkboard,base,A,4,modeled,s006,mid,six_max,naked,-58550000,-58.55,-58550000,0,0,0,0,0,0,0,0,0
corkboard,Corkboard,corrupt,A,2,modeled,s006,mid,six_max,naked,-58550000,-58.55,-49756250,8793750,1758750000,879375000,8.793749999999996,1758.75,879.375,0,0.125,0.15019214346712212
stack_of_books,Stack of Books,base,A,4,modeled,s006,mid,six_max,naked,-58550000,-58.55,-58550000,0,0,0,0,0,0,0,0,0
stack_of_books,Stack of Books,corrupt,A,3,modeled,s006,mid,six_max,naked,-58550000,-58.55,-58550000,0,0,0,0,0,0,0,0,0
throw_pillow,Throw Pillow,base,A,4,modeled,s006,mid,six_max,naked,-58550000,-58.55,-56937500,1612500,322500000,80625000,1.6124999999999972,322.5,80.625,0,0,0.027540563620836893
throw_pillow,Throw Pillow,corrupt,A,2,modeled,s006,mid,six_max,naked,-58550000,-58.55,-66170000,-7620000,-1524000000,-762000000,-7.6200000000000045,-1524,-762,0,0,-0.13014517506404782
starter_gift_box,Starter Gift Box,base,A,4,not modeled,s006,mid,six_max,naked,-58550000,-58.55,-58550000,0,0,0,0,0,0,0,0,0
starter_gift_box,Starter Gift Box,corrupt,A,3,not modeled,s006,mid,six_max,naked,-58550000,-58.55,-58550000,0,0,0,0,0,0,0,0,0
lava_lamp,Lava Lamp,base,A,5,modeled,s006,mid,six_max,naked,-58550000,-58.55,-58550000,0,0,0,0,0,0,0,0,0
lava_lamp,Lava Lamp,corrupt,A,3,modeled,s006,mid,six_max,naked,-58550000,-58.55,-58550000,0,0,0,0,0,0,0,0,0
comfort_bed,Comfort Bed,base,A,4,modeled,s006,mid,six_max,naked,-58550000,-58.55,-53787500,4762500,952500000,238125000,4.762499999999996,952.5,238.125,0,0,0.08134073441502988
comfort_bed,Comfort Bed,corrupt,A,2,not modeled,s006,mid,six_max,naked,-58550000,-58.55,-58550000,0,0,0,0,0,0,0,0,0
yellow_sticky_note,Yellow Sticky Note,base,A,5,modeled,s006,mid,six_max,naked,-58550000,-58.55,-58550000,0,0,0,0,0,0,0,0,0
yellow_sticky_note,Yellow Sticky Note,corrupt,A,4,modeled,s006,mid,six_max,naked,-58550000,-58.55,-58550000,0,0,0,0,0,0,0,0,0
rubber_duck,Rubber Duck,base,A,5,not modeled,s006,mid,six_max,naked,-58550000,-58.55,-58550000,0,0,0,0,0,0,0,0,0
rubber_duck,Rubber Duck,corrupt,A,2,modeled,s006,mid,six_max,naked,-58550000,-58.55,-60177500,-1627500,-325500000,-162750000,-1.6275000000000048,-325.5,-162.75,0,0,-0.02779675491033305
stash_box,Stash Box,base,B,6,not modeled,s006,mid,six_max,naked,-58550000,-58.55,-58550000,0,0,0,0,0,0,0,0,0
stash_box,Stash Box,corrupt,B,3,not modeled,s006,mid,six_max,naked,-58550000,-58.55,-58550000,0,0,0,0,0,0,0,0,0
dogs_playing_poker,Dogs Playing Poker,base,B,6,proc,s006,mid,six_max,naked,-58550000,-58.55,-58550000,0,0,0,0,0,0,0,0,0
dogs_playing_poker,Dogs Playing Poker,corrupt,B,3,proc,s006,mid,six_max,naked,-58550000,-58.55,-58550000,0,0,0,0,0,0,0,0,0
calculator,Calculator,base,B,7,modeled,s006,mid,six_max,naked,-58550000,-58.55,-58550000,0,0,0,0,0,0,0,0,0
calculator,Calculator,corrupt,B,4,modeled,s006,mid,six_max,naked,-58550000,-58.55,-58550000,0,0,0,0,0,0,0,0,0
ring_binder,Ring Binder,base,B,7,not modeled,s006,mid,six_max,naked,-58550000,-58.55,-58550000,0,0,0,0,0,0,0,0,0
ring_binder,Ring Binder,corrupt,B,4,not modeled,s006,mid,six_max,naked,-58550000,-58.55,-58550000,0,0,0,0,0,0,0,0,0
space_heater,Space Heater,base,B,8,modeled,s006,mid,six_max,naked,-58550000,-58.55,-46840000,11710000,2342000000,292750000,11.709999999999994,2342,292.75,0,0,0.2
space_heater,Space Heater,corrupt,B,8,modeled,s006,mid,six_max,naked,-58550000,-58.55,-175650000,-117100000,-23420000000,-2927500000,-117.10000000000001,-23420,-2927.5,0,0,-2
pencil_holder,Pencil Holder,base,B,8,not modeled,s006,mid,six_max,naked,-58550000,-58.55,-58550000,0,0,0,0,0,0,0,0,0
pencil_holder,Pencil Holder,corrupt,B,4,not modeled,s006,mid,six_max,naked,-58550000,-58.55,-58550000,0,0,0,0,0,0,0,0,0
bonsai,Bonsai,base,B,10,not modeled,s006,mid,six_max,naked,-58550000,-58.55,-58550000,0,0,0,0,0,0,0,0,0
bonsai,Bonsai,corrupt,B,5,not modeled,s006,mid,six_max,naked,-58550000,-58.55,-58550000,0,0,0,0,0,0,0,0,0
desk_plant,Desk Plant,base,B,8,modeled,s006,mid,six_max,naked,-58550000,-58.55,-58550000,0,0,0,0,0,0,0,0,0
desk_plant,Desk Plant,corrupt,B,5,modeled,s006,mid,six_max,naked,-58550000,-58.55,-39203750,19346250,3869250000,773850000,19.346249999999998,3869.25,773.85,0,0.275,0.3304227156276687
desk,Desk,base,B,9,not modeled,s006,mid,six_max,naked,-58550000,-58.55,-58550000,0,0,0,0,0,0,0,0,0
desk,Desk,corrupt,B,5,not modeled,s006,mid,six_max,naked,-58550000,-58.55,-58550000,0,0,0,0,0,0,0,0,0
rebuy_sticky_note,Rebuy Sticky Note,base,B,10,not modeled,s006,mid,six_max,naked,-58550000,-58.55,-58550000,0,0,0,0,0,0,0,0,0
rebuy_sticky_note,Rebuy Sticky Note,corrupt,B,5,not modeled,s006,mid,six_max,naked,-58550000,-58.55,-58550000,0,0,0,0,0,0,0,0,0
gaming_chair,Gaming Chair,base,B,10,proc,s006,mid,six_max,naked,-58550000,-58.55,-58550000,0,0,0,0,0,0,0,0,0
gaming_chair,Gaming Chair,corrupt,B,5,partial,s006,mid,six_max,naked,-58550000,-58.55,-81970000,-23420000,-4684000000,-936800000,-23.42,-4684,-936.8,0,0,-0.4
headset,Headset,base,B,6,modeled,s006,mid,six_max,naked,-58550000,-58.55,-58550000,0,0,0,0,0,0,0,0,0
headset,Headset,corrupt,B,5,modeled,s006,mid,six_max,naked,-58550000,-58.55,-58550000,0,0,0,0,0,0,0,0,0
prize_vase,Prize Vase,base,C,12,proc,s006,mid,six_max,naked,-58550000,-58.55,-58550000,0,0,0,0,0,0,0,0,0
prize_vase,Prize Vase,corrupt,C,6,proc,s006,mid,six_max,naked,-58550000,-58.55,-58550000,0,0,0,0,0,0,0,0,0
compact_fridge,Compact Fridge,base,B,12,not modeled,s006,mid,six_max,naked,-58550000,-58.55,-58550000,0,0,0,0,0,0,0,0,0
compact_fridge,Compact Fridge,corrupt,B,6,not modeled,s006,mid,six_max,naked,-58550000,-58.55,-58550000,0,0,0,0,0,0,0,0,0
wall_clock,Wall Clock,base,B,12,proc,s006,mid,six_max,naked,-58550000,-58.55,-58550000,0,0,0,0,0,0,0,0,0
wall_clock,Wall Clock,corrupt,B,7,partial,s006,mid,six_max,naked,-58550000,-58.55,-87825000,-29275000,-5855000000,-836428571.4285715,-29.275000000000006,-5855,-836.4285714285714,0,0,-0.5
house_cat,House Cat,base,B,8,proc,s006,mid,six_max,naked,-58550000,-58.55,-58550000,0,0,0,0,0,0,0,0,0
house_cat,House Cat,corrupt,B,4,proc,s006,mid,six_max,naked,-58550000,-58.55,-58550000,0,0,0,0,0,0,0,0,0
candle,Candle,base,B,7,proc,s006,mid,six_max,naked,-58550000,-58.55,-58550000,0,0,0,0,0,0,0,0,0
dusty_console,Dusty Console,base,B,5,modeled,s006,mid,six_max,naked,-58550000,-58.55,-58550000,0,0,0,0,0,0,0,0,0
handheld,Handheld,base,B,5,modeled,s006,mid,six_max,naked,-58550000,-58.55,-58550000,0,0,0,0,0,0,0,0,0
red_rug,Red Rug,base,B,8,modeled,s006,mid,six_max,naked,-58550000,-58.55,-58550000,0,0,0,0,0,0,0,0,0
dish_soap,Dish Soap,base,B,12,proc,s006,mid,six_max,naked,-58550000,-58.55,-58550000,0,0,0,0,0,0,0,0,0
rolled_vouchers,Rolled Vouchers,base,C,9,proc,s006,mid,six_max,naked,-58550000,-58.55,-58550000,0,0,0,0,0,0,0,0,0
rolled_vouchers,Rolled Vouchers,corrupt,C,5,proc,s006,mid,six_max,naked,-58550000,-58.55,-58550000,0,0,0,0,0,0,0,0,0
second_monitor,Second Monitor,base,C,10,modeled,s006,mid,six_max,naked,-58550000,-58.55,-58550000,0,0,0,0,0,0,0,0,0
second_monitor,Second Monitor,corrupt,C,6,modeled,s006,mid,six_max,naked,-58550000,-58.55,-58550000,0,0,0,0,0,0,0,0,0
laptop_terminal,Laptop Terminal,base,D,12,not modeled,s006,mid,six_max,naked,-58550000,-58.55,-58550000,0,0,0,0,0,0,0,0,0
laptop_terminal,Laptop Terminal,corrupt,D,6,not modeled,s006,mid,six_max,naked,-58550000,-58.55,-58550000,0,0,0,0,0,0,0,0,0
gaming_keyboard,Gaming Keyboard,base,D,12,not modeled,s006,mid,six_max,naked,-58550000,-58.55,-58550000,0,0,0,0,0,0,0,0,0
gaming_keyboard,Gaming Keyboard,corrupt,D,6,not modeled,s006,mid,six_max,naked,-58550000,-58.55,-58550000,0,0,0,0,0,0,0,0,0
box_of_mice,Box of Mice,base,D,13,not modeled,s006,mid,six_max,naked,-58550000,-58.55,-58550000,0,0,0,0,0,0,0,0,0
box_of_mice,Box of Mice,corrupt,D,7,not modeled,s006,mid,six_max,naked,-58550000,-58.55,-58550000,0,0,0,0,0,0,0,0,0
wacom_tablet,Wacom Tablet,base,D,13,not modeled,s006,mid,six_max,naked,-58550000,-58.55,-58550000,0,0,0,0,0,0,0,0,0
wacom_tablet,Wacom Tablet,corrupt,D,7,not modeled,s006,mid,six_max,naked,-58550000,-58.55,-58550000,0,0,0,0,0,0,0,0,0
desk_lamp,Desk Lamp,base,D,10,not modeled,s006,mid,six_max,naked,-58550000,-58.55,-58550000,0,0,0,0,0,0,0,0,0
desk_lamp,Desk Lamp,corrupt,D,6,not modeled,s006,mid,six_max,naked,-58550000,-58.55,-58550000,0,0,0,0,0,0,0,0,0
telephone,Telephone,base,D,12,not modeled,s006,mid,six_max,naked,-58550000,-58.55,-58550000,0,0,0,0,0,0,0,0,0
glass_partition,Glass Partition,base,D,12,not modeled,s006,mid,six_max,naked,-58550000,-58.55,-58550000,0,0,0,0,0,0,0,0,0
electric_kettle,Electric Kettle,base,D,11,not modeled,s006,mid,six_max,naked,-58550000,-58.55,-58550000,0,0,0,0,0,0,0,0,0
electric_kettle,Electric Kettle,corrupt,D,8,not modeled,s006,mid,six_max,naked,-58550000,-58.55,-58550000,0,0,0,0,0,0,0,0,0
chrome_toaster,Chrome Toaster,base,D,14,not modeled,s006,mid,six_max,naked,-58550000,-58.55,-58550000,0,0,0,0,0,0,0,0,0
chrome_toaster,Chrome Toaster,corrupt,D,8,not modeled,s006,mid,six_max,naked,-58550000,-58.55,-58550000,0,0,0,0,0,0,0,0,0
first_aid_kit,First Aid Kit,base,D,16,proc,s006,mid,six_max,naked,-58550000,-58.55,-58550000,0,0,0,0,0,0,0,0,0
first_aid_kit,First Aid Kit,corrupt,D,8,partial,s006,mid,six_max,naked,-58550000,-58.55,-58550000,0,0,0,0,0,0,0,0,0
nightstand,Nightstand,base,D,13,proc,s006,mid,six_max,naked,-58550000,-58.55,-58550000,0,0,0,0,0,0,0,0,0
nightstand,Nightstand,corrupt,D,8,proc,s006,mid,six_max,naked,-58550000,-58.55,-58550000,0,0,0,0,0,0,0,0,0
receipt_printer,Receipt Printer,base,C,19,proc,s006,mid,six_max,naked,-58550000,-58.55,-58550000,0,0,0,0,0,0,0,0,0
receipt_printer,Receipt Printer,corrupt,C,9,proc,s006,mid,six_max,naked,-58550000,-58.55,-58550000,0,0,0,0,0,0,0,0,0
microwave_oven,Microwave Oven,base,D,18,proc,s006,mid,six_max,naked,-58550000,-58.55,-58550000,0,0,0,0,0,0,0,0,0
microwave_oven,Microwave Oven,corrupt,D,10,partial,s006,mid,six_max,naked,-58550000,-58.55,-87825000,-29275000,-5855000000,-585500000,-29.275000000000006,-5855,-585.5,0,0,-0.5
framed_diploma,Framed Diploma,base,D,18,proc,s006,mid,six_max,naked,-58550000,-58.55,-58550000,0,0,0,0,0,0,0,0,0
framed_diploma,Framed Diploma,corrupt,D,9,partial,s006,mid,six_max,naked,-58550000,-58.55,-58550000,0,0,0,0,0,0,0,0,0
laminated_blueprint,Laminated Blueprint,base,D,19,not modeled,s006,mid,six_max,naked,-58550000,-58.55,-58550000,0,0,0,0,0,0,0,0,0
laminated_blueprint,Laminated Blueprint,corrupt,D,10,not modeled,s006,mid,six_max,naked,-58550000,-58.55,-58550000,0,0,0,0,0,0,0,0,0
console_television,Console Television,base,D,26,proc,s006,mid,six_max,naked,-58550000,-58.55,-58550000,0,0,0,0,0,0,0,0,0
console_television,Console Television,corrupt,D,13,partial,s006,mid,six_max,naked,-58550000,-58.55,-58550000,0,0,0,0,0,0,0,0,0
desk_speakers,Desk Speakers,base,C,10,modeled,s006,mid,six_max,naked,-58550000,-58.55,-58550000,0,0,0,0,0,0,0,0,0
desk_speakers,Desk Speakers,corrupt,C,6,modeled,s006,mid,six_max,naked,-58550000,-58.55,-58550000,0,0,0,0,0,0,0,0,0
curved_monitor,Curved Monitor,base,C,13,proc,s006,mid,six_max,naked,-58550000,-58.55,-58550000,0,0,0,0,0,0,0,0,0
curved_monitor,Curved Monitor,corrupt,C,7,partial,s006,mid,six_max,naked,-58550000,-58.55,-87825000,-29275000,-5855000000,-836428571.4285715,-29.275000000000006,-5855,-836.4285714285714,0,0,-0.5
tower_upgrade,Tower Upgrade,base,C,14,proc,s006,mid,six_max,naked,-58550000,-58.55,-58550000,0,0,0,0,0,0,0,0,0
tower_upgrade,Tower Upgrade,corrupt,C,5,partial,s006,mid,six_max,naked,-58550000,-58.55,-59678750,-1128750,-225750000,-45150000,-1.1287500000000037,-225.75,-45.15,0,0,-0.019278394534585824
copy_machine,Copy Machine,base,C,19,not modeled,s006,mid,six_max,naked,-58550000,-58.55,-58550000,0,0,0,0,0,0,0,0,0
whiteboard,Whiteboard,base,D,17,not modeled,s006,mid,six_max,naked,-58550000,-58.55,-58550000,0,0,0,0,0,0,0,0,0
high_roller_pass,High Roller Pass,base,D,19,not modeled,s006,mid,six_max,naked,-58550000,-58.55,-58550000,0,0,0,0,0,0,0,0,0
high_roller_pass,High Roller Pass,corrupt,D,9,partial,s006,mid,six_max,naked,-58550000,-58.55,-87825000,-29275000,-5855000000,-650555555.5555556,-29.275000000000006,-5855,-650.5555555555555,0,0,-0.5
window,Window,base,D,20,proc,s006,mid,six_max,naked,-58550000,-58.55,-58550000,0,0,0,0,0,0,0,0,0
window,Window,corrupt,D,10,partial,s006,mid,six_max,naked,-58550000,-58.55,-87825000,-29275000,-5855000000,-585500000,-29.275000000000006,-5855,-585.5,0,0,-0.5
bookshelf,Bookshelf,base,D,22,modeled,s006,mid,six_max,naked,-58550000,-58.55,-58550000,0,0,0,0,0,0,0,0,0
bookshelf,Bookshelf,corrupt,D,11,modeled,s006,mid,six_max,naked,-58550000,-58.55,-58550000,0,0,0,0,0,0,0,0,0
cereal_shelf,Cereal Shelf,base,D,24,not modeled,s006,mid,six_max,naked,-58550000,-58.55,-58550000,0,0,0,0,0,0,0,0,0
cereal_shelf,Cereal Shelf,corrupt,D,12,not modeled,s006,mid,six_max,naked,-58550000,-58.55,-58550000,0,0,0,0,0,0,0,0,0
fire_extinguisher,Fire Extinguisher,base,D,24,proc,s006,mid,six_max,naked,-58550000,-58.55,-58550000,0,0,0,0,0,0,0,0,0
fire_extinguisher,Fire Extinguisher,corrupt,D,12,partial,s006,mid,six_max,naked,-58550000,-58.55,-58550000,0,0,0,0,0,0,0,0,0
blackout_curtains,Blackout Curtains,base,D,24,proc,s006,mid,six_max,naked,-58550000,-58.55,-58550000,0,0,0,0,0,0,0,0,0
blackout_curtains,Blackout Curtains,corrupt,D,12,partial,s006,mid,six_max,naked,-58550000,-58.55,-93680000,-35130000,-7026000000,-585500000,-35.13000000000001,-7026,-585.5,0,0,-0.6
tip_jar,Tip Jar,base,D,24,not modeled,s006,mid,six_max,naked,-58550000,-58.55,-58550000,0,0,0,0,0,0,0,0,0
tip_jar,Tip Jar,corrupt,D,12,not modeled,s006,mid,six_max,naked,-58550000,-58.55,-58550000,0,0,0,0,0,0,0,0,0
shredder,Shredder,base,D,18,proc,s006,mid,six_max,naked,-58550000,-58.55,-58550000,0,0,0,0,0,0,0,0,0
shredder,Shredder,corrupt,D,9,partial,s006,mid,six_max,naked,-58550000,-58.55,-58550000,0,0,0,0,0,0,0,0,0
cool_towel,Cool Towel,base,D,16,proc,s006,mid,six_max,naked,-58550000,-58.55,-58550000,0,0,0,0,0,0,0,0,0
waste_basket,Waste Basket,base,D,18,proc,s006,mid,six_max,naked,-58550000,-58.55,-58550000,0,0,0,0,0,0,0,0,0
waste_basket,Waste Basket,corrupt,D,9,proc,s006,mid,six_max,naked,-58550000,-58.55,-58550000,0,0,0,0,0,0,0,0,0
cleaning_robot,Cleaning Robot,base,D,24,proc,s006,mid,six_max,naked,-58550000,-58.55,-58550000,0,0,0,0,0,0,0,0,0
wall_hanger,Wall Hanger,base,A,2,modeled,s006,mid,six_max,mid,-35143640,-35.14364,-33813080,1330560,266112000,133056000,1.3305599999999984,266.11199999999917,133.05599999999959,0,0,0.037860620015456564
wall_hanger,Wall Hanger,corrupt,A,2,modeled,s006,mid,six_max,mid,-35143640,-35.14364,-8532440,26611200,5322240000,2661120000,26.611199999999997,5322.24,2661.12,0,0,0.7572124003091313
mirror,Mirror,base,A,3,modeled,s006,mid,six_max,mid,-35143640,-35.14364,-35143640,0,0,0,0,0,0,0,0,0
mirror,Mirror,corrupt,A,2,modeled,s006,mid,six_max,mid,-35143640,-35.14364,-35143640,0,0,0,0,0,0,0,0,0
fight_night_poster,Fight Night Poster,base,A,4,not modeled,s006,mid,six_max,mid,-35143640,-35.14364,-35143640,0,0,0,0,0,0,0,0,0
fight_night_poster,Fight Night Poster,corrupt,A,3,not modeled,s006,mid,six_max,mid,-35143640,-35.14364,-35143640,0,0,0,0,0,0,0,0,0
energy_drink,Energy Drink,base,A,3,proc,s006,mid,six_max,mid,-35143640,-35.14364,-35143640,0,0,0,0,0,0,0,0,0
energy_drink,Energy Drink,corrupt,A,2,proc,s006,mid,six_max,mid,-35143640,-35.14364,-35143640,0,0,0,0,0,0,0,0,0
corkboard,Corkboard,base,A,4,modeled,s006,mid,six_max,mid,-35143640,-35.14364,-26993390,8150250,1630050000,407512500,8.150249999999996,1630.0499999999984,407.5124999999996,1.0499999999999998,0.05,0.23191251674556193
corkboard,Corkboard,corrupt,A,2,modeled,s006,mid,six_max,mid,-35143640,-35.14364,-2542640,32601000,6520200000,3260100000,32.601,6520.199999999999,3260.0999999999995,4.199999999999999,0.2,0.9276500669822477
stack_of_books,Stack of Books,base,A,4,modeled,s006,mid,six_max,mid,-35143640,-35.14364,-35017280,126360,25272000,6318000,0.12635999999999825,25.271999999999025,6.317999999999756,0,0,0.003595529660558781
stack_of_books,Stack of Books,corrupt,A,3,modeled,s006,mid,six_max,mid,-35143640,-35.14364,-34916192,227448,45489600,15163200,0.22744799999999543,45.48959999999897,15.163199999999657,0,0,0.006471953389005806
throw_pillow,Throw Pillow,base,A,4,modeled,s006,mid,six_max,mid,-35143640,-35.14364,-34245800,897840,179568000,44892000,0.8978399999999951,179.5679999999993,44.891999999999825,0,0,0.025547723571035897
throw_pillow,Throw Pillow,corrupt,A,2,modeled,s006,mid,six_max,mid,-35143640,-35.14364,-39386456,-4242816,-848563200,-424281600,-4.242816000000005,-848.5632000000014,-424.2816000000007,0,0,-0.1207278472008022
starter_gift_box,Starter Gift Box,base,A,4,not modeled,s006,mid,six_max,mid,-35143640,-35.14364,-35143640,0,0,0,0,0,0,0,0,0
starter_gift_box,Starter Gift Box,corrupt,A,3,not modeled,s006,mid,six_max,mid,-35143640,-35.14364,-35143640,0,0,0,0,0,0,0,0,0
lava_lamp,Lava Lamp,base,A,5,modeled,s006,mid,six_max,mid,-35143640,-35.14364,-34803818,339822,67964400,13592880,0.33982199999999807,67.96439999999893,13.592879999999786,0,0,0.009669516305083935
lava_lamp,Lava Lamp,corrupt,A,3,modeled,s006,mid,six_max,mid,-35143640,-35.14364,-34124174,1019466,203893200,67964400,1.0194660000000013,203.89319999999952,67.96439999999984,0,0,0.029008548915251807
comfort_bed,Comfort Bed,base,A,4,modeled,s006,mid,six_max,mid,-35143640,-35.14364,-31519568,3624072,724814400,181203600,3.624071999999998,724.8143999999993,181.20359999999982,0,0,0.10312170281735188
comfort_bed,Comfort Bed,corrupt,A,2,not modeled,s006,mid,six_max,mid,-35143640,-35.14364,-35143640,0,0,0,0,0,0,0,0,0
yellow_sticky_note,Yellow Sticky Note,base,A,5,modeled,s006,mid,six_max,mid,-35143640,-35.14364,-33053390,2090250,418050000,83610000,2.0902499999999975,418.0499999999993,83.60999999999986,0,0,0.05947733359435733
yellow_sticky_note,Yellow Sticky Note,corrupt,A,4,modeled,s006,mid,six_max,mid,-35143640,-35.14364,-10060640,25083000,5016600000,1254150000,25.083,5016.599999999999,1254.1499999999999,0,0,0.7137280031322879
rubber_duck,Rubber Duck,base,A,5,not modeled,s006,mid,six_max,mid,-35143640,-35.14364,-35143640,0,0,0,0,0,0,0,0,0
rubber_duck,Rubber Duck,corrupt,A,2,modeled,s006,mid,six_max,mid,-35143640,-35.14364,-42091112,-6947472,-1389494400,-694747200,-6.947472000000005,-1389.4944000000014,-694.7472000000007,0,0,-0.19768788890393824
stash_box,Stash Box,base,B,6,not modeled,s006,mid,six_max,mid,-35143640,-35.14364,-35143640,0,0,0,0,0,0,0,0,0
stash_box,Stash Box,corrupt,B,3,not modeled,s006,mid,six_max,mid,-35143640,-35.14364,-35143640,0,0,0,0,0,0,0,0,0
dogs_playing_poker,Dogs Playing Poker,base,B,6,proc,s006,mid,six_max,mid,-35143640,-35.14364,-35143640,0,0,0,0,0,0,0,0,0
dogs_playing_poker,Dogs Playing Poker,corrupt,B,3,proc,s006,mid,six_max,mid,-35143640,-35.14364,-35143640,0,0,0,0,0,0,0,0,0
calculator,Calculator,base,B,7,modeled,s006,mid,six_max,mid,-35143640,-35.14364,-17855861.971045,17287778.028955,3457555605.7910004,493936515.11300004,17.287778028954996,3457.5556057909985,493.93651511299976,2.0941845996094,0.05374687500000001,0.49191768493403076
calculator,Calculator,corrupt,B,4,modeled,s006,mid,six_max,mid,-35143640,-35.14364,127766187.78769,162909827.78768998,32581965557.538002,8145491389.3845005,162.90982778769,32581.965557538,8145.4913893845,25.334590909091,0.378,4.635542242855037
ring_binder,Ring Binder,base,B,7,not modeled,s006,mid,six_max,mid,-35143640,-35.14364,-35143640,0,0,0,0,0,0,0,0,0
ring_binder,Ring Binder,corrupt,B,4,not modeled,s006,mid,six_max,mid,-35143640,-35.14364,-35143640,0,0,0,0,0,0,0,0,0
space_heater,Space Heater,base,B,8,modeled,s006,mid,six_max,mid,-35143640,-35.14364,-26442712,8700928,1740185600,217523200,8.700927999999998,1740.1855999999989,217.52319999999986,0,0,0.24758186687548586
space_heater,Space Heater,corrupt,B,8,modeled,s006,mid,six_max,mid,-35143640,-35.14364,-122152920,-87009280,-17401856000,-2175232000,-87.00927999999999,-17401.856,-2175.232,0,0,-2.4758186687548585
pencil_holder,Pencil Holder,base,B,8,not modeled,s006,mid,six_max,mid,-35143640,-35.14364,-35143640,0,0,0,0,0,0,0,0,0
pencil_holder,Pencil Holder,corrupt,B,4,not modeled,s006,mid,six_max,mid,-35143640,-35.14364,-35143640,0,0,0,0,0,0,0,0,0
bonsai,Bonsai,base,B,10,not modeled,s006,mid,six_max,mid,-35143640,-35.14364,-35143640,0,0,0,0,0,0,0,0,0
bonsai,Bonsai,corrupt,B,5,not modeled,s006,mid,six_max,mid,-35143640,-35.14364,-35143640,0,0,0,0,0,0,0,0,0
desk_plant,Desk Plant,base,B,8,modeled,s006,mid,six_max,mid,-35143640,-35.14364,-25363340,9780300,1956060000,244507500,9.780299999999997,1956.0599999999986,244.50749999999982,1.2599999999999998,0.06000000000000001,0.27829502009467433
desk_plant,Desk Plant,corrupt,B,5,modeled,s006,mid,six_max,mid,-35143640,-35.14364,21908110,57051750,11410350000,2282070000,57.05175,11410.349999999999,2282.0699999999997,7.35,0.35,1.6233876172189334
desk,Desk,base,B,9,not modeled,s006,mid,six_max,mid,-35143640,-35.14364,-35143640,0,0,0,0,0,0,0,0,0
desk,Desk,corrupt,B,5,not modeled,s006,mid,six_max,mid,-35143640,-35.14364,-35143640,0,0,0,0,0,0,0,0,0
rebuy_sticky_note,Rebuy Sticky Note,base,B,10,not modeled,s006,mid,six_max,mid,-35143640,-35.14364,-35143640,0,0,0,0,0,0,0,0,0
rebuy_sticky_note,Rebuy Sticky Note,corrupt,B,5,not modeled,s006,mid,six_max,mid,-35143640,-35.14364,-35143640,0,0,0,0,0,0,0,0,0
gaming_chair,Gaming Chair,base,B,10,proc,s006,mid,six_max,mid,-35143640,-35.14364,-35143640,0,0,0,0,0,0,0,0,0
gaming_chair,Gaming Chair,corrupt,B,5,partial,s006,mid,six_max,mid,-35143640,-35.14364,-52545496,-17401856,-3480371200,-696074240,-17.401856000000002,-3480.3712000000014,-696.0742400000003,0,0,-0.4951637337509717
headset,Headset,base,B,6,modeled,s006,mid,six_max,mid,-35143640,-35.14364,-35143640,0,0,0,0,0,0,0,0,0
headset,Headset,corrupt,B,5,modeled,s006,mid,six_max,mid,-35143640,-35.14364,-35143640,0,0,0,0,0,0,0,0,0
prize_vase,Prize Vase,base,C,12,proc,s006,mid,six_max,mid,-35143640,-35.14364,-35143640,0,0,0,0,0,0,0,0,0
prize_vase,Prize Vase,corrupt,C,6,proc,s006,mid,six_max,mid,-35143640,-35.14364,-35143640,0,0,0,0,0,0,0,0,0
compact_fridge,Compact Fridge,base,B,12,not modeled,s006,mid,six_max,mid,-35143640,-35.14364,-35143640,0,0,0,0,0,0,0,0,0
compact_fridge,Compact Fridge,corrupt,B,6,not modeled,s006,mid,six_max,mid,-35143640,-35.14364,-35143640,0,0,0,0,0,0,0,0,0
wall_clock,Wall Clock,base,B,12,proc,s006,mid,six_max,mid,-35143640,-35.14364,-35143640,0,0,0,0,0,0,0,0,0
wall_clock,Wall Clock,corrupt,B,7,partial,s006,mid,six_max,mid,-35143640,-35.14364,-56895960,-21752320,-4350464000,-621494857.1428572,-21.752320000000005,-4350.464000000002,-621.4948571428574,0,0,-0.6189546671887146
house_cat,House Cat,base,B,8,proc,s006,mid,six_max,mid,-35143640,-35.14364,-35143640,0,0,0,0,0,0,0,0,0
house_cat,House Cat,corrupt,B,4,proc,s006,mid,six_max,mid,-35143640,-35.14364,-35143640,0,0,0,0,0,0,0,0,0
candle,Candle,base,B,7,proc,s006,mid,six_max,mid,-35143640,-35.14364,-35143640,0,0,0,0,0,0,0,0,0
dusty_console,Dusty Console,base,B,5,modeled,s006,mid,six_max,mid,-35143640,-35.14364,-35143640,0,0,0,0,0,0,0,0,0
handheld,Handheld,base,B,5,modeled,s006,mid,six_max,mid,-35143640,-35.14364,-35143640,0,0,0,0,0,0,0,0,0
red_rug,Red Rug,base,B,8,modeled,s006,mid,six_max,mid,-35143640,-35.14364,-35143640,0,0,0,0,0,0,0,0,0
dish_soap,Dish Soap,base,B,12,proc,s006,mid,six_max,mid,-35143640,-35.14364,-35143640,0,0,0,0,0,0,0,0,0
rolled_vouchers,Rolled Vouchers,base,C,9,proc,s006,mid,six_max,mid,-35143640,-35.14364,-35143640,0,0,0,0,0,0,0,0,0
rolled_vouchers,Rolled Vouchers,corrupt,C,5,proc,s006,mid,six_max,mid,-35143640,-35.14364,-35143640,0,0,0,0,0,0,0,0,0
second_monitor,Second Monitor,base,C,10,modeled,s006,mid,six_max,mid,-35143640,-35.14364,-35143640,0,0,0,0,0,0,0,0,0
second_monitor,Second Monitor,corrupt,C,6,modeled,s006,mid,six_max,mid,-35143640,-35.14364,-35143640,0,0,0,0,0,0,0,0,0
laptop_terminal,Laptop Terminal,base,D,12,not modeled,s006,mid,six_max,mid,-35143640,-35.14364,-35143640,0,0,0,0,0,0,0,0,0
laptop_terminal,Laptop Terminal,corrupt,D,6,not modeled,s006,mid,six_max,mid,-35143640,-35.14364,-35143640,0,0,0,0,0,0,0,0,0
gaming_keyboard,Gaming Keyboard,base,D,12,not modeled,s006,mid,six_max,mid,-35143640,-35.14364,-35143640,0,0,0,0,0,0,0,0,0
gaming_keyboard,Gaming Keyboard,corrupt,D,6,not modeled,s006,mid,six_max,mid,-35143640,-35.14364,-35143640,0,0,0,0,0,0,0,0,0
box_of_mice,Box of Mice,base,D,13,not modeled,s006,mid,six_max,mid,-35143640,-35.14364,-35143640,0,0,0,0,0,0,0,0,0
box_of_mice,Box of Mice,corrupt,D,7,not modeled,s006,mid,six_max,mid,-35143640,-35.14364,-35143640,0,0,0,0,0,0,0,0,0
wacom_tablet,Wacom Tablet,base,D,13,not modeled,s006,mid,six_max,mid,-35143640,-35.14364,-35143640,0,0,0,0,0,0,0,0,0
wacom_tablet,Wacom Tablet,corrupt,D,7,not modeled,s006,mid,six_max,mid,-35143640,-35.14364,-35143640,0,0,0,0,0,0,0,0,0
desk_lamp,Desk Lamp,base,D,10,not modeled,s006,mid,six_max,mid,-35143640,-35.14364,-35143640,0,0,0,0,0,0,0,0,0
desk_lamp,Desk Lamp,corrupt,D,6,not modeled,s006,mid,six_max,mid,-35143640,-35.14364,-35143640,0,0,0,0,0,0,0,0,0
telephone,Telephone,base,D,12,not modeled,s006,mid,six_max,mid,-35143640,-35.14364,-35143640,0,0,0,0,0,0,0,0,0
glass_partition,Glass Partition,base,D,12,not modeled,s006,mid,six_max,mid,-35143640,-35.14364,-35143640,0,0,0,0,0,0,0,0,0
electric_kettle,Electric Kettle,base,D,11,not modeled,s006,mid,six_max,mid,-35143640,-35.14364,-35143640,0,0,0,0,0,0,0,0,0
electric_kettle,Electric Kettle,corrupt,D,8,not modeled,s006,mid,six_max,mid,-35143640,-35.14364,-35143640,0,0,0,0,0,0,0,0,0
chrome_toaster,Chrome Toaster,base,D,14,not modeled,s006,mid,six_max,mid,-35143640,-35.14364,-34704238.4,439401.6000000015,87880320,6277165.714285715,0.4394015999999965,87.88031999999839,6.2771657142856,0.06912000000000007,0,0.012503019038437722
chrome_toaster,Chrome Toaster,corrupt,D,8,not modeled,s006,mid,six_max,mid,-35143640,-35.14364,-33221258,1922382,384476400,48059550,1.922381999999999,384.47639999999956,48.059549999999945,0.3024,0,0.054700708293164854
first_aid_kit,First Aid Kit,base,D,16,proc,s006,mid,six_max,mid,-35143640,-35.14364,-35143640,0,0,0,0,0,0,0,0,0
first_aid_kit,First Aid Kit,corrupt,D,8,partial,s006,mid,six_max,mid,-35143640,-35.14364,-37651940,-2508300,-501660000,-62707500,-2.5083000000000055,-501.6600000000026,-62.70750000000032,0,0,-0.07137280031322879
nightstand,Nightstand,base,D,13,proc,s006,mid,six_max,mid,-35143640,-35.14364,-35143640,0,0,0,0,0,0,0,0,0
nightstand,Nightstand,corrupt,D,8,proc,s006,mid,six_max,mid,-35143640,-35.14364,-35143640,0,0,0,0,0,0,0,0,0
receipt_printer,Receipt Printer,base,C,19,proc,s006,mid,six_max,mid,-35143640,-35.14364,-35143640,0,0,0,0,0,0,0,0,0
receipt_printer,Receipt Printer,corrupt,C,9,proc,s006,mid,six_max,mid,-35143640,-35.14364,-35143640,0,0,0,0,0,0,0,0,0
microwave_oven,Microwave Oven,base,D,18,proc,s006,mid,six_max,mid,-35143640,-35.14364,-35143640,0,0,0,0,0,0,0,0,0
microwave_oven,Microwave Oven,corrupt,D,10,partial,s006,mid,six_max,mid,-35143640,-35.14364,-56895960,-21752320,-4350464000,-435046400,-21.752320000000005,-4350.464000000002,-435.0464000000002,0,0,-0.6189546671887146
framed_diploma,Framed Diploma,base,D,18,proc,s006,mid,six_max,mid,-35143640,-35.14364,-35143640,0,0,0,0,0,0,0,0,0
framed_diploma,Framed Diploma,corrupt,D,9,partial,s006,mid,six_max,mid,-35143640,-35.14364,-37651940,-2508300,-501660000,-55740000,-2.5083000000000055,-501.6600000000026,-55.740000000000286,0,0,-0.07137280031322879
laminated_blueprint,Laminated Blueprint,base,D,19,not modeled,s006,mid,six_max,mid,-35143640,-35.14364,-35143640,0,0,0,0,0,0,0,0,0
laminated_blueprint,Laminated Blueprint,corrupt,D,10,not modeled,s006,mid,six_max,mid,-35143640,-35.14364,-35143640,0,0,0,0,0,0,0,0,0
console_television,Console Television,base,D,26,proc,s006,mid,six_max,mid,-35143640,-35.14364,-35143640,0,0,0,0,0,0,0,0,0
console_television,Console Television,corrupt,D,13,partial,s006,mid,six_max,mid,-35143640,-35.14364,-39324140,-4180500,-836100000,-64315384.615384616,-4.180500000000002,-836.1000000000013,-64.31538461538472,0,0,-0.11895466718871466
desk_speakers,Desk Speakers,base,C,10,modeled,s006,mid,six_max,mid,-35143640,-35.14364,-35143640,0,0,0,0,0,0,0,0,0
desk_speakers,Desk Speakers,corrupt,C,6,modeled,s006,mid,six_max,mid,-35143640,-35.14364,-46880000,-11736360,-2347272000,-391212000,-11.736360000000005,-2347.272000000001,-391.21200000000016,-1.512,-0.072,-0.3339540241136092
curved_monitor,Curved Monitor,base,C,13,proc,s006,mid,six_max,mid,-35143640,-35.14364,-35143640,0,0,0,0,0,0,0,0,0
curved_monitor,Curved Monitor,corrupt,C,7,partial,s006,mid,six_max,mid,-35143640,-35.14364,-56895960,-21752320,-4350464000,-621494857.1428572,-21.752320000000005,-4350.464000000002,-621.4948571428574,0,0,-0.6189546671887146
tower_upgrade,Tower Upgrade,base,C,14,proc,s006,mid,six_max,mid,-35143640,-35.14364,-35143640,0,0,0,0,0,0,0,0,0
tower_upgrade,Tower Upgrade,corrupt,C,5,partial,s006,mid,six_max,mid,-35143640,-35.14364,-36400616,-1256976,-251395200,-50279040,-1.2569760000000016,-251.39520000000084,-50.279040000000165,0,0,-0.035766812999450254
copy_machine,Copy Machine,base,C,19,not modeled,s006,mid,six_max,mid,-35143640,-35.14364,-35143640,0,0,0,0,0,0,0,0,0
whiteboard,Whiteboard,base,D,17,not modeled,s006,mid,six_max,mid,-35143640,-35.14364,-35143640,0,0,0,0,0,0,0,0,0
high_roller_pass,High Roller Pass,base,D,19,not modeled,s006,mid,six_max,mid,-35143640,-35.14364,-35143640,0,0,0,0,0,0,0,0,0
high_roller_pass,High Roller Pass,corrupt,D,9,partial,s006,mid,six_max,mid,-35143640,-35.14364,-56895960,-21752320,-4350464000,-483384888.8888889,-21.752320000000005,-4350.464000000002,-483.38488888888907,0,0,-0.6189546671887146
window,Window,base,D,20,proc,s006,mid,six_max,mid,-35143640,-35.14364,-35143640,0,0,0,0,0,0,0,0,0
window,Window,corrupt,D,10,partial,s006,mid,six_max,mid,-35143640,-35.14364,-56895960,-21752320,-4350464000,-435046400,-21.752320000000005,-4350.464000000002,-435.0464000000002,0,0,-0.6189546671887146
bookshelf,Bookshelf,base,D,22,modeled,s006,mid,six_max,mid,-35143640,-35.14364,-35143640,0,0,0,0,0,0,0,0,0
bookshelf,Bookshelf,corrupt,D,11,modeled,s006,mid,six_max,mid,-35143640,-35.14364,-35143640,0,0,0,0,0,0,0,0,0
cereal_shelf,Cereal Shelf,base,D,24,not modeled,s006,mid,six_max,mid,-35143640,-35.14364,-35143640,0,0,0,0,0,0,0,0,0
cereal_shelf,Cereal Shelf,corrupt,D,12,not modeled,s006,mid,six_max,mid,-35143640,-35.14364,-35143640,0,0,0,0,0,0,0,0,0
fire_extinguisher,Fire Extinguisher,base,D,24,proc,s006,mid,six_max,mid,-35143640,-35.14364,-35143640,0,0,0,0,0,0,0,0,0
fire_extinguisher,Fire Extinguisher,corrupt,D,12,partial,s006,mid,six_max,mid,-35143640,-35.14364,-37233890,-2090250,-418050000,-34837500,-2.0902500000000046,-418.050000000002,-34.83750000000017,0,0,-0.05947733359435733
blackout_curtains,Blackout Curtains,base,D,24,proc,s006,mid,six_max,mid,-35143640,-35.14364,-35143640,0,0,0,0,0,0,0,0,0
blackout_curtains,Blackout Curtains,corrupt,D,12,partial,s006,mid,six_max,mid,-35143640,-35.14364,-61246424,-26102784,-5220556800,-435046400,-26.102784,-5220.5568,-435.0464,0,0,-0.7427456006264576
tip_jar,Tip Jar,base,D,24,not modeled,s006,mid,six_max,mid,-35143640,-35.14364,-35143640,0,0,0,0,0,0,0,0,0
tip_jar,Tip Jar,corrupt,D,12,not modeled,s006,mid,six_max,mid,-35143640,-35.14364,-35143640,0,0,0,0,0,0,0,0,0
shredder,Shredder,base,D,18,proc,s006,mid,six_max,mid,-35143640,-35.14364,-35143640,0,0,0,0,0,0,0,0,0
shredder,Shredder,corrupt,D,9,partial,s006,mid,six_max,mid,-35143640,-35.14364,-37651940,-2508300,-501660000,-55740000,-2.5083000000000055,-501.6600000000026,-55.740000000000286,0,0,-0.07137280031322879
cool_towel,Cool Towel,base,D,16,proc,s006,mid,six_max,mid,-35143640,-35.14364,-35143640,0,0,0,0,0,0,0,0,0
waste_basket,Waste Basket,base,D,18,proc,s006,mid,six_max,mid,-35143640,-35.14364,-35143640,0,0,0,0,0,0,0,0,0
waste_basket,Waste Basket,corrupt,D,9,proc,s006,mid,six_max,mid,-35143640,-35.14364,-35143640,0,0,0,0,0,0,0,0,0
cleaning_robot,Cleaning Robot,base,D,24,proc,s006,mid,six_max,mid,-35143640,-35.14364,-35143640,0,0,0,0,0,0,0,0,0
wall_hanger,Wall Hanger,base,A,2,modeled,s006,mid,six_max,capped,-888250.00000001,-0.88825000000001,4347750,5236000.00000001,1047200000.000002,523600000.000001,5.2360000000000095,1047.2000000000019,523.6000000000009,0,0,5.894736842105209
wall_hanger,Wall Hanger,corrupt,A,2,modeled,s006,mid,six_max,capped,-888250.00000001,-0.88825000000001,103831750,104720000.00000001,20944000000.000004,10472000000.000002,104.72000000000001,20944,10472,0,0,117.89473684210395
mirror,Mirror,base,A,3,modeled,s006,mid,six_max,capped,-888250.00000001,-0.88825000000001,-888250.00000001,0,0,0,0,0,0,0,0,0
mirror,Mirror,corrupt,A,2,modeled,s006,mid,six_max,capped,-888250.00000001,-0.88825000000001,-888250.00000001,0,0,0,0,0,0,0,0,0
fight_night_poster,Fight Night Poster,base,A,4,not modeled,s006,mid,six_max,capped,-888250.00000001,-0.88825000000001,-888250.00000001,0,0,0,0,0,0,0,0,0
fight_night_poster,Fight Night Poster,corrupt,A,3,not modeled,s006,mid,six_max,capped,-888250.00000001,-0.88825000000001,-888250.00000001,0,0,0,0,0,0,0,0,0
energy_drink,Energy Drink,base,A,3,proc,s006,mid,six_max,capped,-888250.00000001,-0.88825000000001,-888250.00000001,0,0,0,0,0,0,0,0,0
energy_drink,Energy Drink,corrupt,A,2,proc,s006,mid,six_max,capped,-888250.00000001,-0.88825000000001,-888250.00000001,0,0,0,0,0,0,0,0,0
corkboard,Corkboard,base,A,4,modeled,s006,mid,six_max,capped,-888250.00000001,-0.88825000000001,10350500,11238750.00000001,2247750000.000002,561937500.0000005,11.23875000000001,2247.7500000000023,561.9375000000006,1.75,0.04999999999999999,12.652687869406003
corkboard,Corkboard,corrupt,A,2,modeled,s006,mid,six_max,capped,-888250.00000001,-0.88825000000001,44066750,44955000.00000001,8991000000.000002,4495500000.000001,44.95500000000001,8991,4495.5,6.999999999999999,0.19999999999999998,50.61075147762398
stack_of_books,Stack of Books,base,A,4,modeled,s006,mid,six_max,capped,-888250.00000001,-0.88825000000001,-722500.00000001,165750,33150000,8287500,0.16574999999999995,33.150000000000006,8.287500000000001,0,0,0.18660287081339502
stack_of_books,Stack of Books,corrupt,A,3,modeled,s006,mid,six_max,capped,-888250.00000001,-0.88825000000001,-589900.00000001,298350,59670000.00000003,19890000.00000001,0.29835,59.67,19.89,0,0,0.33588516746411107
throw_pillow,Throw Pillow,base,A,4,modeled,s006,mid,six_max,capped,-888250.00000001,-0.88825000000001,-442125.00000001,446125,89225000.00000003,22306250.000000007,0.446125,89.225,22.30625,0,0,0.5022516183506839
throw_pillow,Throw Pillow,corrupt,A,2,modeled,s006,mid,six_max,capped,-888250.00000001,-0.88825000000001,-2996450,-2108199.9999999898,-421639999.999998,-210819999.999999,-2.10819999999999,-421.63999999999794,-210.81999999999897,0,0,-2.373430903461825
starter_gift_box,Starter Gift Box,base,A,4,not modeled,s006,mid,six_max,capped,-888250.00000001,-0.88825000000001,-888250.00000001,0,0,0,0,0,0,0,0,0
starter_gift_box,Starter Gift Box,corrupt,A,3,not modeled,s006,mid,six_max,capped,-888250.00000001,-0.88825000000001,-888250.00000001,0,0,0,0,0,0,0,0,0
lava_lamp,Lava Lamp,base,A,5,modeled,s006,mid,six_max,capped,-888250.00000001,-0.88825000000001,-241187.50000001,647062.5,129412500.00000003,25882500.000000007,0.6470625,129.4125,25.8825,0,0,0.7284688995215229
lava_lamp,Lava Lamp,corrupt,A,3,modeled,s006,mid,six_max,capped,-888250.00000001,-0.88825000000001,1052937.5,1941187.50000001,388237500.000002,129412500.00000067,1.94118750000001,388.237500000002,129.41250000000068,0,0,2.18540669856458
comfort_bed,Comfort Bed,base,A,4,modeled,s006,mid,six_max,capped,-888250.00000001,-0.88825000000001,1878762.5,2767012.5000000102,553402500.000002,138350625.0000005,2.7670125000000096,553.402500000002,138.3506250000005,0,0,3.1151280607936718
comfort_bed,Comfort Bed,corrupt,A,2,not modeled,s006,mid,six_max,capped,-888250.00000001,-0.88825000000001,-888250.00000001,0,0,0,0,0,0,0,0,0
yellow_sticky_note,Yellow Sticky Note,base,A,5,modeled,s006,mid,six_max,capped,-888250.00000001,-0.88825000000001,7002937.5,7891187.50000001,1578237500.000002,315647500.00000036,7.89118750000001,1578.237500000002,315.6475000000004,0,0,8.88397129186594
yellow_sticky_note,Yellow Sticky Note,corrupt,A,4,modeled,s006,mid,six_max,capped,-888250.00000001,-0.88825000000001,93806000,94694250.00000001,18938850000.000004,4734712500.000001,94.69425000000001,18938.85,4734.7125,0,0,106.60765550239115
rubber_duck,Rubber Duck,base,A,5,not modeled,s006,mid,six_max,capped,-888250.00000001,-0.88825000000001,-888250.00000001,0,0,0,0,0,0,0,0,0
rubber_duck,Rubber Duck,corrupt,A,2,modeled,s006,mid,six_max,capped,-888250.00000001,-0.88825000000001,-10344025,-9455774.99999999,-1891154999.999998,-945577499.999999,-9.45577499999999,-1891.154999999998,-945.577499999999,0,0,-10.645398254995648
stash_box,Stash Box,base,B,6,not modeled,s006,mid,six_max,capped,-888250.00000001,-0.88825000000001,-888250.00000001,0,0,0,0,0,0,0,0,0
stash_box,Stash Box,corrupt,B,3,not modeled,s006,mid,six_max,capped,-888250.00000001,-0.88825000000001,-888250.00000001,0,0,0,0,0,0,0,0,0
dogs_playing_poker,Dogs Playing Poker,base,B,6,proc,s006,mid,six_max,capped,-888250.00000001,-0.88825000000001,-888250.00000001,0,0,0,0,0,0,0,0,0
dogs_playing_poker,Dogs Playing Poker,corrupt,B,3,proc,s006,mid,six_max,capped,-888250.00000001,-0.88825000000001,-888250.00000001,0,0,0,0,0,0,0,0,0
calculator,Calculator,base,B,7,modeled,s006,mid,six_max,capped,-888250.00000001,-0.88825000000001,15078836.5625,15967086.56250001,3193417312.500002,456202473.21428597,15.96708656250001,3193.4173125000016,456.20247321428593,2.3716874999999993,0.03674999999999998,17.975892555586636
calculator,Calculator,corrupt,B,4,modeled,s006,mid,six_max,capped,-888250.00000001,-0.88825000000001,165780208.33333,166668458.33333,33333691666.666004,8333422916.666501,166.66845833333,33333.691666666,8333.4229166665,27.64375,0.36749999999999994,187.6368796322298
ring_binder,Ring Binder,base,B,7,not modeled,s006,mid,six_max,capped,-888250.00000001,-0.88825000000001,-888250.00000001,0,0,0,0,0,0,0,0,0
ring_binder,Ring Binder,corrupt,B,4,not modeled,s006,mid,six_max,capped,-888250.00000001,-0.88825000000001,-888250.00000001,0,0,0,0,0,0,0,0,0
space_heater,Space Heater,base,B,8,modeled,s006,mid,six_max,capped,-888250.00000001,-0.88825000000001,5602350,6490600.00000001,1298120000.000002,162265000.00000024,6.49060000000001,1298.1200000000022,162.26500000000027,0,0,7.307177033492752
space_heater,Space Heater,corrupt,B,8,modeled,s006,mid,six_max,capped,-888250.00000001,-0.88825000000001,-65794250,-64905999.99999999,-12981199999.999998,-1622649999.9999998,-64.90599999999999,-12981.199999999999,-1622.6499999999999,0,0,-73.0717703349274
pencil_holder,Pencil Holder,base,B,8,not modeled,s006,mid,six_max,capped,-888250.00000001,-0.88825000000001,-888250.00000001,0,0,0,0,0,0,0,0,0
pencil_holder,Pencil Holder,corrupt,B,4,not modeled,s006,mid,six_max,capped,-888250.00000001,-0.88825000000001,-888250.00000001,0,0,0,0,0,0,0,0,0
bonsai,Bonsai,base,B,10,not modeled,s006,mid,six_max,capped,-888250.00000001,-0.88825000000001,-888250.00000001,0,0,0,0,0,0,0,0,0
bonsai,Bonsai,corrupt,B,5,not modeled,s006,mid,six_max,capped,-888250.00000001,-0.88825000000001,-888250.00000001,0,0,0,0,0,0,0,0,0
desk_plant,Desk Plant,base,B,8,modeled,s006,mid,six_max,capped,-888250.00000001,-0.88825000000001,12598250,13486500.00000001,2697300000.000002,337162500.00000024,13.48650000000001,2697.3000000000015,337.1625000000002,2.1000000000000005,0.06,15.183225443287203
desk_plant,Desk Plant,corrupt,B,5,modeled,s006,mid,six_max,capped,-888250.00000001,-0.88825000000001,77783000,78671250.00000001,15734250000.000002,3146850000.0000005,78.67125000000001,15734.25,3146.85,12.25,0.35,88.56881508584196
desk,Desk,base,B,9,not modeled,s006,mid,six_max,capped,-888250.00000001,-0.88825000000001,-888250.00000001,0,0,0,0,0,0,0,0,0
desk,Desk,corrupt,B,5,not modeled,s006,mid,six_max,capped,-888250.00000001,-0.88825000000001,-888250.00000001,0,0,0,0,0,0,0,0,0
rebuy_sticky_note,Rebuy Sticky Note,base,B,10,not modeled,s006,mid,six_max,capped,-888250.00000001,-0.88825000000001,-888250.00000001,0,0,0,0,0,0,0,0,0
rebuy_sticky_note,Rebuy Sticky Note,corrupt,B,5,not modeled,s006,mid,six_max,capped,-888250.00000001,-0.88825000000001,-888250.00000001,0,0,0,0,0,0,0,0,0
gaming_chair,Gaming Chair,base,B,10,proc,s006,mid,six_max,capped,-888250.00000001,-0.88825000000001,-888250.00000001,0,0,0,0,0,0,0,0,0
gaming_chair,Gaming Chair,corrupt,B,5,partial,s006,mid,six_max,capped,-888250.00000001,-0.88825000000001,-13869450,-12981199.99999999,-2596239999.999998,-519247999.99999964,-12.98119999999999,-2596.2399999999984,-519.2479999999997,0,0,-14.61435406698547
headset,Headset,base,B,6,modeled,s006,mid,six_max,capped,-888250.00000001,-0.88825000000001,-888250.00000001,0,0,0,0,0,0,0,0,0
headset,Headset,corrupt,B,5,modeled,s006,mid,six_max,capped,-888250.00000001,-0.88825000000001,-888250.00000001,0,0,0,0,0,0,0,0,0
prize_vase,Prize Vase,base,C,12,proc,s006,mid,six_max,capped,-888250.00000001,-0.88825000000001,-888250.00000001,0,0,0,0,0,0,0,0,0
prize_vase,Prize Vase,corrupt,C,6,proc,s006,mid,six_max,capped,-888250.00000001,-0.88825000000001,-888250.00000001,0,0,0,0,0,0,0,0,0
compact_fridge,Compact Fridge,base,B,12,not modeled,s006,mid,six_max,capped,-888250.00000001,-0.88825000000001,-888250.00000001,0,0,0,0,0,0,0,0,0
compact_fridge,Compact Fridge,corrupt,B,6,not modeled,s006,mid,six_max,capped,-888250.00000001,-0.88825000000001,-888250.00000001,0,0,0,0,0,0,0,0,0
wall_clock,Wall Clock,base,B,12,proc,s006,mid,six_max,capped,-888250.00000001,-0.88825000000001,-888250.00000001,0,0,0,0,0,0,0,0,0
wall_clock,Wall Clock,corrupt,B,7,partial,s006,mid,six_max,capped,-888250.00000001,-0.88825000000001,-17114750,-16226499.99999999,-3245299999.999998,-463614285.71428543,-16.22649999999999,-3245.2999999999984,-463.6142857142855,0,0,-18.26794258373184
house_cat,House Cat,base,B,8,proc,s006,mid,six_max,capped,-888250.00000001,-0.88825000000001,-888250.00000001,0,0,0,0,0,0,0,0,0
house_cat,House Cat,corrupt,B,4,proc,s006,mid,six_max,capped,-888250.00000001,-0.88825000000001,-888250.00000001,0,0,0,0,0,0,0,0,0
candle,Candle,base,B,7,proc,s006,mid,six_max,capped,-888250.00000001,-0.88825000000001,-888250.00000001,0,0,0,0,0,0,0,0,0
dusty_console,Dusty Console,base,B,5,modeled,s006,mid,six_max,capped,-888250.00000001,-0.88825000000001,-888250.00000001,0,0,0,0,0,0,0,0,0
handheld,Handheld,base,B,5,modeled,s006,mid,six_max,capped,-888250.00000001,-0.88825000000001,-888250.00000001,0,0,0,0,0,0,0,0,0
red_rug,Red Rug,base,B,8,modeled,s006,mid,six_max,capped,-888250.00000001,-0.88825000000001,-888250.00000001,0,0,0,0,0,0,0,0,0
dish_soap,Dish Soap,base,B,12,proc,s006,mid,six_max,capped,-888250.00000001,-0.88825000000001,-888250.00000001,0,0,0,0,0,0,0,0,0
rolled_vouchers,Rolled Vouchers,base,C,9,proc,s006,mid,six_max,capped,-888250.00000001,-0.88825000000001,-888250.00000001,0,0,0,0,0,0,0,0,0
rolled_vouchers,Rolled Vouchers,corrupt,C,5,proc,s006,mid,six_max,capped,-888250.00000001,-0.88825000000001,-888250.00000001,0,0,0,0,0,0,0,0,0
second_monitor,Second Monitor,base,C,10,modeled,s006,mid,six_max,capped,-888250.00000001,-0.88825000000001,-888250.00000001,0,0,0,0,0,0,0,0,0
second_monitor,Second Monitor,corrupt,C,6,modeled,s006,mid,six_max,capped,-888250.00000001,-0.88825000000001,-888250.00000001,0,0,0,0,0,0,0,0,0
laptop_terminal,Laptop Terminal,base,D,12,not modeled,s006,mid,six_max,capped,-888250.00000001,-0.88825000000001,-888250.00000001,0,0,0,0,0,0,0,0,0
laptop_terminal,Laptop Terminal,corrupt,D,6,not modeled,s006,mid,six_max,capped,-888250.00000001,-0.88825000000001,-888250.00000001,0,0,0,0,0,0,0,0,0
gaming_keyboard,Gaming Keyboard,base,D,12,not modeled,s006,mid,six_max,capped,-888250.00000001,-0.88825000000001,-888250.00000001,0,0,0,0,0,0,0,0,0
gaming_keyboard,Gaming Keyboard,corrupt,D,6,not modeled,s006,mid,six_max,capped,-888250.00000001,-0.88825000000001,-888250.00000001,0,0,0,0,0,0,0,0,0
box_of_mice,Box of Mice,base,D,13,not modeled,s006,mid,six_max,capped,-888250.00000001,-0.88825000000001,-888250.00000001,0,0,0,0,0,0,0,0,0
box_of_mice,Box of Mice,corrupt,D,7,not modeled,s006,mid,six_max,capped,-888250.00000001,-0.88825000000001,-888250.00000001,0,0,0,0,0,0,0,0,0
wacom_tablet,Wacom Tablet,base,D,13,not modeled,s006,mid,six_max,capped,-888250.00000001,-0.88825000000001,-888250.00000001,0,0,0,0,0,0,0,0,0
wacom_tablet,Wacom Tablet,corrupt,D,7,not modeled,s006,mid,six_max,capped,-888250.00000001,-0.88825000000001,-888250.00000001,0,0,0,0,0,0,0,0,0
desk_lamp,Desk Lamp,base,D,10,not modeled,s006,mid,six_max,capped,-888250.00000001,-0.88825000000001,-888250.00000001,0,0,0,0,0,0,0,0,0
desk_lamp,Desk Lamp,corrupt,D,6,not modeled,s006,mid,six_max,capped,-888250.00000001,-0.88825000000001,-888250.00000001,0,0,0,0,0,0,0,0,0
telephone,Telephone,base,D,12,not modeled,s006,mid,six_max,capped,-888250.00000001,-0.88825000000001,-888250.00000001,0,0,0,0,0,0,0,0,0
glass_partition,Glass Partition,base,D,12,not modeled,s006,mid,six_max,capped,-888250.00000001,-0.88825000000001,-888250.00000001,0,0,0,0,0,0,0,0,0
electric_kettle,Electric Kettle,base,D,11,not modeled,s006,mid,six_max,capped,-888250.00000001,-0.88825000000001,-888250.00000001,0,0,0,0,0,0,0,0,0
electric_kettle,Electric Kettle,corrupt,D,8,not modeled,s006,mid,six_max,capped,-888250.00000001,-0.88825000000001,-888250.00000001,0,0,0,0,0,0,0,0,0
chrome_toaster,Chrome Toaster,base,D,14,not modeled,s006,mid,six_max,capped,-888250.00000001,-0.88825000000001,366689.99999999,1254940,250988000.00000003,17927714.285714287,1.25494,250.988,17.927714285714284,0.27200000000000024,0,1.4128229665071612
chrome_toaster,Chrome Toaster,corrupt,D,8,not modeled,s006,mid,six_max,capped,-888250.00000001,-0.88825000000001,4602112.5,5490362.50000001,1098072500.000002,137259062.50000024,5.49036250000001,1098.072500000002,137.25906250000025,1.1899999999999995,0,6.181100478468841
first_aid_kit,First Aid Kit,base,D,16,proc,s006,mid,six_max,capped,-888250.00000001,-0.88825000000001,-888250.00000001,0,0,0,0,0,0,0,0,0
first_aid_kit,First Aid Kit,corrupt,D,8,partial,s006,mid,six_max,capped,-888250.00000001,-0.88825000000001,-10357675,-9469424.99999999,-1893884999.999998,-236735624.99999976,-9.46942499999999,-1893.8849999999984,-236.7356249999998,0,0,-10.660765550239104
nightstand,Nightstand,base,D,13,proc,s006,mid,six_max,capped,-888250.00000001,-0.88825000000001,-888250.00000001,0,0,0,0,0,0,0,0,0
nightstand,Nightstand,corrupt,D,8,proc,s006,mid,six_max,capped,-888250.00000001,-0.88825000000001,-888250.00000001,0,0,0,0,0,0,0,0,0
receipt_printer,Receipt Printer,base,C,19,proc,s006,mid,six_max,capped,-888250.00000001,-0.88825000000001,-888250.00000001,0,0,0,0,0,0,0,0,0
receipt_printer,Receipt Printer,corrupt,C,9,proc,s006,mid,six_max,capped,-888250.00000001,-0.88825000000001,-888250.00000001,0,0,0,0,0,0,0,0,0
microwave_oven,Microwave Oven,base,D,18,proc,s006,mid,six_max,capped,-888250.00000001,-0.88825000000001,-888250.00000001,0,0,0,0,0,0,0,0,0
microwave_oven,Microwave Oven,corrupt,D,10,partial,s006,mid,six_max,capped,-888250.00000001,-0.88825000000001,-17114750,-16226499.99999999,-3245299999.999998,-324529999.9999998,-16.22649999999999,-3245.2999999999984,-324.52999999999986,0,0,-18.26794258373184
framed_diploma,Framed Diploma,base,D,18,proc,s006,mid,six_max,capped,-888250.00000001,-0.88825000000001,-888250.00000001,0,0,0,0,0,0,0,0,0
framed_diploma,Framed Diploma,corrupt,D,9,partial,s006,mid,six_max,capped,-888250.00000001,-0.88825000000001,-10357675,-9469424.99999999,-1893884999.999998,-210431666.66666645,-9.46942499999999,-1893.8849999999984,-210.4316666666665,0,0,-10.660765550239104
laminated_blueprint,Laminated Blueprint,base,D,19,not modeled,s006,mid,six_max,capped,-888250.00000001,-0.88825000000001,-888250.00000001,0,0,0,0,0,0,0,0,0
laminated_blueprint,Laminated Blueprint,corrupt,D,10,not modeled,s006,mid,six_max,capped,-888250.00000001,-0.88825000000001,-888250.00000001,0,0,0,0,0,0,0,0,0
console_television,Console Television,base,D,26,proc,s006,mid,six_max,capped,-888250.00000001,-0.88825000000001,-888250.00000001,0,0,0,0,0,0,0,0,0
console_television,Console Television,corrupt,D,13,partial,s006,mid,six_max,capped,-888250.00000001,-0.88825000000001,-16670625,-15782374.99999999,-3156474999.999998,-242805769.2307691,-15.782374999999991,-3156.4749999999985,-242.80576923076913,0,0,-17.76794258373185
desk_speakers,Desk Speakers,base,C,10,modeled,s006,mid,six_max,capped,-888250.00000001,-0.88825000000001,-888250.00000001,0,0,0,0,0,0,0,0,0
desk_speakers,Desk Speakers,corrupt,C,6,modeled,s006,mid,six_max,capped,-888250.00000001,-0.88825000000001,-23365750,-22477499.99999999,-4495499999.999998,-749249999.9999996,-22.47749999999999,-4495.499999999997,-749.2499999999995,-3.5,-0.1,-25.305375738811975
curved_monitor,Curved Monitor,base,C,13,proc,s006,mid,six_max,capped,-888250.00000001,-0.88825000000001,-888250.00000001,0,0,0,0,0,0,0,0,0
curved_monitor,Curved Monitor,corrupt,C,7,partial,s006,mid,six_max,capped,-888250.00000001,-0.88825000000001,-17114750,-16226499.99999999,-3245299999.999998,-463614285.71428543,-16.22649999999999,-3245.2999999999984,-463.6142857142855,0,0,-18.26794258373184
tower_upgrade,Tower Upgrade,base,C,14,proc,s006,mid,six_max,capped,-888250.00000001,-0.88825000000001,-888250.00000001,0,0,0,0,0,0,0,0,0
tower_upgrade,Tower Upgrade,corrupt,C,5,partial,s006,mid,six_max,capped,-888250.00000001,-0.88825000000001,-2137400,-1249149.99999999,-249829999.99999797,-49965999.9999996,-1.24914999999999,-249.82999999999802,-49.9659999999996,0,0,-1.4063045313819036
copy_machine,Copy Machine,base,C,19,not modeled,s006,mid,six_max,capped,-888250.00000001,-0.88825000000001,-888250.00000001,0,0,0,0,0,0,0,0,0
whiteboard,Whiteboard,base,D,17,not modeled,s006,mid,six_max,capped,-888250.00000001,-0.88825000000001,-888250.00000001,0,0,0,0,0,0,0,0,0
high_roller_pass,High Roller Pass,base,D,19,not modeled,s006,mid,six_max,capped,-888250.00000001,-0.88825000000001,-888250.00000001,0,0,0,0,0,0,0,0,0
high_roller_pass,High Roller Pass,corrupt,D,9,partial,s006,mid,six_max,capped,-888250.00000001,-0.88825000000001,-17114750,-16226499.99999999,-3245299999.999998,-360588888.88888866,-16.22649999999999,-3245.2999999999984,-360.58888888888873,0,0,-18.26794258373184
window,Window,base,D,20,proc,s006,mid,six_max,capped,-888250.00000001,-0.88825000000001,-888250.00000001,0,0,0,0,0,0,0,0,0
window,Window,corrupt,D,10,partial,s006,mid,six_max,capped,-888250.00000001,-0.88825000000001,-17114750,-16226499.99999999,-3245299999.999998,-324529999.9999998,-16.22649999999999,-3245.2999999999984,-324.52999999999986,0,0,-18.26794258373184
bookshelf,Bookshelf,base,D,22,modeled,s006,mid,six_max,capped,-888250.00000001,-0.88825000000001,-888250.00000001,0,0,0,0,0,0,0,0,0
bookshelf,Bookshelf,corrupt,D,11,modeled,s006,mid,six_max,capped,-888250.00000001,-0.88825000000001,-888250.00000001,0,0,0,0,0,0,0,0,0
cereal_shelf,Cereal Shelf,base,D,24,not modeled,s006,mid,six_max,capped,-888250.00000001,-0.88825000000001,-888250.00000001,0,0,0,0,0,0,0,0,0
cereal_shelf,Cereal Shelf,corrupt,D,12,not modeled,s006,mid,six_max,capped,-888250.00000001,-0.88825000000001,-888250.00000001,0,0,0,0,0,0,0,0,0
fire_extinguisher,Fire Extinguisher,base,D,24,proc,s006,mid,six_max,capped,-888250.00000001,-0.88825000000001,-888250.00000001,0,0,0,0,0,0,0,0,0
fire_extinguisher,Fire Extinguisher,corrupt,D,12,partial,s006,mid,six_max,capped,-888250.00000001,-0.88825000000001,-8779437.5,-7891187.49999999,-1578237499.999998,-131519791.66666651,-7.89118749999999,-1578.2374999999981,-131.51979166666652,0,0,-8.883971291865917
blackout_curtains,Blackout Curtains,base,D,24,proc,s006,mid,six_max,capped,-888250.00000001,-0.88825000000001,-888250.00000001,0,0,0,0,0,0,0,0,0
blackout_curtains,Blackout Curtains,corrupt,D,12,partial,s006,mid,six_max,capped,-888250.00000001,-0.88825000000001,-20360050,-19471799.99999999,-3894359999.999998,-324529999.9999998,-19.47179999999999,-3894.3599999999983,-324.52999999999986,0,0,-21.92153110047821
tip_jar,Tip Jar,base,D,24,not modeled,s006,mid,six_max,capped,-888250.00000001,-0.88825000000001,-888250.00000001,0,0,0,0,0,0,0,0,0
tip_jar,Tip Jar,corrupt,D,12,not modeled,s006,mid,six_max,capped,-888250.00000001,-0.88825000000001,-888250.00000001,0,0,0,0,0,0,0,0,0
shredder,Shredder,base,D,18,proc,s006,mid,six_max,capped,-888250.00000001,-0.88825000000001,-888250.00000001,0,0,0,0,0,0,0,0,0
shredder,Shredder,corrupt,D,9,partial,s006,mid,six_max,capped,-888250.00000001,-0.88825000000001,-10357675,-9469424.99999999,-1893884999.999998,-210431666.66666645,-9.46942499999999,-1893.8849999999984,-210.4316666666665,0,0,-10.660765550239104
cool_towel,Cool Towel,base,D,16,proc,s006,mid,six_max,capped,-888250.00000001,-0.88825000000001,-888250.00000001,0,0,0,0,0,0,0,0,0
waste_basket,Waste Basket,base,D,18,proc,s006,mid,six_max,capped,-888250.00000001,-0.88825000000001,-888250.00000001,0,0,0,0,0,0,0,0,0
waste_basket,Waste Basket,corrupt,D,9,proc,s006,mid,six_max,capped,-888250.00000001,-0.88825000000001,-888250.00000001,0,0,0,0,0,0,0,0,0
cleaning_robot,Cleaning Robot,base,D,24,proc,s006,mid,six_max,capped,-888250.00000001,-0.88825000000001,-888250.00000001,0,0,0,0,0,0,0,0,0
wall_hanger,Wall Hanger,base,A,2,modeled,s006,mid,hu,naked,-65521739.130435,-65.521739130435,-65521739.130435,0,0,0,0,0,0,0,0,0
wall_hanger,Wall Hanger,corrupt,A,2,modeled,s006,mid,hu,naked,-65521739.130435,-65.521739130435,-65521739.130435,0,0,0,0,0,0,0,0,0
mirror,Mirror,base,A,3,modeled,s006,mid,hu,naked,-65521739.130435,-65.521739130435,-65024380.434783,497358.6956520006,248679347.8260002,82893115.94200008,0.49735869565199664,248.67934782599332,82.89311594199778,0.1,0.005,0.007590743198404762
mirror,Mirror,corrupt,A,2,modeled,s006,mid,hu,naked,-65521739.130435,-65.521739130435,-40156445.652174,25365293.478260994,12682646739.130493,6341323369.565247,25.365293478260995,12682.646739130494,6341.323369565247,5.1,0.255,0.38712790311877965
fight_night_poster,Fight Night Poster,base,A,4,not modeled,s006,mid,hu,naked,-65521739.130435,-65.521739130435,-65521739.130435,0,0,0,0,0,0,0,0,0
fight_night_poster,Fight Night Poster,corrupt,A,3,not modeled,s006,mid,hu,naked,-65521739.130435,-65.521739130435,-65521739.130435,0,0,0,0,0,0,0,0,0
energy_drink,Energy Drink,base,A,3,proc,s006,mid,hu,naked,-65521739.130435,-65.521739130435,-65521739.130435,0,0,0,0,0,0,0,0,0
energy_drink,Energy Drink,corrupt,A,2,proc,s006,mid,hu,naked,-65521739.130435,-65.521739130435,-65521739.130435,0,0,0,0,0,0,0,0,0
corkboard,Corkboard,base,A,4,modeled,s006,mid,hu,naked,-65521739.130435,-65.521739130435,-65521739.130435,0,0,0,0,0,0,0,0,0
corkboard,Corkboard,corrupt,A,2,modeled,s006,mid,hu,naked,-65521739.130435,-65.521739130435,-55077206.521739,10444532.608695999,5222266304.347996,2611133152.173998,10.444532608695994,5222.266304347995,2611.1331521739976,2.1,0.105,0.15940560716656083
stack_of_books,Stack of Books,base,A,4,modeled,s006,mid,hu,naked,-65521739.130435,-65.521739130435,-65521739.130435,0,0,0,0,0,0,0,0,0
stack_of_books,Stack of Books,corrupt,A,3,modeled,s006,mid,hu,naked,-65521739.130435,-65.521739130435,-65521739.130435,0,0,0,0,0,0,0,0,0
throw_pillow,Throw Pillow,base,A,4,modeled,s006,mid,hu,naked,-65521739.130435,-65.521739130435,-63652173.913043,1869565.2173919976,934782608.6959953,233695652.17399883,1.8695652173919939,934.782608695994,233.6956521739985,0,0,0.02853351028534559
throw_pillow,Throw Pillow,corrupt,A,2,modeled,s006,mid,hu,naked,-65521739.130435,-65.521739130435,-74356521.73913,-8834782.608695008,-4417391304.347507,-2208695652.1737537,-8.834782608695008,-4417.391304347504,-2208.695652173752,0,0,-0.134837425348364
starter_gift_box,Starter Gift Box,base,A,4,not modeled,s006,mid,hu,naked,-65521739.130435,-65.521739130435,-65521739.130435,0,0,0,0,0,0,0,0,0
starter_gift_box,Starter Gift Box,corrupt,A,3,not modeled,s006,mid,hu,naked,-65521739.130435,-65.521739130435,-65521739.130435,0,0,0,0,0,0,0,0,0
lava_lamp,Lava Lamp,base,A,5,modeled,s006,mid,hu,naked,-65521739.130435,-65.521739130435,-65521739.130435,0,0,0,0,0,0,0,0,0
lava_lamp,Lava Lamp,corrupt,A,3,modeled,s006,mid,hu,naked,-65521739.130435,-65.521739130435,-65521739.130435,0,0,0,0,0,0,0,0,0
comfort_bed,Comfort Bed,base,A,4,modeled,s006,mid,hu,naked,-65521739.130435,-65.521739130435,-60138043.478261,5383695.652173996,2691847826.086998,672961956.5217495,5.383695652173998,2691.847826086996,672.961956521749,0,0,0.08216655607166656
comfort_bed,Comfort Bed,corrupt,A,2,not modeled,s006,mid,hu,naked,-65521739.130435,-65.521739130435,-65521739.130435,0,0,0,0,0,0,0,0,0
yellow_sticky_note,Yellow Sticky Note,base,A,5,modeled,s006,mid,hu,naked,-65521739.130435,-65.521739130435,-65521739.130435,0,0,0,0,0,0,0,0,0
yellow_sticky_note,Yellow Sticky Note,corrupt,A,4,modeled,s006,mid,hu,naked,-65521739.130435,-65.521739130435,-65521739.130435,0,0,0,0,0,0,0,0,0
rubber_duck,Rubber Duck,base,A,5,not modeled,s006,mid,hu,naked,-65521739.130435,-65.521739130435,-65521739.130435,0,0,0,0,0,0,0,0,0
rubber_duck,Rubber Duck,corrupt,A,2,modeled,s006,mid,hu,naked,-65521739.130435,-65.521739130435,-65521739.130435,0,0,0,0,0,0,0,0,0
stash_box,Stash Box,base,B,6,not modeled,s006,mid,hu,naked,-65521739.130435,-65.521739130435,-65521739.130435,0,0,0,0,0,0,0,0,0
stash_box,Stash Box,corrupt,B,3,not modeled,s006,mid,hu,naked,-65521739.130435,-65.521739130435,-65521739.130435,0,0,0,0,0,0,0,0,0
dogs_playing_poker,Dogs Playing Poker,base,B,6,proc,s006,mid,hu,naked,-65521739.130435,-65.521739130435,-65521739.130435,0,0,0,0,0,0,0,0,0
dogs_playing_poker,Dogs Playing Poker,corrupt,B,3,proc,s006,mid,hu,naked,-65521739.130435,-65.521739130435,-65521739.130435,0,0,0,0,0,0,0,0,0
calculator,Calculator,base,B,7,modeled,s006,mid,hu,naked,-65521739.130435,-65.521739130435,-65521739.130435,0,0,0,0,0,0,0,0,0
calculator,Calculator,corrupt,B,4,modeled,s006,mid,hu,naked,-65521739.130435,-65.521739130435,-65521739.130435,0,0,0,0,0,0,0,0,0
ring_binder,Ring Binder,base,B,7,not modeled,s006,mid,hu,naked,-65521739.130435,-65.521739130435,-65521739.130435,0,0,0,0,0,0,0,0,0
ring_binder,Ring Binder,corrupt,B,4,not modeled,s006,mid,hu,naked,-65521739.130435,-65.521739130435,-65521739.130435,0,0,0,0,0,0,0,0,0
space_heater,Space Heater,base,B,8,modeled,s006,mid,hu,naked,-65521739.130435,-65.521739130435,-52417391.304348,13104347.826086998,6552173913.043495,819021739.1304369,13.104347826086993,6552.173913043494,819.0217391304368,0,0,0.19999999999999998
space_heater,Space Heater,corrupt,B,8,modeled,s006,mid,hu,naked,-65521739.130435,-65.521739130435,-196565217.3913,-131043478.260865,-65521739130.432495,-8190217391.304062,-131.04347826086502,-65521.7391304325,-8190.217391304062,0,0,-1.9999999999999238
pencil_holder,Pencil Holder,base,B,8,not modeled,s006,mid,hu,naked,-65521739.130435,-65.521739130435,-65521739.130435,0,0,0,0,0,0,0,0,0
pencil_holder,Pencil Holder,corrupt,B,4,not modeled,s006,mid,hu,naked,-65521739.130435,-65.521739130435,-65521739.130435,0,0,0,0,0,0,0,0,0
bonsai,Bonsai,base,B,10,not modeled,s006,mid,hu,naked,-65521739.130435,-65.521739130435,-65521739.130435,0,0,0,0,0,0,0,0,0
bonsai,Bonsai,corrupt,B,5,not modeled,s006,mid,hu,naked,-65521739.130435,-65.521739130435,-65521739.130435,0,0,0,0,0,0,0,0,0
desk_plant,Desk Plant,base,B,8,modeled,s006,mid,hu,naked,-65521739.130435,-65.521739130435,-65521739.130435,0,0,0,0,0,0,0,0,0
desk_plant,Desk Plant,corrupt,B,5,modeled,s006,mid,hu,naked,-65521739.130435,-65.521739130435,-65521739.130435,0,0,0,0,0,0,0,0,0
desk,Desk,base,B,9,not modeled,s006,mid,hu,naked,-65521739.130435,-65.521739130435,-65521739.130435,0,0,0,0,0,0,0,0,0
desk,Desk,corrupt,B,5,not modeled,s006,mid,hu,naked,-65521739.130435,-65.521739130435,-65521739.130435,0,0,0,0,0,0,0,0,0
rebuy_sticky_note,Rebuy Sticky Note,base,B,10,not modeled,s006,mid,hu,naked,-65521739.130435,-65.521739130435,-65521739.130435,0,0,0,0,0,0,0,0,0
rebuy_sticky_note,Rebuy Sticky Note,corrupt,B,5,not modeled,s006,mid,hu,naked,-65521739.130435,-65.521739130435,-65521739.130435,0,0,0,0,0,0,0,0,0
gaming_chair,Gaming Chair,base,B,10,proc,s006,mid,hu,naked,-65521739.130435,-65.521739130435,-65521739.130435,0,0,0,0,0,0,0,0,0
gaming_chair,Gaming Chair,corrupt,B,5,partial,s006,mid,hu,naked,-65521739.130435,-65.521739130435,-91730434.782609,-26208695.652174003,-13104347826.087002,-2620869565.2174006,-26.208695652174,-13104.347826087003,-2620.8695652174006,0,0,-0.4000000000000001
headset,Headset,base,B,6,modeled,s006,mid,hu,naked,-65521739.130435,-65.521739130435,-65521739.130435,0,0,0,0,0,0,0,0,0
headset,Headset,corrupt,B,5,modeled,s006,mid,hu,naked,-65521739.130435,-65.521739130435,-65521739.130435,0,0,0,0,0,0,0,0,0
prize_vase,Prize Vase,base,C,12,proc,s006,mid,hu,naked,-65521739.130435,-65.521739130435,-65521739.130435,0,0,0,0,0,0,0,0,0
prize_vase,Prize Vase,corrupt,C,6,proc,s006,mid,hu,naked,-65521739.130435,-65.521739130435,-65521739.130435,0,0,0,0,0,0,0,0,0
compact_fridge,Compact Fridge,base,B,12,not modeled,s006,mid,hu,naked,-65521739.130435,-65.521739130435,-65521739.130435,0,0,0,0,0,0,0,0,0
compact_fridge,Compact Fridge,corrupt,B,6,not modeled,s006,mid,hu,naked,-65521739.130435,-65.521739130435,-65521739.130435,0,0,0,0,0,0,0,0,0
wall_clock,Wall Clock,base,B,12,proc,s006,mid,hu,naked,-65521739.130435,-65.521739130435,-65521739.130435,0,0,0,0,0,0,0,0,0
wall_clock,Wall Clock,corrupt,B,7,partial,s006,mid,hu,naked,-65521739.130435,-65.521739130435,-98282608.695652,-32760869.565216996,-16380434782.608501,-2340062111.8012147,-32.76086956521701,-16380.434782608507,-2340.0621118012155,0,0,-0.49999999999999234
house_cat,House Cat,base,B,8,proc,s006,mid,hu,naked,-65521739.130435,-65.521739130435,-65521739.130435,0,0,0,0,0,0,0,0,0
house_cat,House Cat,corrupt,B,4,proc,s006,mid,hu,naked,-65521739.130435,-65.521739130435,-65521739.130435,0,0,0,0,0,0,0,0,0
candle,Candle,base,B,7,proc,s006,mid,hu,naked,-65521739.130435,-65.521739130435,-65521739.130435,0,0,0,0,0,0,0,0,0
dusty_console,Dusty Console,base,B,5,modeled,s006,mid,hu,naked,-65521739.130435,-65.521739130435,-65521739.130435,0,0,0,0,0,0,0,0,0
handheld,Handheld,base,B,5,modeled,s006,mid,hu,naked,-65521739.130435,-65.521739130435,-65521739.130435,0,0,0,0,0,0,0,0,0
red_rug,Red Rug,base,B,8,modeled,s006,mid,hu,naked,-65521739.130435,-65.521739130435,-65521739.130435,0,0,0,0,0,0,0,0,0
dish_soap,Dish Soap,base,B,12,proc,s006,mid,hu,naked,-65521739.130435,-65.521739130435,-65521739.130435,0,0,0,0,0,0,0,0,0
rolled_vouchers,Rolled Vouchers,base,C,9,proc,s006,mid,hu,naked,-65521739.130435,-65.521739130435,-65521739.130435,0,0,0,0,0,0,0,0,0
rolled_vouchers,Rolled Vouchers,corrupt,C,5,proc,s006,mid,hu,naked,-65521739.130435,-65.521739130435,-65521739.130435,0,0,0,0,0,0,0,0,0
second_monitor,Second Monitor,base,C,10,modeled,s006,mid,hu,naked,-65521739.130435,-65.521739130435,-65521739.130435,0,0,0,0,0,0,0,0,0
second_monitor,Second Monitor,corrupt,C,6,modeled,s006,mid,hu,naked,-65521739.130435,-65.521739130435,-65521739.130435,0,0,0,0,0,0,0,0,0
laptop_terminal,Laptop Terminal,base,D,12,not modeled,s006,mid,hu,naked,-65521739.130435,-65.521739130435,-65521739.130435,0,0,0,0,0,0,0,0,0
laptop_terminal,Laptop Terminal,corrupt,D,6,not modeled,s006,mid,hu,naked,-65521739.130435,-65.521739130435,-65521739.130435,0,0,0,0,0,0,0,0,0
gaming_keyboard,Gaming Keyboard,base,D,12,not modeled,s006,mid,hu,naked,-65521739.130435,-65.521739130435,-65521739.130435,0,0,0,0,0,0,0,0,0
gaming_keyboard,Gaming Keyboard,corrupt,D,6,not modeled,s006,mid,hu,naked,-65521739.130435,-65.521739130435,-65521739.130435,0,0,0,0,0,0,0,0,0
box_of_mice,Box of Mice,base,D,13,not modeled,s006,mid,hu,naked,-65521739.130435,-65.521739130435,-65521739.130435,0,0,0,0,0,0,0,0,0
box_of_mice,Box of Mice,corrupt,D,7,not modeled,s006,mid,hu,naked,-65521739.130435,-65.521739130435,-65521739.130435,0,0,0,0,0,0,0,0,0
wacom_tablet,Wacom Tablet,base,D,13,not modeled,s006,mid,hu,naked,-65521739.130435,-65.521739130435,-65521739.130435,0,0,0,0,0,0,0,0,0
wacom_tablet,Wacom Tablet,corrupt,D,7,not modeled,s006,mid,hu,naked,-65521739.130435,-65.521739130435,-65521739.130435,0,0,0,0,0,0,0,0,0
desk_lamp,Desk Lamp,base,D,10,not modeled,s006,mid,hu,naked,-65521739.130435,-65.521739130435,-65521739.130435,0,0,0,0,0,0,0,0,0
desk_lamp,Desk Lamp,corrupt,D,6,not modeled,s006,mid,hu,naked,-65521739.130435,-65.521739130435,-65521739.130435,0,0,0,0,0,0,0,0,0
telephone,Telephone,base,D,12,not modeled,s006,mid,hu,naked,-65521739.130435,-65.521739130435,-65521739.130435,0,0,0,0,0,0,0,0,0
glass_partition,Glass Partition,base,D,12,not modeled,s006,mid,hu,naked,-65521739.130435,-65.521739130435,-65521739.130435,0,0,0,0,0,0,0,0,0
electric_kettle,Electric Kettle,base,D,11,not modeled,s006,mid,hu,naked,-65521739.130435,-65.521739130435,-65521739.130435,0,0,0,0,0,0,0,0,0
electric_kettle,Electric Kettle,corrupt,D,8,not modeled,s006,mid,hu,naked,-65521739.130435,-65.521739130435,-65521739.130435,0,0,0,0,0,0,0,0,0
chrome_toaster,Chrome Toaster,base,D,14,not modeled,s006,mid,hu,naked,-65521739.130435,-65.521739130435,-65521739.130435,0,0,0,0,0,0,0,0,0
chrome_toaster,Chrome Toaster,corrupt,D,8,not modeled,s006,mid,hu,naked,-65521739.130435,-65.521739130435,-65521739.130435,0,0,0,0,0,0,0,0,0
first_aid_kit,First Aid Kit,base,D,16,proc,s006,mid,hu,naked,-65521739.130435,-65.521739130435,-65521739.130435,0,0,0,0,0,0,0,0,0
first_aid_kit,First Aid Kit,corrupt,D,8,partial,s006,mid,hu,naked,-65521739.130435,-65.521739130435,-65521739.130435,0,0,0,0,0,0,0,0,0
nightstand,Nightstand,base,D,13,proc,s006,mid,hu,naked,-65521739.130435,-65.521739130435,-65521739.130435,0,0,0,0,0,0,0,0,0
nightstand,Nightstand,corrupt,D,8,proc,s006,mid,hu,naked,-65521739.130435,-65.521739130435,-65521739.130435,0,0,0,0,0,0,0,0,0
receipt_printer,Receipt Printer,base,C,19,proc,s006,mid,hu,naked,-65521739.130435,-65.521739130435,-65521739.130435,0,0,0,0,0,0,0,0,0
receipt_printer,Receipt Printer,corrupt,C,9,proc,s006,mid,hu,naked,-65521739.130435,-65.521739130435,-65521739.130435,0,0,0,0,0,0,0,0,0
microwave_oven,Microwave Oven,base,D,18,proc,s006,mid,hu,naked,-65521739.130435,-65.521739130435,-65521739.130435,0,0,0,0,0,0,0,0,0
microwave_oven,Microwave Oven,corrupt,D,10,partial,s006,mid,hu,naked,-65521739.130435,-65.521739130435,-98282608.695652,-32760869.565216996,-16380434782.608501,-1638043478.2608502,-32.76086956521701,-16380.434782608507,-1638.0434782608506,0,0,-0.49999999999999234
framed_diploma,Framed Diploma,base,D,18,proc,s006,mid,hu,naked,-65521739.130435,-65.521739130435,-65521739.130435,0,0,0,0,0,0,0,0,0
framed_diploma,Framed Diploma,corrupt,D,9,partial,s006,mid,hu,naked,-65521739.130435,-65.521739130435,-65521739.130435,0,0,0,0,0,0,0,0,0
laminated_blueprint,Laminated Blueprint,base,D,19,not modeled,s006,mid,hu,naked,-65521739.130435,-65.521739130435,-65521739.130435,0,0,0,0,0,0,0,0,0
laminated_blueprint,Laminated Blueprint,corrupt,D,10,not modeled,s006,mid,hu,naked,-65521739.130435,-65.521739130435,-65521739.130435,0,0,0,0,0,0,0,0,0
console_television,Console Television,base,D,26,proc,s006,mid,hu,naked,-65521739.130435,-65.521739130435,-65521739.130435,0,0,0,0,0,0,0,0,0
console_television,Console Television,corrupt,D,13,partial,s006,mid,hu,naked,-65521739.130435,-65.521739130435,-65521739.130435,0,0,0,0,0,0,0,0,0
desk_speakers,Desk Speakers,base,C,10,modeled,s006,mid,hu,naked,-65521739.130435,-65.521739130435,-65521739.130435,0,0,0,0,0,0,0,0,0
desk_speakers,Desk Speakers,corrupt,C,6,modeled,s006,mid,hu,naked,-65521739.130435,-65.521739130435,-65521739.130435,0,0,0,0,0,0,0,0,0
curved_monitor,Curved Monitor,base,C,13,proc,s006,mid,hu,naked,-65521739.130435,-65.521739130435,-65521739.130435,0,0,0,0,0,0,0,0,0
curved_monitor,Curved Monitor,corrupt,C,7,partial,s006,mid,hu,naked,-65521739.130435,-65.521739130435,-98282608.695652,-32760869.565216996,-16380434782.608501,-2340062111.8012147,-32.76086956521701,-16380.434782608507,-2340.0621118012155,0,0,-0.49999999999999234
tower_upgrade,Tower Upgrade,base,C,14,proc,s006,mid,hu,naked,-65521739.130435,-65.521739130435,-65521739.130435,0,0,0,0,0,0,0,0,0
tower_upgrade,Tower Upgrade,corrupt,C,5,partial,s006,mid,hu,naked,-65521739.130435,-65.521739130435,-66176086.956522,-654347.8260870054,-327173913.0435066,-65434782.608701326,-0.6543478260870046,-327.17391304350895,-65.4347826087018,0,0,-0.009986728599868
copy_machine,Copy Machine,base,C,19,not modeled,s006,mid,hu,naked,-65521739.130435,-65.521739130435,-65521739.130435,0,0,0,0,0,0,0,0,0
whiteboard,Whiteboard,base,D,17,not modeled,s006,mid,hu,naked,-65521739.130435,-65.521739130435,-65521739.130435,0,0,0,0,0,0,0,0,0
high_roller_pass,High Roller Pass,base,D,19,not modeled,s006,mid,hu,naked,-65521739.130435,-65.521739130435,-65521739.130435,0,0,0,0,0,0,0,0,0
high_roller_pass,High Roller Pass,corrupt,D,9,partial,s006,mid,hu,naked,-65521739.130435,-65.521739130435,-98282608.695652,-32760869.565216996,-16380434782.608501,-1820048309.1787224,-32.76086956521701,-16380.434782608507,-1820.048309178723,0,0,-0.49999999999999234
window,Window,base,D,20,proc,s006,mid,hu,naked,-65521739.130435,-65.521739130435,-65521739.130435,0,0,0,0,0,0,0,0,0
window,Window,corrupt,D,10,partial,s006,mid,hu,naked,-65521739.130435,-65.521739130435,-98282608.695652,-32760869.565216996,-16380434782.608501,-1638043478.2608502,-32.76086956521701,-16380.434782608507,-1638.0434782608506,0,0,-0.49999999999999234
bookshelf,Bookshelf,base,D,22,modeled,s006,mid,hu,naked,-65521739.130435,-65.521739130435,-65521739.130435,0,0,0,0,0,0,0,0,0
bookshelf,Bookshelf,corrupt,D,11,modeled,s006,mid,hu,naked,-65521739.130435,-65.521739130435,-65521739.130435,0,0,0,0,0,0,0,0,0
cereal_shelf,Cereal Shelf,base,D,24,not modeled,s006,mid,hu,naked,-65521739.130435,-65.521739130435,-65521739.130435,0,0,0,0,0,0,0,0,0
cereal_shelf,Cereal Shelf,corrupt,D,12,not modeled,s006,mid,hu,naked,-65521739.130435,-65.521739130435,-65521739.130435,0,0,0,0,0,0,0,0,0
fire_extinguisher,Fire Extinguisher,base,D,24,proc,s006,mid,hu,naked,-65521739.130435,-65.521739130435,-65521739.130435,0,0,0,0,0,0,0,0,0
fire_extinguisher,Fire Extinguisher,corrupt,D,12,partial,s006,mid,hu,naked,-65521739.130435,-65.521739130435,-65521739.130435,0,0,0,0,0,0,0,0,0
blackout_curtains,Blackout Curtains,base,D,24,proc,s006,mid,hu,naked,-65521739.130435,-65.521739130435,-65521739.130435,0,0,0,0,0,0,0,0,0
blackout_curtains,Blackout Curtains,corrupt,D,12,partial,s006,mid,hu,naked,-65521739.130435,-65.521739130435,-104834782.6087,-39313043.47826501,-19656521739.132504,-1638043478.2610419,-39.313043478265,-19656.5217391325,-1638.0434782610416,0,0,-0.6000000000000613
tip_jar,Tip Jar,base,D,24,not modeled,s006,mid,hu,naked,-65521739.130435,-65.521739130435,-65521739.130435,0,0,0,0,0,0,0,0,0
tip_jar,Tip Jar,corrupt,D,12,not modeled,s006,mid,hu,naked,-65521739.130435,-65.521739130435,-65521739.130435,0,0,0,0,0,0,0,0,0
shredder,Shredder,base,D,18,proc,s006,mid,hu,naked,-65521739.130435,-65.521739130435,-65521739.130435,0,0,0,0,0,0,0,0,0
shredder,Shredder,corrupt,D,9,partial,s006,mid,hu,naked,-65521739.130435,-65.521739130435,-65521739.130435,0,0,0,0,0,0,0,0,0
cool_towel,Cool Towel,base,D,16,proc,s006,mid,hu,naked,-65521739.130435,-65.521739130435,-65521739.130435,0,0,0,0,0,0,0,0,0
waste_basket,Waste Basket,base,D,18,proc,s006,mid,hu,naked,-65521739.130435,-65.521739130435,-65521739.130435,0,0,0,0,0,0,0,0,0
waste_basket,Waste Basket,corrupt,D,9,proc,s006,mid,hu,naked,-65521739.130435,-65.521739130435,-65521739.130435,0,0,0,0,0,0,0,0,0
cleaning_robot,Cleaning Robot,base,D,24,proc,s006,mid,hu,naked,-65521739.130435,-65.521739130435,-65521739.130435,0,0,0,0,0,0,0,0,0
wall_hanger,Wall Hanger,base,A,2,modeled,s006,mid,hu,mid,-57182380,-57.18238,-56819940,362440,181220000,90610000,0.36243999999999943,181.21999999999753,90.60999999999876,0,0,0.006338316103666899
wall_hanger,Wall Hanger,corrupt,A,2,modeled,s006,mid,hu,mid,-57182380,-57.18238,-49933580,7248800,3624400000,1812200000,7.248800000000003,3624.399999999998,1812.199999999999,0,0,0.126766322073338
mirror,Mirror,base,A,3,modeled,s006,mid,hu,mid,-57182380,-57.18238,-45263880,11918500,5959250000,1986416666.6666667,11.918500000000002,5959.25,1986.4166666666667,4.1,0.1,0.20842958967430178
mirror,Mirror,corrupt,A,2,modeled,s006,mid,hu,mid,-57182380,-57.18238,-15467630,41714750,20857375000,10428687500,41.71475,20857.375,10428.6875,14.35,0.35000000000000003,0.7295035638600562
fight_night_poster,Fight Night Poster,base,A,4,not modeled,s006,mid,hu,mid,-57182380,-57.18238,-57182380,0,0,0,0,0,0,0,0,0
fight_night_poster,Fight Night Poster,corrupt,A,3,not modeled,s006,mid,hu,mid,-57182380,-57.18238,-57182380,0,0,0,0,0,0,0,0,0
energy_drink,Energy Drink,base,A,3,proc,s006,mid,hu,mid,-57182380,-57.18238,-57182380,0,0,0,0,0,0,0,0,0
energy_drink,Energy Drink,corrupt,A,2,proc,s006,mid,hu,mid,-57182380,-57.18238,-57182380,0,0,0,0,0,0,0,0,0
corkboard,Corkboard,base,A,4,modeled,s006,mid,hu,mid,-57182380,-57.18238,-51223130,5959250,2979625000,744906250,5.959250000000004,2979.6250000000036,744.9062500000009,2.0500000000000003,0.049999999999999996,0.10421479483715089
corkboard,Corkboard,corrupt,A,2,modeled,s006,mid,hu,mid,-57182380,-57.18238,-33345380,23837000,11918500000,5959250000,23.837000000000003,11918.5,5959.25,8.200000000000001,0.2,0.41685917934860356
stack_of_books,Stack of Books,base,A,4,modeled,s006,mid,hu,mid,-57182380,-57.18238,-57136620,45760,22880000,5720000,0.045760000000001355,22.88000000000102,5.720000000000255,0,0,0.0008002465095017031
stack_of_books,Stack of Books,corrupt,A,3,modeled,s006,mid,hu,mid,-57182380,-57.18238,-57100012,82368,41184000,13728000,0.08236800000000244,41.184000000001106,13.72800000000037,0,0,0.0014404437171030657
throw_pillow,Throw Pillow,base,A,4,modeled,s006,mid,hu,mid,-57182380,-57.18238,-55755640,1426740,713370000,178342500,1.4267400000000023,713.369999999999,178.34249999999975,0,0,0.024950692853288024
throw_pillow,Throw Pillow,corrupt,A,2,modeled,s006,mid,hu,mid,-57182380,-57.18238,-63924556,-6742176,-3371088000,-1685544000,-6.742176000000001,-3371.0880000000034,-1685.5440000000017,0,0,-0.11790652994856107
starter_gift_box,Starter Gift Box,base,A,4,not modeled,s006,mid,hu,mid,-57182380,-57.18238,-57182380,0,0,0,0,0,0,0,0,0
starter_gift_box,Starter Gift Box,corrupt,A,3,not modeled,s006,mid,hu,mid,-57182380,-57.18238,-57182380,0,0,0,0,0,0,0,0,0
lava_lamp,Lava Lamp,base,A,5,modeled,s006,mid,hu,mid,-57182380,-57.18238,-57120955,61425,30712500,6142500,0.06142499999999984,30.712500000001455,6.142500000000291,0,0,0.0010741945333510078
lava_lamp,Lava Lamp,corrupt,A,3,modeled,s006,mid,hu,mid,-57182380,-57.18238,-56998105,184275,92137500,30712500,0.18427499999999952,92.13749999999709,30.71249999999903,0,0,0.003222583600053023
comfort_bed,Comfort Bed,base,A,4,modeled,s006,mid,hu,mid,-57182380,-57.18238,-52125748,5056632,2528316000,632079000,5.0566320000000005,2528.3159999999953,632.0789999999988,0,0,0.08842989746142081
comfort_bed,Comfort Bed,corrupt,A,2,not modeled,s006,mid,hu,mid,-57182380,-57.18238,-57182380,0,0,0,0,0,0,0,0,0
yellow_sticky_note,Yellow Sticky Note,base,A,5,modeled,s006,mid,hu,mid,-57182380,-57.18238,-56456915,725465,362732500,72546500,0.7254649999999998,362.73249999999825,72.54649999999965,0,0,0.01268686263146095
yellow_sticky_note,Yellow Sticky Note,corrupt,A,4,modeled,s006,mid,hu,mid,-57182380,-57.18238,-48476800,8705580,4352790000,1088197500,8.705580000000005,4352.790000000001,1088.1975000000002,0,0,0.1522423515775314
rubber_duck,Rubber Duck,base,A,5,not modeled,s006,mid,hu,mid,-57182380,-57.18238,-57182380,0,0,0,0,0,0,0,0,0
rubber_duck,Rubber Duck,corrupt,A,2,modeled,s006,mid,hu,mid,-57182380,-57.18238,-58108102,-925722,-462861000,-231430500,-0.9257220000000004,-462.8610000000008,-231.4305000000004,0,0,-0.01618893792108688
stash_box,Stash Box,base,B,6,not modeled,s006,mid,hu,mid,-57182380,-57.18238,-57182380,0,0,0,0,0,0,0,0,0
stash_box,Stash Box,corrupt,B,3,not modeled,s006,mid,hu,mid,-57182380,-57.18238,-57182380,0,0,0,0,0,0,0,0,0
dogs_playing_poker,Dogs Playing Poker,base,B,6,proc,s006,mid,hu,mid,-57182380,-57.18238,-57182380,0,0,0,0,0,0,0,0,0
dogs_playing_poker,Dogs Playing Poker,corrupt,B,3,proc,s006,mid,hu,mid,-57182380,-57.18238,-57182380,0,0,0,0,0,0,0,0,0
calculator,Calculator,base,B,7,modeled,s006,mid,hu,mid,-57182380,-57.18238,-46115925.156689,11066454.843310997,5533227421.6554985,790461060.2364998,11.066454843311,5533.227421655498,790.4610602364997,3.0155595996093996,0.053746875000000006,0.1935291053522256
calculator,Calculator,corrupt,B,4,modeled,s006,mid,hu,mid,-57182380,-57.18238,14483520.531401,71665900.53140101,35832950265.7005,8958237566.425125,71.66590053140101,35832.9502657005,8958.237566425125,25.496019323671,0.378,1.2532864237445347
ring_binder,Ring Binder,base,B,7,not modeled,s006,mid,hu,mid,-57182380,-57.18238,-57182380,0,0,0,0,0,0,0,0,0
ring_binder,Ring Binder,corrupt,B,4,not modeled,s006,mid,hu,mid,-57182380,-57.18238,-57182380,0,0,0,0,0,0,0,0,0
space_heater,Space Heater,base,B,8,modeled,s006,mid,hu,mid,-57182380,-57.18238,-45165532,12016848,6008424000,751053000,12.016848000000003,6008.423999999999,751.0529999999999,0,0,0.21014949010516876
space_heater,Space Heater,corrupt,B,8,modeled,s006,mid,hu,mid,-57182380,-57.18238,-177350860,-120168480,-60084240000,-7510530000,-120.16848000000002,-60084.240000000005,-7510.530000000001,0,0,-2.1014949010516877
pencil_holder,Pencil Holder,base,B,8,not modeled,s006,mid,hu,mid,-57182380,-57.18238,-57182380,0,0,0,0,0,0,0,0,0
pencil_holder,Pencil Holder,corrupt,B,4,not modeled,s006,mid,hu,mid,-57182380,-57.18238,-57182380,0,0,0,0,0,0,0,0,0
bonsai,Bonsai,base,B,10,not modeled,s006,mid,hu,mid,-57182380,-57.18238,-57182380,0,0,0,0,0,0,0,0,0
bonsai,Bonsai,corrupt,B,5,not modeled,s006,mid,hu,mid,-57182380,-57.18238,-57182380,0,0,0,0,0,0,0,0,0
desk_plant,Desk Plant,base,B,8,modeled,s006,mid,hu,mid,-57182380,-57.18238,-57182380,0,0,0,0,0,0,0,0,0
desk_plant,Desk Plant,corrupt,B,5,modeled,s006,mid,hu,mid,-57182380,-57.18238,-57182380,0,0,0,0,0,0,0,0,0
desk,Desk,base,B,9,not modeled,s006,mid,hu,mid,-57182380,-57.18238,-57182380,0,0,0,0,0,0,0,0,0
desk,Desk,corrupt,B,5,not modeled,s006,mid,hu,mid,-57182380,-57.18238,-57182380,0,0,0,0,0,0,0,0,0
rebuy_sticky_note,Rebuy Sticky Note,base,B,10,not modeled,s006,mid,hu,mid,-57182380,-57.18238,-57182380,0,0,0,0,0,0,0,0,0
rebuy_sticky_note,Rebuy Sticky Note,corrupt,B,5,not modeled,s006,mid,hu,mid,-57182380,-57.18238,-57182380,0,0,0,0,0,0,0,0,0
gaming_chair,Gaming Chair,base,B,10,proc,s006,mid,hu,mid,-57182380,-57.18238,-57182380,0,0,0,0,0,0,0,0,0
gaming_chair,Gaming Chair,corrupt,B,5,partial,s006,mid,hu,mid,-57182380,-57.18238,-81216076,-24033696,-12016848000,-2403369600,-24.033696,-12016.848000000002,-2403.3696000000004,0,0,-0.4202989802103375
headset,Headset,base,B,6,modeled,s006,mid,hu,mid,-57182380,-57.18238,-57182380,0,0,0,0,0,0,0,0,0
headset,Headset,corrupt,B,5,modeled,s006,mid,hu,mid,-57182380,-57.18238,-57182380,0,0,0,0,0,0,0,0,0
prize_vase,Prize Vase,base,C,12,proc,s006,mid,hu,mid,-57182380,-57.18238,-57182380,0,0,0,0,0,0,0,0,0
prize_vase,Prize Vase,corrupt,C,6,proc,s006,mid,hu,mid,-57182380,-57.18238,-57182380,0,0,0,0,0,0,0,0,0
compact_fridge,Compact Fridge,base,B,12,not modeled,s006,mid,hu,mid,-57182380,-57.18238,-57182380,0,0,0,0,0,0,0,0,0
compact_fridge,Compact Fridge,corrupt,B,6,not modeled,s006,mid,hu,mid,-57182380,-57.18238,-57182380,0,0,0,0,0,0,0,0,0
wall_clock,Wall Clock,base,B,12,proc,s006,mid,hu,mid,-57182380,-57.18238,-57182380,0,0,0,0,0,0,0,0,0
wall_clock,Wall Clock,corrupt,B,7,partial,s006,mid,hu,mid,-57182380,-57.18238,-87224500,-30042120,-15021060000,-2145865714.2857144,-30.042120000000004,-15021.060000000001,-2145.8657142857146,0,0,-0.5253737252629219
house_cat,House Cat,base,B,8,proc,s006,mid,hu,mid,-57182380,-57.18238,-57182380,0,0,0,0,0,0,0,0,0
house_cat,House Cat,corrupt,B,4,proc,s006,mid,hu,mid,-57182380,-57.18238,-57182380,0,0,0,0,0,0,0,0,0
candle,Candle,base,B,7,proc,s006,mid,hu,mid,-57182380,-57.18238,-57182380,0,0,0,0,0,0,0,0,0
dusty_console,Dusty Console,base,B,5,modeled,s006,mid,hu,mid,-57182380,-57.18238,-53606830,3575550,1787775000,357555000,3.57555,1787.7749999999978,357.55499999999955,1.23,0.030000000000000006,0.06252887690229053
handheld,Handheld,base,B,5,modeled,s006,mid,hu,mid,-57182380,-57.18238,-57182380,0,0,0,0,0,0,0,0,0
red_rug,Red Rug,base,B,8,modeled,s006,mid,hu,mid,-57182380,-57.18238,-57182380,0,0,0,0,0,0,0,0,0
dish_soap,Dish Soap,base,B,12,proc,s006,mid,hu,mid,-57182380,-57.18238,-57182380,0,0,0,0,0,0,0,0,0
rolled_vouchers,Rolled Vouchers,base,C,9,proc,s006,mid,hu,mid,-57182380,-57.18238,-57182380,0,0,0,0,0,0,0,0,0
rolled_vouchers,Rolled Vouchers,corrupt,C,5,proc,s006,mid,hu,mid,-57182380,-57.18238,-57182380,0,0,0,0,0,0,0,0,0
second_monitor,Second Monitor,base,C,10,modeled,s006,mid,hu,mid,-57182380,-57.18238,-57182380,0,0,0,0,0,0,0,0,0
second_monitor,Second Monitor,corrupt,C,6,modeled,s006,mid,hu,mid,-57182380,-57.18238,-57182380,0,0,0,0,0,0,0,0,0
laptop_terminal,Laptop Terminal,base,D,12,not modeled,s006,mid,hu,mid,-57182380,-57.18238,-57182380,0,0,0,0,0,0,0,0,0
laptop_terminal,Laptop Terminal,corrupt,D,6,not modeled,s006,mid,hu,mid,-57182380,-57.18238,-57182380,0,0,0,0,0,0,0,0,0
gaming_keyboard,Gaming Keyboard,base,D,12,not modeled,s006,mid,hu,mid,-57182380,-57.18238,-57182380,0,0,0,0,0,0,0,0,0
gaming_keyboard,Gaming Keyboard,corrupt,D,6,not modeled,s006,mid,hu,mid,-57182380,-57.18238,-57182380,0,0,0,0,0,0,0,0,0
box_of_mice,Box of Mice,base,D,13,not modeled,s006,mid,hu,mid,-57182380,-57.18238,-57182380,0,0,0,0,0,0,0,0,0
box_of_mice,Box of Mice,corrupt,D,7,not modeled,s006,mid,hu,mid,-57182380,-57.18238,-57182380,0,0,0,0,0,0,0,0,0
wacom_tablet,Wacom Tablet,base,D,13,not modeled,s006,mid,hu,mid,-57182380,-57.18238,-57182380,0,0,0,0,0,0,0,0,0
wacom_tablet,Wacom Tablet,corrupt,D,7,not modeled,s006,mid,hu,mid,-57182380,-57.18238,-57182380,0,0,0,0,0,0,0,0,0
desk_lamp,Desk Lamp,base,D,10,not modeled,s006,mid,hu,mid,-57182380,-57.18238,-57182380,0,0,0,0,0,0,0,0,0
desk_lamp,Desk Lamp,corrupt,D,6,not modeled,s006,mid,hu,mid,-57182380,-57.18238,-57182380,0,0,0,0,0,0,0,0,0
telephone,Telephone,base,D,12,not modeled,s006,mid,hu,mid,-57182380,-57.18238,-57182380,0,0,0,0,0,0,0,0,0
glass_partition,Glass Partition,base,D,12,not modeled,s006,mid,hu,mid,-57182380,-57.18238,-57182380,0,0,0,0,0,0,0,0,0
electric_kettle,Electric Kettle,base,D,11,not modeled,s006,mid,hu,mid,-57182380,-57.18238,-57182380,0,0,0,0,0,0,0,0,0
electric_kettle,Electric Kettle,corrupt,D,8,not modeled,s006,mid,hu,mid,-57182380,-57.18238,-57182380,0,0,0,0,0,0,0,0,0
chrome_toaster,Chrome Toaster,base,D,14,not modeled,s006,mid,hu,mid,-57182380,-57.18238,-57116672.8,65707.20000000298,32853600,2346685.714285714,0.06570719999999852,32.85359999999491,2.3466857142853508,0.09152000000000005,0,0.0011490812379618158
chrome_toaster,Chrome Toaster,corrupt,D,8,not modeled,s006,mid,hu,mid,-57182380,-57.18238,-56894911,287469,143734500,17966812.5,0.28746900000000153,143.73449999999866,17.966812499999833,0.40039999999999987,0,0.005027230416082717
first_aid_kit,First Aid Kit,base,D,16,proc,s006,mid,hu,mid,-57182380,-57.18238,-57182380,0,0,0,0,0,0,0,0,0
first_aid_kit,First Aid Kit,corrupt,D,8,partial,s006,mid,hu,mid,-57182380,-57.18238,-58052938,-870558,-435279000,-54409875,-0.8705579999999955,-435.27899999999863,-54.40987499999983,0,0,-0.01522423515775314
nightstand,Nightstand,base,D,13,proc,s006,mid,hu,mid,-57182380,-57.18238,-57182380,0,0,0,0,0,0,0,0,0
nightstand,Nightstand,corrupt,D,8,proc,s006,mid,hu,mid,-57182380,-57.18238,-57182380,0,0,0,0,0,0,0,0,0
receipt_printer,Receipt Printer,base,C,19,proc,s006,mid,hu,mid,-57182380,-57.18238,-57182380,0,0,0,0,0,0,0,0,0
receipt_printer,Receipt Printer,corrupt,C,9,proc,s006,mid,hu,mid,-57182380,-57.18238,-57182380,0,0,0,0,0,0,0,0,0
microwave_oven,Microwave Oven,base,D,18,proc,s006,mid,hu,mid,-57182380,-57.18238,-57182380,0,0,0,0,0,0,0,0,0
microwave_oven,Microwave Oven,corrupt,D,10,partial,s006,mid,hu,mid,-57182380,-57.18238,-87224500,-30042120,-15021060000,-1502106000,-30.042120000000004,-15021.060000000001,-1502.1060000000002,0,0,-0.5253737252629219
framed_diploma,Framed Diploma,base,D,18,proc,s006,mid,hu,mid,-57182380,-57.18238,-57182380,0,0,0,0,0,0,0,0,0
framed_diploma,Framed Diploma,corrupt,D,9,partial,s006,mid,hu,mid,-57182380,-57.18238,-58052938,-870558,-435279000,-48364333.333333336,-0.8705579999999955,-435.27899999999863,-48.36433333333318,0,0,-0.01522423515775314
laminated_blueprint,Laminated Blueprint,base,D,19,not modeled,s006,mid,hu,mid,-57182380,-57.18238,-57182380,0,0,0,0,0,0,0,0,0
laminated_blueprint,Laminated Blueprint,corrupt,D,10,not modeled,s006,mid,hu,mid,-57182380,-57.18238,-57182380,0,0,0,0,0,0,0,0,0
console_television,Console Television,base,D,26,proc,s006,mid,hu,mid,-57182380,-57.18238,-57182380,0,0,0,0,0,0,0,0,0
console_television,Console Television,corrupt,D,13,partial,s006,mid,hu,mid,-57182380,-57.18238,-58633310,-1450930,-725465000,-55805000,-1.4509299999999996,-725.4650000000001,-55.805000000000014,0,0,-0.0253737252629219
desk_speakers,Desk Speakers,base,C,10,modeled,s006,mid,hu,mid,-57182380,-57.18238,-57182380,0,0,0,0,0,0,0,0,0
desk_speakers,Desk Speakers,corrupt,C,6,modeled,s006,mid,hu,mid,-57182380,-57.18238,-57182380,0,0,0,0,0,0,0,0,0
curved_monitor,Curved Monitor,base,C,13,proc,s006,mid,hu,mid,-57182380,-57.18238,-57182380,0,0,0,0,0,0,0,0,0
curved_monitor,Curved Monitor,corrupt,C,7,partial,s006,mid,hu,mid,-57182380,-57.18238,-87224500,-30042120,-15021060000,-2145865714.2857144,-30.042120000000004,-15021.060000000001,-2145.8657142857146,0,0,-0.5253737252629219
tower_upgrade,Tower Upgrade,base,C,14,proc,s006,mid,hu,mid,-57182380,-57.18238,-57182380,0,0,0,0,0,0,0,0,0
tower_upgrade,Tower Upgrade,corrupt,C,5,partial,s006,mid,hu,mid,-57182380,-57.18238,-58109761,-927381,-463690500,-92738100,-0.9273809999999969,-463.6905000000006,-92.73810000000012,0,0,-0.016217950354637214
copy_machine,Copy Machine,base,C,19,not modeled,s006,mid,hu,mid,-57182380,-57.18238,-57182380,0,0,0,0,0,0,0,0,0
whiteboard,Whiteboard,base,D,17,not modeled,s006,mid,hu,mid,-57182380,-57.18238,-57182380,0,0,0,0,0,0,0,0,0
high_roller_pass,High Roller Pass,base,D,19,not modeled,s006,mid,hu,mid,-57182380,-57.18238,-57182380,0,0,0,0,0,0,0,0,0
high_roller_pass,High Roller Pass,corrupt,D,9,partial,s006,mid,hu,mid,-57182380,-57.18238,-87224500,-30042120,-15021060000,-1669006666.6666667,-30.042120000000004,-15021.060000000001,-1669.006666666667,0,0,-0.5253737252629219
window,Window,base,D,20,proc,s006,mid,hu,mid,-57182380,-57.18238,-57182380,0,0,0,0,0,0,0,0,0
window,Window,corrupt,D,10,partial,s006,mid,hu,mid,-57182380,-57.18238,-87224500,-30042120,-15021060000,-1502106000,-30.042120000000004,-15021.060000000001,-1502.1060000000002,0,0,-0.5253737252629219
bookshelf,Bookshelf,base,D,22,modeled,s006,mid,hu,mid,-57182380,-57.18238,-57182380,0,0,0,0,0,0,0,0,0
bookshelf,Bookshelf,corrupt,D,11,modeled,s006,mid,hu,mid,-57182380,-57.18238,-57182380,0,0,0,0,0,0,0,0,0
cereal_shelf,Cereal Shelf,base,D,24,not modeled,s006,mid,hu,mid,-57182380,-57.18238,-57182380,0,0,0,0,0,0,0,0,0
cereal_shelf,Cereal Shelf,corrupt,D,12,not modeled,s006,mid,hu,mid,-57182380,-57.18238,-57182380,0,0,0,0,0,0,0,0,0
fire_extinguisher,Fire Extinguisher,base,D,24,proc,s006,mid,hu,mid,-57182380,-57.18238,-57182380,0,0,0,0,0,0,0,0,0
fire_extinguisher,Fire Extinguisher,corrupt,D,12,partial,s006,mid,hu,mid,-57182380,-57.18238,-57907845,-725465,-362732500,-30227708.333333332,-0.7254649999999998,-362.7325000000019,-30.227708333333492,0,0,-0.01268686263146095
blackout_curtains,Blackout Curtains,base,D,24,proc,s006,mid,hu,mid,-57182380,-57.18238,-57182380,0,0,0,0,0,0,0,0,0
blackout_curtains,Blackout Curtains,corrupt,D,12,partial,s006,mid,hu,mid,-57182380,-57.18238,-93232924,-36050544,-18025272000,-1502106000,-36.050543999999995,-18025.271999999994,-1502.1059999999995,0,0,-0.6304484703155063
tip_jar,Tip Jar,base,D,24,not modeled,s006,mid,hu,mid,-57182380,-57.18238,-57182380,0,0,0,0,0,0,0,0,0
tip_jar,Tip Jar,corrupt,D,12,not modeled,s006,mid,hu,mid,-57182380,-57.18238,-57182380,0,0,0,0,0,0,0,0,0
shredder,Shredder,base,D,18,proc,s006,mid,hu,mid,-57182380,-57.18238,-57182380,0,0,0,0,0,0,0,0,0
shredder,Shredder,corrupt,D,9,partial,s006,mid,hu,mid,-57182380,-57.18238,-58052938,-870558,-435279000,-48364333.333333336,-0.8705579999999955,-435.27899999999863,-48.36433333333318,0,0,-0.01522423515775314
cool_towel,Cool Towel,base,D,16,proc,s006,mid,hu,mid,-57182380,-57.18238,-57182380,0,0,0,0,0,0,0,0,0
waste_basket,Waste Basket,base,D,18,proc,s006,mid,hu,mid,-57182380,-57.18238,-57182380,0,0,0,0,0,0,0,0,0
waste_basket,Waste Basket,corrupt,D,9,proc,s006,mid,hu,mid,-57182380,-57.18238,-57182380,0,0,0,0,0,0,0,0,0
cleaning_robot,Cleaning Robot,base,D,24,proc,s006,mid,hu,mid,-57182380,-57.18238,-57182380,0,0,0,0,0,0,0,0,0
wall_hanger,Wall Hanger,base,A,2,modeled,s006,mid,hu,capped,-36703750,-36.70375,-35301250,1402500,701250000,350625000,1.4024999999999963,701.25,350.625,0,0,0.03821135442563771
wall_hanger,Wall Hanger,corrupt,A,2,modeled,s006,mid,hu,capped,-36703750,-36.70375,-8653750,28050000,14025000000,7012500000,28.049999999999997,14025,7012.5,0,0,0.7642270885127541
mirror,Mirror,base,A,3,modeled,s006,mid,hu,capped,-36703750,-36.70375,-24106250,12597500,6298750000,2099583333.3333333,12.5975,6298.75,2099.5833333333335,5.5,0.1,0.3432210605183394
mirror,Mirror,corrupt,A,2,modeled,s006,mid,hu,capped,-36703750,-36.70375,7387500,44091250,22045625000,11022812500,44.09125,22045.625,11022.8125,19.25,0.35,1.2012737118141879
fight_night_poster,Fight Night Poster,base,A,4,not modeled,s006,mid,hu,capped,-36703750,-36.70375,-36703750,0,0,0,0,0,0,0,0,0
fight_night_poster,Fight Night Poster,corrupt,A,3,not modeled,s006,mid,hu,capped,-36703750,-36.70375,-36703750,0,0,0,0,0,0,0,0,0
energy_drink,Energy Drink,base,A,3,proc,s006,mid,hu,capped,-36703750,-36.70375,-36703750,0,0,0,0,0,0,0,0,0
energy_drink,Energy Drink,corrupt,A,2,proc,s006,mid,hu,capped,-36703750,-36.70375,-36703750,0,0,0,0,0,0,0,0,0
corkboard,Corkboard,base,A,4,modeled,s006,mid,hu,capped,-36703750,-36.70375,-30405000,6298750,3149375000,787343750,6.298749999999998,3149.375,787.34375,2.75,0.05000000000000002,0.1716105302591697
corkboard,Corkboard,corrupt,A,2,modeled,s006,mid,hu,capped,-36703750,-36.70375,-11508750,25195000,12597500000,6298750000,25.195,12597.5,6298.75,11,0.19999999999999998,0.6864421210366788
stack_of_books,Stack of Books,base,A,4,modeled,s006,mid,hu,capped,-36703750,-36.70375,-36703750,0,0,0,0,0,0,0,0,0
stack_of_books,Stack of Books,corrupt,A,3,modeled,s006,mid,hu,capped,-36703750,-36.70375,-36703750,0,0,0,0,0,0,0,0,0
throw_pillow,Throw Pillow,base,A,4,modeled,s006,mid,hu,capped,-36703750,-36.70375,-35790000,913750,456875000,114218750,0.9137500000000003,456.875,114.21875,0,0,0.024895276368218505
throw_pillow,Throw Pillow,corrupt,A,2,modeled,s006,mid,hu,capped,-36703750,-36.70375,-41021750,-4318000,-2159000000,-1079500000,-4.317999999999998,-2158.9999999999964,-1079.4999999999982,0,0,-0.11764465483772094
starter_gift_box,Starter Gift Box,base,A,4,not modeled,s006,mid,hu,capped,-36703750,-36.70375,-36703750,0,0,0,0,0,0,0,0,0
starter_gift_box,Starter Gift Box,corrupt,A,3,not modeled,s006,mid,hu,capped,-36703750,-36.70375,-36703750,0,0,0,0,0,0,0,0,0
lava_lamp,Lava Lamp,base,A,5,modeled,s006,mid,hu,capped,-36703750,-36.70375,-36577187.5,126562.5,63281250,12656250,0.12656249999999858,63.28125,12.65625,0,0,0.003448217144024793
lava_lamp,Lava Lamp,corrupt,A,3,modeled,s006,mid,hu,capped,-36703750,-36.70375,-36324062.5,379687.5,189843750,63281250,0.37968750000000284,189.84375000000364,63.281250000001215,0,0,0.01034465143207438
comfort_bed,Comfort Bed,base,A,4,modeled,s006,mid,hu,capped,-36703750,-36.70375,-32655625,4048125,2024062500,506015625,4.048124999999999,2024.0625,506.015625,0,0,0.11029186391036339
comfort_bed,Comfort Bed,corrupt,A,2,not modeled,s006,mid,hu,capped,-36703750,-36.70375,-36703750,0,0,0,0,0,0,0,0,0
yellow_sticky_note,Yellow Sticky Note,base,A,5,modeled,s006,mid,hu,capped,-36703750,-36.70375,-34064687.5,2639062.5,1319531250,263906250,2.6390625000000014,1319.53125,263.90625,0,0,0.07190171304022068
yellow_sticky_note,Yellow Sticky Note,corrupt,A,4,modeled,s006,mid,hu,capped,-36703750,-36.70375,-5035000,31668750,15834375000,3958593750,31.66875,15834.375,3958.59375,0,0,0.8628205564826482
rubber_duck,Rubber Duck,base,A,5,not modeled,s006,mid,hu,capped,-36703750,-36.70375,-36703750,0,0,0,0,0,0,0,0,0
rubber_duck,Rubber Duck,corrupt,A,2,modeled,s006,mid,hu,capped,-36703750,-36.70375,-40853875,-4150125,-2075062500,-1037531250,-4.150125000000003,-2075.0625,-1037.53125,0,0,-0.11307087150495522
stash_box,Stash Box,base,B,6,not modeled,s006,mid,hu,capped,-36703750,-36.70375,-36703750,0,0,0,0,0,0,0,0,0
stash_box,Stash Box,corrupt,B,3,not modeled,s006,mid,hu,capped,-36703750,-36.70375,-36703750,0,0,0,0,0,0,0,0,0
dogs_playing_poker,Dogs Playing Poker,base,B,6,proc,s006,mid,hu,capped,-36703750,-36.70375,-36703750,0,0,0,0,0,0,0,0,0
dogs_playing_poker,Dogs Playing Poker,corrupt,B,3,proc,s006,mid,hu,capped,-36703750,-36.70375,-36703750,0,0,0,0,0,0,0,0,0
calculator,Calculator,base,B,7,modeled,s006,mid,hu,capped,-36703750,-36.70375,-29424690.235849,7279059.7641509995,3639529882.0755005,519932840.2965001,7.279059764151,3639.5298820755015,519.9328402965002,2.364799528301999,0.036750000000000005,0.19831923888297515
calculator,Calculator,corrupt,B,4,modeled,s006,mid,hu,capped,-36703750,-36.70375,27307366.858887,64011116.858887,32005558429.443497,8001389607.360874,64.011116858887,32005.5584294435,8001.389607360875,24.962686567164,0.36749999999999994,1.7439939204818855
ring_binder,Ring Binder,base,B,7,not modeled,s006,mid,hu,capped,-36703750,-36.70375,-36703750,0,0,0,0,0,0,0,0,0
ring_binder,Ring Binder,corrupt,B,4,not modeled,s006,mid,hu,capped,-36703750,-36.70375,-36703750,0,0,0,0,0,0,0,0,0
space_heater,Space Heater,base,B,8,modeled,s006,mid,hu,capped,-36703750,-36.70375,-27251750,9452000,4726000000,590750000,9.451999999999998,4726,590.75,0,0,0.25752137043217654
space_heater,Space Heater,corrupt,B,8,modeled,s006,mid,hu,capped,-36703750,-36.70375,-131223750,-94520000,-47260000000,-5907500000,-94.52,-47260,-5907.5,0,0,-2.5752137043217656
pencil_holder,Pencil Holder,base,B,8,not modeled,s006,mid,hu,capped,-36703750,-36.70375,-36703750,0,0,0,0,0,0,0,0,0
pencil_holder,Pencil Holder,corrupt,B,4,not modeled,s006,mid,hu,capped,-36703750,-36.70375,-36703750,0,0,0,0,0,0,0,0,0
bonsai,Bonsai,base,B,10,not modeled,s006,mid,hu,capped,-36703750,-36.70375,-36703750,0,0,0,0,0,0,0,0,0
bonsai,Bonsai,corrupt,B,5,not modeled,s006,mid,hu,capped,-36703750,-36.70375,-36703750,0,0,0,0,0,0,0,0,0
desk_plant,Desk Plant,base,B,8,modeled,s006,mid,hu,capped,-36703750,-36.70375,-36703750,0,0,0,0,0,0,0,0,0
desk_plant,Desk Plant,corrupt,B,5,modeled,s006,mid,hu,capped,-36703750,-36.70375,-36703750,0,0,0,0,0,0,0,0,0
desk,Desk,base,B,9,not modeled,s006,mid,hu,capped,-36703750,-36.70375,-36703750,0,0,0,0,0,0,0,0,0
desk,Desk,corrupt,B,5,not modeled,s006,mid,hu,capped,-36703750,-36.70375,-36703750,0,0,0,0,0,0,0,0,0
rebuy_sticky_note,Rebuy Sticky Note,base,B,10,not modeled,s006,mid,hu,capped,-36703750,-36.70375,-36703750,0,0,0,0,0,0,0,0,0
rebuy_sticky_note,Rebuy Sticky Note,corrupt,B,5,not modeled,s006,mid,hu,capped,-36703750,-36.70375,-36703750,0,0,0,0,0,0,0,0,0
gaming_chair,Gaming Chair,base,B,10,proc,s006,mid,hu,capped,-36703750,-36.70375,-36703750,0,0,0,0,0,0,0,0,0
gaming_chair,Gaming Chair,corrupt,B,5,partial,s006,mid,hu,capped,-36703750,-36.70375,-55607750,-18904000,-9452000000,-1890400000,-18.904000000000003,-9452.000000000004,-1890.4000000000008,0,0,-0.5150427408643531
headset,Headset,base,B,6,modeled,s006,mid,hu,capped,-36703750,-36.70375,-36703750,0,0,0,0,0,0,0,0,0
headset,Headset,corrupt,B,5,modeled,s006,mid,hu,capped,-36703750,-36.70375,-36703750,0,0,0,0,0,0,0,0,0
prize_vase,Prize Vase,base,C,12,proc,s006,mid,hu,capped,-36703750,-36.70375,-36703750,0,0,0,0,0,0,0,0,0
prize_vase,Prize Vase,corrupt,C,6,proc,s006,mid,hu,capped,-36703750,-36.70375,-36703750,0,0,0,0,0,0,0,0,0
compact_fridge,Compact Fridge,base,B,12,not modeled,s006,mid,hu,capped,-36703750,-36.70375,-36703750,0,0,0,0,0,0,0,0,0
compact_fridge,Compact Fridge,corrupt,B,6,not modeled,s006,mid,hu,capped,-36703750,-36.70375,-36703750,0,0,0,0,0,0,0,0,0
wall_clock,Wall Clock,base,B,12,proc,s006,mid,hu,capped,-36703750,-36.70375,-36703750,0,0,0,0,0,0,0,0,0
wall_clock,Wall Clock,corrupt,B,7,partial,s006,mid,hu,capped,-36703750,-36.70375,-60333750,-23630000,-11815000000,-1687857142.857143,-23.630000000000003,-11815,-1687.857142857143,0,0,-0.6438034260804414
house_cat,House Cat,base,B,8,proc,s006,mid,hu,capped,-36703750,-36.70375,-36703750,0,0,0,0,0,0,0,0,0
house_cat,House Cat,corrupt,B,4,proc,s006,mid,hu,capped,-36703750,-36.70375,-36703750,0,0,0,0,0,0,0,0,0
candle,Candle,base,B,7,proc,s006,mid,hu,capped,-36703750,-36.70375,-36703750,0,0,0,0,0,0,0,0,0
dusty_console,Dusty Console,base,B,5,modeled,s006,mid,hu,capped,-36703750,-36.70375,-32924500,3779250,1889625000,377925000,3.7792499999999976,1889.625,377.925,1.6500000000000004,0.03,0.10296631815550182
handheld,Handheld,base,B,5,modeled,s006,mid,hu,capped,-36703750,-36.70375,-36703750,0,0,0,0,0,0,0,0,0
red_rug,Red Rug,base,B,8,modeled,s006,mid,hu,capped,-36703750,-36.70375,-36703750,0,0,0,0,0,0,0,0,0
dish_soap,Dish Soap,base,B,12,proc,s006,mid,hu,capped,-36703750,-36.70375,-36703750,0,0,0,0,0,0,0,0,0
rolled_vouchers,Rolled Vouchers,base,C,9,proc,s006,mid,hu,capped,-36703750,-36.70375,-36703750,0,0,0,0,0,0,0,0,0
rolled_vouchers,Rolled Vouchers,corrupt,C,5,proc,s006,mid,hu,capped,-36703750,-36.70375,-36703750,0,0,0,0,0,0,0,0,0
second_monitor,Second Monitor,base,C,10,modeled,s006,mid,hu,capped,-36703750,-36.70375,-36703750,0,0,0,0,0,0,0,0,0
second_monitor,Second Monitor,corrupt,C,6,modeled,s006,mid,hu,capped,-36703750,-36.70375,-36703750,0,0,0,0,0,0,0,0,0
laptop_terminal,Laptop Terminal,base,D,12,not modeled,s006,mid,hu,capped,-36703750,-36.70375,-36703750,0,0,0,0,0,0,0,0,0
laptop_terminal,Laptop Terminal,corrupt,D,6,not modeled,s006,mid,hu,capped,-36703750,-36.70375,-36703750,0,0,0,0,0,0,0,0,0
gaming_keyboard,Gaming Keyboard,base,D,12,not modeled,s006,mid,hu,capped,-36703750,-36.70375,-36703750,0,0,0,0,0,0,0,0,0
gaming_keyboard,Gaming Keyboard,corrupt,D,6,not modeled,s006,mid,hu,capped,-36703750,-36.70375,-36703750,0,0,0,0,0,0,0,0,0
box_of_mice,Box of Mice,base,D,13,not modeled,s006,mid,hu,capped,-36703750,-36.70375,-36703750,0,0,0,0,0,0,0,0,0
box_of_mice,Box of Mice,corrupt,D,7,not modeled,s006,mid,hu,capped,-36703750,-36.70375,-36703750,0,0,0,0,0,0,0,0,0
wacom_tablet,Wacom Tablet,base,D,13,not modeled,s006,mid,hu,capped,-36703750,-36.70375,-36703750,0,0,0,0,0,0,0,0,0
wacom_tablet,Wacom Tablet,corrupt,D,7,not modeled,s006,mid,hu,capped,-36703750,-36.70375,-36703750,0,0,0,0,0,0,0,0,0
desk_lamp,Desk Lamp,base,D,10,not modeled,s006,mid,hu,capped,-36703750,-36.70375,-36703750,0,0,0,0,0,0,0,0,0
desk_lamp,Desk Lamp,corrupt,D,6,not modeled,s006,mid,hu,capped,-36703750,-36.70375,-36703750,0,0,0,0,0,0,0,0,0
telephone,Telephone,base,D,12,not modeled,s006,mid,hu,capped,-36703750,-36.70375,-36703750,0,0,0,0,0,0,0,0,0
glass_partition,Glass Partition,base,D,12,not modeled,s006,mid,hu,capped,-36703750,-36.70375,-36703750,0,0,0,0,0,0,0,0,0
electric_kettle,Electric Kettle,base,D,11,not modeled,s006,mid,hu,capped,-36703750,-36.70375,-36703750,0,0,0,0,0,0,0,0,0
electric_kettle,Electric Kettle,corrupt,D,8,not modeled,s006,mid,hu,capped,-36703750,-36.70375,-36703750,0,0,0,0,0,0,0,0,0
chrome_toaster,Chrome Toaster,base,D,14,not modeled,s006,mid,hu,capped,-36703750,-36.70375,-36564250,139500,69750000,4982142.857142857,0.13949999999999818,69.74999999999636,4.982142857142597,0.35999999999999943,0,0.003800701563191772
chrome_toaster,Chrome Toaster,corrupt,D,8,not modeled,s006,mid,hu,capped,-36703750,-36.70375,-36093437.5,610312.5,305156250,38144531.25,0.6103124999999991,305.15625,38.14453125,1.5749999999999993,0,0.016628069338964
first_aid_kit,First Aid Kit,base,D,16,proc,s006,mid,hu,capped,-36703750,-36.70375,-36703750,0,0,0,0,0,0,0,0,0
first_aid_kit,First Aid Kit,corrupt,D,8,partial,s006,mid,hu,capped,-36703750,-36.70375,-39870625,-3166875,-1583437500,-197929687.5,-3.1668749999999974,-1583.4375,-197.9296875,0,0,-0.08628205564826483
nightstand,Nightstand,base,D,13,proc,s006,mid,hu,capped,-36703750,-36.70375,-36703750,0,0,0,0,0,0,0,0,0
nightstand,Nightstand,corrupt,D,8,proc,s006,mid,hu,capped,-36703750,-36.70375,-36703750,0,0,0,0,0,0,0,0,0
receipt_printer,Receipt Printer,base,C,19,proc,s006,mid,hu,capped,-36703750,-36.70375,-36703750,0,0,0,0,0,0,0,0,0
receipt_printer,Receipt Printer,corrupt,C,9,proc,s006,mid,hu,capped,-36703750,-36.70375,-36703750,0,0,0,0,0,0,0,0,0
microwave_oven,Microwave Oven,base,D,18,proc,s006,mid,hu,capped,-36703750,-36.70375,-36703750,0,0,0,0,0,0,0,0,0
microwave_oven,Microwave Oven,corrupt,D,10,partial,s006,mid,hu,capped,-36703750,-36.70375,-60333750,-23630000,-11815000000,-1181500000,-23.630000000000003,-11815,-1181.5,0,0,-0.6438034260804414
framed_diploma,Framed Diploma,base,D,18,proc,s006,mid,hu,capped,-36703750,-36.70375,-36703750,0,0,0,0,0,0,0,0,0
framed_diploma,Framed Diploma,corrupt,D,9,partial,s006,mid,hu,capped,-36703750,-36.70375,-39870625,-3166875,-1583437500,-175937500,-3.1668749999999974,-1583.4375,-175.9375,0,0,-0.08628205564826483
laminated_blueprint,Laminated Blueprint,base,D,19,not modeled,s006,mid,hu,capped,-36703750,-36.70375,-36703750,0,0,0,0,0,0,0,0,0
laminated_blueprint,Laminated Blueprint,corrupt,D,10,not modeled,s006,mid,hu,capped,-36703750,-36.70375,-36703750,0,0,0,0,0,0,0,0,0
console_television,Console Television,base,D,26,proc,s006,mid,hu,capped,-36703750,-36.70375,-36703750,0,0,0,0,0,0,0,0,0
console_television,Console Television,corrupt,D,13,partial,s006,mid,hu,capped,-36703750,-36.70375,-41981875,-5278125,-2639062500,-203004807.69230768,-5.278125000000003,-2639.0625,-203.00480769230768,0,0,-0.14380342608044136
desk_speakers,Desk Speakers,base,C,10,modeled,s006,mid,hu,capped,-36703750,-36.70375,-36703750,0,0,0,0,0,0,0,0,0
desk_speakers,Desk Speakers,corrupt,C,6,modeled,s006,mid,hu,capped,-36703750,-36.70375,-36703750,0,0,0,0,0,0,0,0,0
curved_monitor,Curved Monitor,base,C,13,proc,s006,mid,hu,capped,-36703750,-36.70375,-36703750,0,0,0,0,0,0,0,0,0
curved_monitor,Curved Monitor,corrupt,C,7,partial,s006,mid,hu,capped,-36703750,-36.70375,-60333750,-23630000,-11815000000,-1687857142.857143,-23.630000000000003,-11815,-1687.857142857143,0,0,-0.6438034260804414
tower_upgrade,Tower Upgrade,base,C,14,proc,s006,mid,hu,capped,-36703750,-36.70375,-36703750,0,0,0,0,0,0,0,0,0
tower_upgrade,Tower Upgrade,corrupt,C,5,partial,s006,mid,hu,capped,-36703750,-36.70375,-37663187.5,-959437.5,-479718750,-95943750,-0.9594374999999999,-479.71875,-95.94375,0,0,-0.02614004018662943
copy_machine,Copy Machine,base,C,19,not modeled,s006,mid,hu,capped,-36703750,-36.70375,-36703750,0,0,0,0,0,0,0,0,0
whiteboard,Whiteboard,base,D,17,not modeled,s006,mid,hu,capped,-36703750,-36.70375,-36703750,0,0,0,0,0,0,0,0,0
high_roller_pass,High Roller Pass,base,D,19,not modeled,s006,mid,hu,capped,-36703750,-36.70375,-36703750,0,0,0,0,0,0,0,0,0
high_roller_pass,High Roller Pass,corrupt,D,9,partial,s006,mid,hu,capped,-36703750,-36.70375,-60333750,-23630000,-11815000000,-1312777777.7777777,-23.630000000000003,-11815,-1312.7777777777778,0,0,-0.6438034260804414
window,Window,base,D,20,proc,s006,mid,hu,capped,-36703750,-36.70375,-36703750,0,0,0,0,0,0,0,0,0
window,Window,corrupt,D,10,partial,s006,mid,hu,capped,-36703750,-36.70375,-60333750,-23630000,-11815000000,-1181500000,-23.630000000000003,-11815,-1181.5,0,0,-0.6438034260804414
bookshelf,Bookshelf,base,D,22,modeled,s006,mid,hu,capped,-36703750,-36.70375,-36703750,0,0,0,0,0,0,0,0,0
bookshelf,Bookshelf,corrupt,D,11,modeled,s006,mid,hu,capped,-36703750,-36.70375,-36703750,0,0,0,0,0,0,0,0,0
cereal_shelf,Cereal Shelf,base,D,24,not modeled,s006,mid,hu,capped,-36703750,-36.70375,-36703750,0,0,0,0,0,0,0,0,0
cereal_shelf,Cereal Shelf,corrupt,D,12,not modeled,s006,mid,hu,capped,-36703750,-36.70375,-36703750,0,0,0,0,0,0,0,0,0
fire_extinguisher,Fire Extinguisher,base,D,24,proc,s006,mid,hu,capped,-36703750,-36.70375,-36703750,0,0,0,0,0,0,0,0,0
fire_extinguisher,Fire Extinguisher,corrupt,D,12,partial,s006,mid,hu,capped,-36703750,-36.70375,-39342812.5,-2639062.5,-1319531250,-109960937.5,-2.6390625000000014,-1319.53125,-109.9609375,0,0,-0.07190171304022068
blackout_curtains,Blackout Curtains,base,D,24,proc,s006,mid,hu,capped,-36703750,-36.70375,-36703750,0,0,0,0,0,0,0,0,0
blackout_curtains,Blackout Curtains,corrupt,D,12,partial,s006,mid,hu,capped,-36703750,-36.70375,-65059750,-28356000,-14178000000,-1181500000,-28.355999999999995,-14177.999999999996,-1181.4999999999998,0,0,-0.7725641112965297
tip_jar,Tip Jar,base,D,24,not modeled,s006,mid,hu,capped,-36703750,-36.70375,-36703750,0,0,0,0,0,0,0,0,0
tip_jar,Tip Jar,corrupt,D,12,not modeled,s006,mid,hu,capped,-36703750,-36.70375,-36703750,0,0,0,0,0,0,0,0,0
shredder,Shredder,base,D,18,proc,s006,mid,hu,capped,-36703750,-36.70375,-36703750,0,0,0,0,0,0,0,0,0
shredder,Shredder,corrupt,D,9,partial,s006,mid,hu,capped,-36703750,-36.70375,-39870625,-3166875,-1583437500,-175937500,-3.1668749999999974,-1583.4375,-175.9375,0,0,-0.08628205564826483
cool_towel,Cool Towel,base,D,16,proc,s006,mid,hu,capped,-36703750,-36.70375,-36703750,0,0,0,0,0,0,0,0,0
waste_basket,Waste Basket,base,D,18,proc,s006,mid,hu,capped,-36703750,-36.70375,-36703750,0,0,0,0,0,0,0,0,0
waste_basket,Waste Basket,corrupt,D,9,proc,s006,mid,hu,capped,-36703750,-36.70375,-36703750,0,0,0,0,0,0,0,0,0
cleaning_robot,Cleaning Robot,base,D,24,proc,s006,mid,hu,capped,-36703750,-36.70375,-36703750,0,0,0,0,0,0,0,0,0
wall_hanger,Wall Hanger,base,A,2,modeled,s006,mid,zoom,naked,-49735561.206897,-49.735561206897,-49735561.206897,0,0,0,0,0,0,0,0,0
wall_hanger,Wall Hanger,corrupt,A,2,modeled,s006,mid,zoom,naked,-49735561.206897,-49.735561206897,-49735561.206897,0,0,0,0,0,0,0,0,0
mirror,Mirror,base,A,3,modeled,s006,mid,zoom,naked,-49735561.206897,-49.735561206897,-49735561.206897,0,0,0,0,0,0,0,0,0
mirror,Mirror,corrupt,A,2,modeled,s006,mid,zoom,naked,-49735561.206897,-49.735561206897,-49735561.206897,0,0,0,0,0,0,0,0,0
fight_night_poster,Fight Night Poster,base,A,4,not modeled,s006,mid,zoom,naked,-49735561.206897,-49.735561206897,-49735561.206897,0,0,0,0,0,0,0,0,0
fight_night_poster,Fight Night Poster,corrupt,A,3,not modeled,s006,mid,zoom,naked,-49735561.206897,-49.735561206897,-49735561.206897,0,0,0,0,0,0,0,0,0
energy_drink,Energy Drink,base,A,3,proc,s006,mid,zoom,naked,-49735561.206897,-49.735561206897,-49735561.206897,0,0,0,0,0,0,0,0,0
energy_drink,Energy Drink,corrupt,A,2,proc,s006,mid,zoom,naked,-49735561.206897,-49.735561206897,-49735561.206897,0,0,0,0,0,0,0,0,0
corkboard,Corkboard,base,A,4,modeled,s006,mid,zoom,naked,-49735561.206897,-49.735561206897,-46899707.758621,2835853.4482759982,3190335129.3104935,797583782.3276234,2.835853448276005,3190.335129310508,797.583782327627,0,0.049999999999999996,0.05701862770742679
corkboard,Corkboard,corrupt,A,2,modeled,s006,mid,zoom,naked,-49735561.206897,-49.735561206897,-38392147.413793,11343413.793104,12761340517.241997,6380670258.620998,11.343413793104006,12761.34051724201,6380.670258621005,0,0.2,0.2280745108297073
stack_of_books,Stack of Books,base,A,4,modeled,s006,mid,zoom,naked,-49735561.206897,-49.735561206897,-49678664.655172,56896.55172500014,64008620.69062042,16002155.172655106,0.05689655172500352,64.00862069062714,16.002155172656785,0,0,0.001143981295160496
stack_of_books,Stack of Books,corrupt,A,3,modeled,s006,mid,zoom,naked,-49735561.206897,-49.735561206897,-49633147.413793,102413.79310400039,115215517.24199677,38405172.413998924,0.10241379310400589,115.21551724200253,38.405172414000845,0,0,0.0020591663312687887
throw_pillow,Throw Pillow,base,A,4,modeled,s006,mid,zoom,naked,-49735561.206897,-49.735561206897,-48364129.956897,1371431.25,1542860156.25,385715039.0625,1.3714312500000005,1542.860156249997,385.7150390624993,0,0,0.027574460139193503
throw_pillow,Throw Pillow,corrupt,A,2,modeled,s006,mid,zoom,naked,-49735561.206897,-49.735561206897,-56216371.206897,-6480810,-7290911250,-3645455625,-6.480809999999998,-7290.911249999997,-3645.4556249999987,0,0,-0.13030535582056094
starter_gift_box,Starter Gift Box,base,A,4,not modeled,s006,mid,zoom,naked,-49735561.206897,-49.735561206897,-49735561.206897,0,0,0,0,0,0,0,0,0
starter_gift_box,Starter Gift Box,corrupt,A,3,not modeled,s006,mid,zoom,naked,-49735561.206897,-49.735561206897,-49735561.206897,0,0,0,0,0,0,0,0,0
lava_lamp,Lava Lamp,base,A,5,modeled,s006,mid,zoom,naked,-49735561.206897,-49.735561206897,-49647229.310345,88331.89655199647,99373383.62099457,19874676.724198915,0.08833189655200613,99.37338362100854,19.87467672420171,0,0,0.0017760309607152314
lava_lamp,Lava Lamp,corrupt,A,3,modeled,s006,mid,zoom,naked,-49735561.206897,-49.735561206897,-49470565.517241,264995.68965599686,298120150.86299896,99373383.62099965,0.2649956896560042,298.1201508630038,99.37338362100127,0,0,0.005328092882145844
comfort_bed,Comfort Bed,base,A,4,modeled,s006,mid,zoom,naked,-49735561.206897,-49.735561206897,-45685054.956897,4050506.25,4556819531.25,1139204882.8125,4.050506250000005,4556.819531250003,1139.2048828125007,0,0,0.08144084738785058
comfort_bed,Comfort Bed,corrupt,A,2,not modeled,s006,mid,zoom,naked,-49735561.206897,-49.735561206897,-49735561.206897,0,0,0,0,0,0,0,0,0
yellow_sticky_note,Yellow Sticky Note,base,A,5,modeled,s006,mid,zoom,naked,-49735561.206897,-49.735561206897,-49682457.758621,53103.448275998235,59741379.31049347,11948275.862098694,0.05310344827600488,59.74137931050791,11.948275862101582,0,0,0.001067715875469687
yellow_sticky_note,Yellow Sticky Note,corrupt,A,4,modeled,s006,mid,zoom,naked,-49735561.206897,-49.735561206897,-49098319.827586,637241.3793109953,716896551.7248688,179224137.9312172,0.6372413793109999,716.8965517248798,179.22413793121996,0,0,0.012812590505616471
rubber_duck,Rubber Duck,base,A,5,not modeled,s006,mid,zoom,naked,-49735561.206897,-49.735561206897,-49735561.206897,0,0,0,0,0,0,0,0,0
rubber_duck,Rubber Duck,corrupt,A,2,modeled,s006,mid,zoom,naked,-49735561.206897,-49.735561206897,-54349523.706897,-4613962.5,-5190707812.5,-2595353906.25,-4.6139624999999995,-5190.707812499997,-2595.3539062499985,0,0,-0.09276988915046497
stash_box,Stash Box,base,B,6,not modeled,s006,mid,zoom,naked,-49735561.206897,-49.735561206897,-49735561.206897,0,0,0,0,0,0,0,0,0
stash_box,Stash Box,corrupt,B,3,not modeled,s006,mid,zoom,naked,-49735561.206897,-49.735561206897,-49735561.206897,0,0,0,0,0,0,0,0,0
dogs_playing_poker,Dogs Playing Poker,base,B,6,proc,s006,mid,zoom,naked,-49735561.206897,-49.735561206897,-49735561.206897,0,0,0,0,0,0,0,0,0
dogs_playing_poker,Dogs Playing Poker,corrupt,B,3,proc,s006,mid,zoom,naked,-49735561.206897,-49.735561206897,-49735561.206897,0,0,0,0,0,0,0,0,0
calculator,Calculator,base,B,7,modeled,s006,mid,zoom,naked,-49735561.206897,-49.735561206897,-49735561.206897,0,0,0,0,0,0,0,0,0
calculator,Calculator,corrupt,B,4,modeled,s006,mid,zoom,naked,-49735561.206897,-49.735561206897,-49735561.206897,0,0,0,0,0,0,0,0,0
ring_binder,Ring Binder,base,B,7,not modeled,s006,mid,zoom,naked,-49735561.206897,-49.735561206897,-49735561.206897,0,0,0,0,0,0,0,0,0
ring_binder,Ring Binder,corrupt,B,4,not modeled,s006,mid,zoom,naked,-49735561.206897,-49.735561206897,-49735561.206897,0,0,0,0,0,0,0,0,0
space_heater,Space Heater,base,B,8,modeled,s006,mid,zoom,naked,-49735561.206897,-49.735561206897,-39745966.206897,9989595,11238294375,1404786796.875,9.989595000000001,11238.294375000005,1404.7867968750006,0,0,0.20085417270037176
space_heater,Space Heater,corrupt,B,8,modeled,s006,mid,zoom,naked,-49735561.206897,-49.735561206897,-149631511.2069,-99895950.00000301,-112382943750.00339,-14047867968.750423,-99.895950000003,-112382.94375000338,-14047.867968750423,0,0,-2.008541727003778
pencil_holder,Pencil Holder,base,B,8,not modeled,s006,mid,zoom,naked,-49735561.206897,-49.735561206897,-49735561.206897,0,0,0,0,0,0,0,0,0
pencil_holder,Pencil Holder,corrupt,B,4,not modeled,s006,mid,zoom,naked,-49735561.206897,-49.735561206897,-49735561.206897,0,0,0,0,0,0,0,0,0
bonsai,Bonsai,base,B,10,not modeled,s006,mid,zoom,naked,-49735561.206897,-49.735561206897,-49735561.206897,0,0,0,0,0,0,0,0,0
bonsai,Bonsai,corrupt,B,5,not modeled,s006,mid,zoom,naked,-49735561.206897,-49.735561206897,-49735561.206897,0,0,0,0,0,0,0,0,0
desk_plant,Desk Plant,base,B,8,modeled,s006,mid,zoom,naked,-49735561.206897,-49.735561206897,-49735561.206897,0,0,0,0,0,0,0,0,0
desk_plant,Desk Plant,corrupt,B,5,modeled,s006,mid,zoom,naked,-49735561.206897,-49.735561206897,-49735561.206897,0,0,0,0,0,0,0,0,0
desk,Desk,base,B,9,not modeled,s006,mid,zoom,naked,-49735561.206897,-49.735561206897,-49735561.206897,0,0,0,0,0,0,0,0,0
desk,Desk,corrupt,B,5,not modeled,s006,mid,zoom,naked,-49735561.206897,-49.735561206897,-49735561.206897,0,0,0,0,0,0,0,0,0
rebuy_sticky_note,Rebuy Sticky Note,base,B,10,not modeled,s006,mid,zoom,naked,-49735561.206897,-49.735561206897,-49735561.206897,0,0,0,0,0,0,0,0,0
rebuy_sticky_note,Rebuy Sticky Note,corrupt,B,5,not modeled,s006,mid,zoom,naked,-49735561.206897,-49.735561206897,-49735561.206897,0,0,0,0,0,0,0,0,0
gaming_chair,Gaming Chair,base,B,10,proc,s006,mid,zoom,naked,-49735561.206897,-49.735561206897,-49735561.206897,0,0,0,0,0,0,0,0,0
gaming_chair,Gaming Chair,corrupt,B,5,partial,s006,mid,zoom,naked,-49735561.206897,-49.735561206897,-69714751.206897,-19979190.000000007,-22476588750.000008,-4495317750.000002,-19.979190000000003,-22476.588750000003,-4495.31775,0,0,-0.4017083454007437
headset,Headset,base,B,6,modeled,s006,mid,zoom,naked,-49735561.206897,-49.735561206897,-46332537.068966,3403024.1379309967,3828402155.1723633,638067025.8620605,3.4030241379310056,3828.402155172378,638.067025862063,0,0.060000000000000005,0.06842235324890811
headset,Headset,corrupt,B,5,modeled,s006,mid,zoom,naked,-49735561.206897,-49.735561206897,-29884587.068966,19850974.137930997,22332345905.172367,4466469181.034473,19.850974137931004,22332.345905172384,4466.469181034477,0,0.35000000000000003,0.3991303939519676
prize_vase,Prize Vase,base,C,12,proc,s006,mid,zoom,naked,-49735561.206897,-49.735561206897,-49735561.206897,0,0,0,0,0,0,0,0,0
prize_vase,Prize Vase,corrupt,C,6,proc,s006,mid,zoom,naked,-49735561.206897,-49.735561206897,-49735561.206897,0,0,0,0,0,0,0,0,0
compact_fridge,Compact Fridge,base,B,12,not modeled,s006,mid,zoom,naked,-49735561.206897,-49.735561206897,-49735561.206897,0,0,0,0,0,0,0,0,0
compact_fridge,Compact Fridge,corrupt,B,6,not modeled,s006,mid,zoom,naked,-49735561.206897,-49.735561206897,-49735561.206897,0,0,0,0,0,0,0,0,0
wall_clock,Wall Clock,base,B,12,proc,s006,mid,zoom,naked,-49735561.206897,-49.735561206897,-49735561.206897,0,0,0,0,0,0,0,0,0
wall_clock,Wall Clock,corrupt,B,7,partial,s006,mid,zoom,naked,-49735561.206897,-49.735561206897,-74709548.706897,-24973987.500000007,-28095735937.500008,-4013676562.500001,-24.973987499999993,-28095.735937499987,-4013.676562499998,0,0,-0.5021354317509296
house_cat,House Cat,base,B,8,proc,s006,mid,zoom,naked,-49735561.206897,-49.735561206897,-49735561.206897,0,0,0,0,0,0,0,0,0
house_cat,House Cat,corrupt,B,4,proc,s006,mid,zoom,naked,-49735561.206897,-49.735561206897,-49735561.206897,0,0,0,0,0,0,0,0,0
candle,Candle,base,B,7,proc,s006,mid,zoom,naked,-49735561.206897,-49.735561206897,-49735561.206897,0,0,0,0,0,0,0,0,0
dusty_console,Dusty Console,base,B,5,modeled,s006,mid,zoom,naked,-49735561.206897,-49.735561206897,-49735561.206897,0,0,0,0,0,0,0,0,0
handheld,Handheld,base,B,5,modeled,s006,mid,zoom,naked,-49735561.206897,-49.735561206897,-48034049.137931,1701512.0689660013,1914201077.5867538,382840215.5173508,1.7015120689660037,1914.2010775867602,382.840215517352,0,0.030000000000000006,0.034211176624464164
red_rug,Red Rug,base,B,8,modeled,s006,mid,zoom,naked,-49735561.206897,-49.735561206897,-49735561.206897,0,0,0,0,0,0,0,0,0
dish_soap,Dish Soap,base,B,12,proc,s006,mid,zoom,naked,-49735561.206897,-49.735561206897,-49735561.206897,0,0,0,0,0,0,0,0,0
rolled_vouchers,Rolled Vouchers,base,C,9,proc,s006,mid,zoom,naked,-49735561.206897,-49.735561206897,-49735561.206897,0,0,0,0,0,0,0,0,0
rolled_vouchers,Rolled Vouchers,corrupt,C,5,proc,s006,mid,zoom,naked,-49735561.206897,-49.735561206897,-49735561.206897,0,0,0,0,0,0,0,0,0
second_monitor,Second Monitor,base,C,10,modeled,s006,mid,zoom,naked,-49735561.206897,-49.735561206897,-49735561.206897,0,0,0,0,0,0,0,0,0
second_monitor,Second Monitor,corrupt,C,6,modeled,s006,mid,zoom,naked,-49735561.206897,-49.735561206897,-49735561.206897,0,0,0,0,0,0,0,0,0
laptop_terminal,Laptop Terminal,base,D,12,not modeled,s006,mid,zoom,naked,-49735561.206897,-49.735561206897,-49735561.206897,0,0,0,0,0,0,0,0,0
laptop_terminal,Laptop Terminal,corrupt,D,6,not modeled,s006,mid,zoom,naked,-49735561.206897,-49.735561206897,-49735561.206897,0,0,0,0,0,0,0,0,0
gaming_keyboard,Gaming Keyboard,base,D,12,not modeled,s006,mid,zoom,naked,-49735561.206897,-49.735561206897,-49735561.206897,0,0,0,0,0,0,0,0,0
gaming_keyboard,Gaming Keyboard,corrupt,D,6,not modeled,s006,mid,zoom,naked,-49735561.206897,-49.735561206897,-49735561.206897,0,0,0,0,0,0,0,0,0
box_of_mice,Box of Mice,base,D,13,not modeled,s006,mid,zoom,naked,-49735561.206897,-49.735561206897,-49735561.206897,0,0,0,0,0,0,0,0,0
box_of_mice,Box of Mice,corrupt,D,7,not modeled,s006,mid,zoom,naked,-49735561.206897,-49.735561206897,-49735561.206897,0,0,0,0,0,0,0,0,0
wacom_tablet,Wacom Tablet,base,D,13,not modeled,s006,mid,zoom,naked,-49735561.206897,-49.735561206897,-49735561.206897,0,0,0,0,0,0,0,0,0
wacom_tablet,Wacom Tablet,corrupt,D,7,not modeled,s006,mid,zoom,naked,-49735561.206897,-49.735561206897,-49735561.206897,0,0,0,0,0,0,0,0,0
desk_lamp,Desk Lamp,base,D,10,not modeled,s006,mid,zoom,naked,-49735561.206897,-49.735561206897,-49735561.206897,0,0,0,0,0,0,0,0,0
desk_lamp,Desk Lamp,corrupt,D,6,not modeled,s006,mid,zoom,naked,-49735561.206897,-49.735561206897,-49735561.206897,0,0,0,0,0,0,0,0,0
telephone,Telephone,base,D,12,not modeled,s006,mid,zoom,naked,-49735561.206897,-49.735561206897,-49735561.206897,0,0,0,0,0,0,0,0,0
glass_partition,Glass Partition,base,D,12,not modeled,s006,mid,zoom,naked,-49735561.206897,-49.735561206897,-49735561.206897,0,0,0,0,0,0,0,0,0
electric_kettle,Electric Kettle,base,D,11,not modeled,s006,mid,zoom,naked,-49735561.206897,-49.735561206897,-49735561.206897,0,0,0,0,0,0,0,0,0
electric_kettle,Electric Kettle,corrupt,D,8,not modeled,s006,mid,zoom,naked,-49735561.206897,-49.735561206897,-49735561.206897,0,0,0,0,0,0,0,0,0
chrome_toaster,Chrome Toaster,base,D,14,not modeled,s006,mid,zoom,naked,-49735561.206897,-49.735561206897,-49670243.965517,65317.241379998624,73481896.55249023,5248706.896606445,0.06531724138000072,73.48189655250462,5.248706896607473,0,0,0.0013132905268381863
chrome_toaster,Chrome Toaster,corrupt,D,8,not modeled,s006,mid,zoom,naked,-49735561.206897,-49.735561206897,-49449798.275862,285762.9310349971,321483297.4143677,40185412.17679596,0.28576293103500205,321.4832974143792,40.1854121767974,0,0,0.005745646054866863
first_aid_kit,First Aid Kit,base,D,16,proc,s006,mid,zoom,naked,-49735561.206897,-49.735561206897,-49735561.206897,0,0,0,0,0,0,0,0,0
first_aid_kit,First Aid Kit,corrupt,D,8,partial,s006,mid,zoom,naked,-49735561.206897,-49.735561206897,-49799285.344828,-63724.13793100417,-71689655.17237854,-8961206.896547318,-0.06372413793099696,-71.68965517236938,-8.961206896546173,0,0,-0.0012812590505597297
nightstand,Nightstand,base,D,13,proc,s006,mid,zoom,naked,-49735561.206897,-49.735561206897,-49735561.206897,0,0,0,0,0,0,0,0,0
nightstand,Nightstand,corrupt,D,8,proc,s006,mid,zoom,naked,-49735561.206897,-49.735561206897,-49735561.206897,0,0,0,0,0,0,0,0,0
receipt_printer,Receipt Printer,base,C,19,proc,s006,mid,zoom,naked,-49735561.206897,-49.735561206897,-49735561.206897,0,0,0,0,0,0,0,0,0
receipt_printer,Receipt Printer,corrupt,C,9,proc,s006,mid,zoom,naked,-49735561.206897,-49.735561206897,-49735561.206897,0,0,0,0,0,0,0,0,0
microwave_oven,Microwave Oven,base,D,18,proc,s006,mid,zoom,naked,-49735561.206897,-49.735561206897,-49735561.206897,0,0,0,0,0,0,0,0,0
microwave_oven,Microwave Oven,corrupt,D,10,partial,s006,mid,zoom,naked,-49735561.206897,-49.735561206897,-74709548.706897,-24973987.500000007,-28095735937.500008,-2809573593.750001,-24.973987499999993,-28095.735937499987,-2809.5735937499985,0,0,-0.5021354317509296
framed_diploma,Framed Diploma,base,D,18,proc,s006,mid,zoom,naked,-49735561.206897,-49.735561206897,-49735561.206897,0,0,0,0,0,0,0,0,0
framed_diploma,Framed Diploma,corrupt,D,9,partial,s006,mid,zoom,naked,-49735561.206897,-49.735561206897,-49799285.344828,-63724.13793100417,-71689655.17237854,-7965517.241375393,-0.06372413793099696,-71.68965517236938,-7.965517241374376,0,0,-0.0012812590505597297
laminated_blueprint,Laminated Blueprint,base,D,19,not modeled,s006,mid,zoom,naked,-49735561.206897,-49.735561206897,-49735561.206897,0,0,0,0,0,0,0,0,0
laminated_blueprint,Laminated Blueprint,corrupt,D,10,not modeled,s006,mid,zoom,naked,-49735561.206897,-49.735561206897,-49735561.206897,0,0,0,0,0,0,0,0,0
console_television,Console Television,base,D,26,proc,s006,mid,zoom,naked,-49735561.206897,-49.735561206897,-49735561.206897,0,0,0,0,0,0,0,0,0
console_television,Console Television,corrupt,D,13,partial,s006,mid,zoom,naked,-49735561.206897,-49.735561206897,-49841768.103448,-106206.89655100554,-119482758.61988068,-9190981.432298513,-0.10620689655099369,-119.48275861986622,-9.190981432297402,0,0,-0.0021354317509194505
desk_speakers,Desk Speakers,base,C,10,modeled,s006,mid,zoom,naked,-49735561.206897,-49.735561206897,-49735561.206897,0,0,0,0,0,0,0,0,0
desk_speakers,Desk Speakers,corrupt,C,6,modeled,s006,mid,zoom,naked,-49735561.206897,-49.735561206897,-49735561.206897,0,0,0,0,0,0,0,0,0
curved_monitor,Curved Monitor,base,C,13,proc,s006,mid,zoom,naked,-49735561.206897,-49.735561206897,-49735561.206897,0,0,0,0,0,0,0,0,0
curved_monitor,Curved Monitor,corrupt,C,7,partial,s006,mid,zoom,naked,-49735561.206897,-49.735561206897,-74709548.706897,-24973987.500000007,-28095735937.500008,-4013676562.500001,-24.973987499999993,-28095.735937499987,-4013.676562499998,0,0,-0.5021354317509296
tower_upgrade,Tower Upgrade,base,C,14,proc,s006,mid,zoom,naked,-49735561.206897,-49.735561206897,-49735561.206897,0,0,0,0,0,0,0,0,0
tower_upgrade,Tower Upgrade,corrupt,C,5,partial,s006,mid,zoom,naked,-49735561.206897,-49.735561206897,-50660007.456897,-924446.25,-1040002031.25,-208000406.25,-0.9244462499999955,-1040.0020312499983,-208.00040624999966,0,0,-0.018587228686419325
copy_machine,Copy Machine,base,C,19,not modeled,s006,mid,zoom,naked,-49735561.206897,-49.735561206897,-49735561.206897,0,0,0,0,0,0,0,0,0
whiteboard,Whiteboard,base,D,17,not modeled,s006,mid,zoom,naked,-49735561.206897,-49.735561206897,-49735561.206897,0,0,0,0,0,0,0,0,0
high_roller_pass,High Roller Pass,base,D,19,not modeled,s006,mid,zoom,naked,-49735561.206897,-49.735561206897,-49735561.206897,0,0,0,0,0,0,0,0,0
high_roller_pass,High Roller Pass,corrupt,D,9,partial,s006,mid,zoom,naked,-49735561.206897,-49.735561206897,-74709548.706897,-24973987.500000007,-28095735937.500008,-3121748437.500001,-24.973987499999993,-28095.735937499987,-3121.7484374999985,0,0,-0.5021354317509296
window,Window,base,D,20,proc,s006,mid,zoom,naked,-49735561.206897,-49.735561206897,-49735561.206897,0,0,0,0,0,0,0,0,0
window,Window,corrupt,D,10,partial,s006,mid,zoom,naked,-49735561.206897,-49.735561206897,-74709548.706897,-24973987.500000007,-28095735937.500008,-2809573593.750001,-24.973987499999993,-28095.735937499987,-2809.5735937499985,0,0,-0.5021354317509296
bookshelf,Bookshelf,base,D,22,modeled,s006,mid,zoom,naked,-49735561.206897,-49.735561206897,-49735561.206897,0,0,0,0,0,0,0,0,0
bookshelf,Bookshelf,corrupt,D,11,modeled,s006,mid,zoom,naked,-49735561.206897,-49.735561206897,-49735561.206897,0,0,0,0,0,0,0,0,0
cereal_shelf,Cereal Shelf,base,D,24,not modeled,s006,mid,zoom,naked,-49735561.206897,-49.735561206897,-49735561.206897,0,0,0,0,0,0,0,0,0
cereal_shelf,Cereal Shelf,corrupt,D,12,not modeled,s006,mid,zoom,naked,-49735561.206897,-49.735561206897,-49735561.206897,0,0,0,0,0,0,0,0,0
fire_extinguisher,Fire Extinguisher,base,D,24,proc,s006,mid,zoom,naked,-49735561.206897,-49.735561206897,-49735561.206897,0,0,0,0,0,0,0,0,0
fire_extinguisher,Fire Extinguisher,corrupt,D,12,partial,s006,mid,zoom,naked,-49735561.206897,-49.735561206897,-49788664.655172,-53103.44827499986,-59741379.30937958,-4978448.2757816315,-0.05310344827499591,-59.74137930937286,-4.978448275781072,0,0,-0.0010677158754496133
blackout_curtains,Blackout Curtains,base,D,24,proc,s006,mid,zoom,naked,-49735561.206897,-49.735561206897,-49735561.206897,0,0,0,0,0,0,0,0,0
blackout_curtains,Blackout Curtains,corrupt,D,12,partial,s006,mid,zoom,naked,-49735561.206897,-49.735561206897,-79704346.206897,-29968785.000000007,-33714883125.000008,-2809573593.7500005,-29.968784999999997,-33714.883124999986,-2809.573593749999,0,0,-0.6025625181011155
tip_jar,Tip Jar,base,D,24,not modeled,s006,mid,zoom,naked,-49735561.206897,-49.735561206897,-49735561.206897,0,0,0,0,0,0,0,0,0
tip_jar,Tip Jar,corrupt,D,12,not modeled,s006,mid,zoom,naked,-49735561.206897,-49.735561206897,-49735561.206897,0,0,0,0,0,0,0,0,0
shredder,Shredder,base,D,18,proc,s006,mid,zoom,naked,-49735561.206897,-49.735561206897,-49735561.206897,0,0,0,0,0,0,0,0,0
shredder,Shredder,corrupt,D,9,partial,s006,mid,zoom,naked,-49735561.206897,-49.735561206897,-49799285.344828,-63724.13793100417,-71689655.17237854,-7965517.241375393,-0.06372413793099696,-71.68965517236938,-7.965517241374376,0,0,-0.0012812590505597297
cool_towel,Cool Towel,base,D,16,proc,s006,mid,zoom,naked,-49735561.206897,-49.735561206897,-49735561.206897,0,0,0,0,0,0,0,0,0
waste_basket,Waste Basket,base,D,18,proc,s006,mid,zoom,naked,-49735561.206897,-49.735561206897,-49735561.206897,0,0,0,0,0,0,0,0,0
waste_basket,Waste Basket,corrupt,D,9,proc,s006,mid,zoom,naked,-49735561.206897,-49.735561206897,-49735561.206897,0,0,0,0,0,0,0,0,0
cleaning_robot,Cleaning Robot,base,D,24,proc,s006,mid,zoom,naked,-49735561.206897,-49.735561206897,-49735561.206897,0,0,0,0,0,0,0,0,0
wall_hanger,Wall Hanger,base,A,2,modeled,s006,mid,zoom,mid,-31241148.568083,-31.241148568083,-31165457.701572,75690.86651099846,85152224.82487488,42576112.41243744,0.07569086651099965,85.15222482487297,42.57611241243649,0,0,0.0024227939746212395
wall_hanger,Wall Hanger,corrupt,A,2,modeled,s006,mid,zoom,mid,-31241148.568083,-31.241148568083,-29727331.237872,1513817.3302109987,1703044496.4873772,851522248.2436886,1.5138173302109976,1703.0444964873677,851.5222482436839,0,0,0.04845587949213766
mirror,Mirror,base,A,3,modeled,s006,mid,zoom,mid,-31241148.568083,-31.241148568083,-31241148.568083,0,0,0,0,0,0,0,0,0
mirror,Mirror,corrupt,A,2,modeled,s006,mid,zoom,mid,-31241148.568083,-31.241148568083,-31241148.568083,0,0,0,0,0,0,0,0,0
fight_night_poster,Fight Night Poster,base,A,4,not modeled,s006,mid,zoom,mid,-31241148.568083,-31.241148568083,-31241148.568083,0,0,0,0,0,0,0,0,0
fight_night_poster,Fight Night Poster,corrupt,A,3,not modeled,s006,mid,zoom,mid,-31241148.568083,-31.241148568083,-31241148.568083,0,0,0,0,0,0,0,0,0
energy_drink,Energy Drink,base,A,3,proc,s006,mid,zoom,mid,-31241148.568083,-31.241148568083,-31241148.568083,0,0,0,0,0,0,0,0,0
energy_drink,Energy Drink,corrupt,A,2,proc,s006,mid,zoom,mid,-31241148.568083,-31.241148568083,-31241148.568083,0,0,0,0,0,0,0,0,0
corkboard,Corkboard,base,A,4,modeled,s006,mid,zoom,mid,-31241148.568083,-31.241148568083,-28779799.203747,2461349.364335999,2769018034.878002,692254508.7195005,2.461349364335998,2769.018034877994,692.2545087194985,0.023419203747076997,0.04999999999999999,0.07878549532108418
corkboard,Corkboard,corrupt,A,2,modeled,s006,mid,zoom,mid,-31241148.568083,-31.241148568083,-21395751.110739,9845397.457344,11076072139.512001,5538036069.7560005,9.845397457344,11076.072139511998,5538.036069755999,0.093676814988287,0.2,0.31514198128433685
stack_of_books,Stack of Books,base,A,4,modeled,s006,mid,zoom,mid,-31241148.568083,-31.241148568083,-31048542.345266,192606.222817,216682000.66912842,54170500.167282104,0.19260622281699824,216.6820006691196,54.1705001672799,0,0,0.006165145381811376
stack_of_books,Stack of Books,corrupt,A,3,modeled,s006,mid,zoom,mid,-31241148.568083,-31.241148568083,-30894457.367012,346691.20107099786,390027601.20487213,130009200.40162404,0.3466912010709997,390.027601204878,130.009200401626,0,0,0.011097261687273213
throw_pillow,Throw Pillow,base,A,4,modeled,s006,mid,zoom,mid,-31241148.568083,-31.241148568083,-30597761.068083,643387.5,723810937.5,180952734.375,0.6433874999999993,723.8109374999985,180.95273437499964,0,0,0.020594233230506326
throw_pillow,Throw Pillow,corrupt,A,2,modeled,s006,mid,zoom,mid,-31241148.568083,-31.241148568083,-34281528.568083,-3040380.0000000037,-3420427500,-1710213750,-3.040379999999999,-3420.427499999998,-1710.213749999999,0,0,-0.09731972540555558
starter_gift_box,Starter Gift Box,base,A,4,not modeled,s006,mid,zoom,mid,-31241148.568083,-31.241148568083,-31241148.568083,0,0,0,0,0,0,0,0,0
starter_gift_box,Starter Gift Box,corrupt,A,3,not modeled,s006,mid,zoom,mid,-31241148.568083,-31.241148568083,-31241148.568083,0,0,0,0,0,0,0,0,0
lava_lamp,Lava Lamp,base,A,5,modeled,s006,mid,zoom,mid,-31241148.568083,-31.241148568083,-30926389.451322,314759.11676099896,354104006.3561249,70820801.27122498,0.31475911676099955,354.10400635612314,70.82080127122462,0,0,0.010075145479208385
lava_lamp,Lava Lamp,corrupt,A,3,modeled,s006,mid,zoom,mid,-31241148.568083,-31.241148568083,-30296871.217799,944277.350283999,1062312019.0695038,354104006.3565013,0.944277350283997,1062.3120190694972,354.10400635649904,0,0,0.030225436437657235
comfort_bed,Comfort Bed,base,A,4,modeled,s006,mid,zoom,mid,-31241148.568083,-31.241148568083,-28504806.568083,2736342,3078384750.000004,769596187.500001,2.736341999999997,3078.3847499999974,769.5961874999994,0,0,0.08758775286499992
comfort_bed,Comfort Bed,corrupt,A,2,not modeled,s006,mid,zoom,mid,-31241148.568083,-31.241148568083,-31241148.568083,0,0,0,0,0,0,0,0,0
yellow_sticky_note,Yellow Sticky Note,base,A,5,modeled,s006,mid,zoom,mid,-31241148.568083,-31.241148568083,-30835028.210104,406120.3579789996,456885402.7263794,91377080.54527588,0.4061203579789989,456.8854027263733,91.37708054527465,0,0,0.012999533518876632
yellow_sticky_note,Yellow Sticky Note,corrupt,A,4,modeled,s006,mid,zoom,mid,-31241148.568083,-31.241148568083,-26367704.272332,4873444.295750998,5482624832.719875,1370656208.1799688,4.873444295751,5482.62483271987,1370.6562081799675,0,0,0.15599440222661567
rubber_duck,Rubber Duck,base,A,5,not modeled,s006,mid,zoom,mid,-31241148.568083,-31.241148568083,-31241148.568083,0,0,0,0,0,0,0,0,0
rubber_duck,Rubber Duck,corrupt,A,2,modeled,s006,mid,zoom,mid,-31241148.568083,-31.241148568083,-39812865.568083,-8571717.000000004,-9643181625,-4821590812.5,-8.571717,-9643.181624999997,-4821.590812499999,0,0,-0.27437265890912715
stash_box,Stash Box,base,B,6,not modeled,s006,mid,zoom,mid,-31241148.568083,-31.241148568083,-31241148.568083,0,0,0,0,0,0,0,0,0
stash_box,Stash Box,corrupt,B,3,not modeled,s006,mid,zoom,mid,-31241148.568083,-31.241148568083,-31241148.568083,0,0,0,0,0,0,0,0,0
dogs_playing_poker,Dogs Playing Poker,base,B,6,proc,s006,mid,zoom,mid,-31241148.568083,-31.241148568083,-31241148.568083,0,0,0,0,0,0,0,0,0
dogs_playing_poker,Dogs Playing Poker,corrupt,B,3,proc,s006,mid,zoom,mid,-31241148.568083,-31.241148568083,-31241148.568083,0,0,0,0,0,0,0,0,0
calculator,Calculator,base,B,7,modeled,s006,mid,zoom,mid,-31241148.568083,-31.241148568083,-24236805.889006,7004342.679076999,7879885513.961628,1125697930.5659468,7.0043426790769985,7879.885513961621,1125.6979305659459,0.215962718021087,0.05374687499999997,0.22420247014326708
calculator,Calculator,corrupt,B,4,modeled,s006,mid,zoom,mid,-31241148.568083,-31.241148568083,25129138.503737,56370287.07182,63416572955.7975,15854143238.949375,56.37028707182,63416.5729557975,15854.143238949375,4.048243559718927,0.37799999999999995,1.8043602638031613
ring_binder,Ring Binder,base,B,7,not modeled,s006,mid,zoom,mid,-31241148.568083,-31.241148568083,-31241148.568083,0,0,0,0,0,0,0,0,0
ring_binder,Ring Binder,corrupt,B,4,not modeled,s006,mid,zoom,mid,-31241148.568083,-31.241148568083,-31241148.568083,0,0,0,0,0,0,0,0,0
space_heater,Space Heater,base,B,8,modeled,s006,mid,zoom,mid,-31241148.568083,-31.241148568083,-24668022.568083,6573126,7394766750.000004,924345843.7500005,6.5731259999999985,7394.766749999995,924.3458437499994,0,0,0.2103996268151077
space_heater,Space Heater,corrupt,B,8,modeled,s006,mid,zoom,mid,-31241148.568083,-31.241148568083,-96972408.568083,-65731260,-73947667500,-9243458437.5,-65.73125999999999,-73947.66750000001,-9243.458437500001,0,0,-2.1039962681510773
pencil_holder,Pencil Holder,base,B,8,not modeled,s006,mid,zoom,mid,-31241148.568083,-31.241148568083,-31241148.568083,0,0,0,0,0,0,0,0,0
pencil_holder,Pencil Holder,corrupt,B,4,not modeled,s006,mid,zoom,mid,-31241148.568083,-31.241148568083,-31241148.568083,0,0,0,0,0,0,0,0,0
bonsai,Bonsai,base,B,10,not modeled,s006,mid,zoom,mid,-31241148.568083,-31.241148568083,-31241148.568083,0,0,0,0,0,0,0,0,0
bonsai,Bonsai,corrupt,B,5,not modeled,s006,mid,zoom,mid,-31241148.568083,-31.241148568083,-31241148.568083,0,0,0,0,0,0,0,0,0
desk_plant,Desk Plant,base,B,8,modeled,s006,mid,zoom,mid,-31241148.568083,-31.241148568083,-31241148.568083,0,0,0,0,0,0,0,0,0
desk_plant,Desk Plant,corrupt,B,5,modeled,s006,mid,zoom,mid,-31241148.568083,-31.241148568083,-31241148.568083,0,0,0,0,0,0,0,0,0
desk,Desk,base,B,9,not modeled,s006,mid,zoom,mid,-31241148.568083,-31.241148568083,-31241148.568083,0,0,0,0,0,0,0,0,0
desk,Desk,corrupt,B,5,not modeled,s006,mid,zoom,mid,-31241148.568083,-31.241148568083,-31241148.568083,0,0,0,0,0,0,0,0,0
rebuy_sticky_note,Rebuy Sticky Note,base,B,10,not modeled,s006,mid,zoom,mid,-31241148.568083,-31.241148568083,-31241148.568083,0,0,0,0,0,0,0,0,0
rebuy_sticky_note,Rebuy Sticky Note,corrupt,B,5,not modeled,s006,mid,zoom,mid,-31241148.568083,-31.241148568083,-31241148.568083,0,0,0,0,0,0,0,0,0
gaming_chair,Gaming Chair,base,B,10,proc,s006,mid,zoom,mid,-31241148.568083,-31.241148568083,-31241148.568083,0,0,0,0,0,0,0,0,0
gaming_chair,Gaming Chair,corrupt,B,5,partial,s006,mid,zoom,mid,-31241148.568083,-31.241148568083,-44387400.568083,-13146252.000000004,-14789533500,-2957906700,-13.146252000000004,-14789.533500000012,-2957.9067000000023,0,0,-0.4207992536302156
headset,Headset,base,B,6,modeled,s006,mid,zoom,mid,-31241148.568083,-31.241148568083,-28287529.33088,2953619.2372029983,3322821641.8533783,553803606.975563,2.9536192372029966,3322.8216418533702,553.8036069755617,0.028103044496486998,0.06,0.0945425943852946
headset,Headset,corrupt,B,5,modeled,s006,mid,zoom,mid,-31241148.568083,-31.241148568083,-14011703.017732,17229445.550351,19383126244.14488,3876625248.8289757,17.229445550351,19383.12624414487,3876.6252488289742,0.16393442622950702,0.35000000000000003,0.5514984672475576
prize_vase,Prize Vase,base,C,12,proc,s006,mid,zoom,mid,-31241148.568083,-31.241148568083,-31241148.568083,0,0,0,0,0,0,0,0,0
prize_vase,Prize Vase,corrupt,C,6,proc,s006,mid,zoom,mid,-31241148.568083,-31.241148568083,-31241148.568083,0,0,0,0,0,0,0,0,0
compact_fridge,Compact Fridge,base,B,12,not modeled,s006,mid,zoom,mid,-31241148.568083,-31.241148568083,-31241148.568083,0,0,0,0,0,0,0,0,0
compact_fridge,Compact Fridge,corrupt,B,6,not modeled,s006,mid,zoom,mid,-31241148.568083,-31.241148568083,-31241148.568083,0,0,0,0,0,0,0,0,0
wall_clock,Wall Clock,base,B,12,proc,s006,mid,zoom,mid,-31241148.568083,-31.241148568083,-31241148.568083,0,0,0,0,0,0,0,0,0
wall_clock,Wall Clock,corrupt,B,7,partial,s006,mid,zoom,mid,-31241148.568083,-31.241148568083,-47673963.568083,-16432815.000000004,-18486916875,-2640988125,-16.432815000000005,-18486.91687500001,-2640.988125000001,0,0,-0.5259990670377694
house_cat,House Cat,base,B,8,proc,s006,mid,zoom,mid,-31241148.568083,-31.241148568083,-31241148.568083,0,0,0,0,0,0,0,0,0
house_cat,House Cat,corrupt,B,4,proc,s006,mid,zoom,mid,-31241148.568083,-31.241148568083,-31241148.568083,0,0,0,0,0,0,0,0,0
candle,Candle,base,B,7,proc,s006,mid,zoom,mid,-31241148.568083,-31.241148568083,-31241148.568083,0,0,0,0,0,0,0,0,0
dusty_console,Dusty Console,base,B,5,modeled,s006,mid,zoom,mid,-31241148.568083,-31.241148568083,-31241148.568083,0,0,0,0,0,0,0,0,0
handheld,Handheld,base,B,5,modeled,s006,mid,zoom,mid,-31241148.568083,-31.241148568083,-29764338.949481,1476809.6186020002,1661410820.9272537,332282164.18545073,1.4768096186019974,1661.4108209272454,332.28216418544906,0.014051522248247003,0.03,0.04727129719266334
red_rug,Red Rug,base,B,8,modeled,s006,mid,zoom,mid,-31241148.568083,-31.241148568083,-31241148.568083,0,0,0,0,0,0,0,0,0
dish_soap,Dish Soap,base,B,12,proc,s006,mid,zoom,mid,-31241148.568083,-31.241148568083,-31241148.568083,0,0,0,0,0,0,0,0,0
rolled_vouchers,Rolled Vouchers,base,C,9,proc,s006,mid,zoom,mid,-31241148.568083,-31.241148568083,-31241148.568083,0,0,0,0,0,0,0,0,0
rolled_vouchers,Rolled Vouchers,corrupt,C,5,proc,s006,mid,zoom,mid,-31241148.568083,-31.241148568083,-31241148.568083,0,0,0,0,0,0,0,0,0
second_monitor,Second Monitor,base,C,10,modeled,s006,mid,zoom,mid,-31241148.568083,-31.241148568083,-31241148.568083,0,0,0,0,0,0,0,0,0
second_monitor,Second Monitor,corrupt,C,6,modeled,s006,mid,zoom,mid,-31241148.568083,-31.241148568083,-31241148.568083,0,0,0,0,0,0,0,0,0
laptop_terminal,Laptop Terminal,base,D,12,not modeled,s006,mid,zoom,mid,-31241148.568083,-31.241148568083,-31241148.568083,0,0,0,0,0,0,0,0,0
laptop_terminal,Laptop Terminal,corrupt,D,6,not modeled,s006,mid,zoom,mid,-31241148.568083,-31.241148568083,-31241148.568083,0,0,0,0,0,0,0,0,0
gaming_keyboard,Gaming Keyboard,base,D,12,not modeled,s006,mid,zoom,mid,-31241148.568083,-31.241148568083,-31241148.568083,0,0,0,0,0,0,0,0,0
gaming_keyboard,Gaming Keyboard,corrupt,D,6,not modeled,s006,mid,zoom,mid,-31241148.568083,-31.241148568083,-31241148.568083,0,0,0,0,0,0,0,0,0
box_of_mice,Box of Mice,base,D,13,not modeled,s006,mid,zoom,mid,-31241148.568083,-31.241148568083,-31241148.568083,0,0,0,0,0,0,0,0,0
box_of_mice,Box of Mice,corrupt,D,7,not modeled,s006,mid,zoom,mid,-31241148.568083,-31.241148568083,-31241148.568083,0,0,0,0,0,0,0,0,0
wacom_tablet,Wacom Tablet,base,D,13,not modeled,s006,mid,zoom,mid,-31241148.568083,-31.241148568083,-31241148.568083,0,0,0,0,0,0,0,0,0
wacom_tablet,Wacom Tablet,corrupt,D,7,not modeled,s006,mid,zoom,mid,-31241148.568083,-31.241148568083,-31241148.568083,0,0,0,0,0,0,0,0,0
desk_lamp,Desk Lamp,base,D,10,not modeled,s006,mid,zoom,mid,-31241148.568083,-31.241148568083,-31241148.568083,0,0,0,0,0,0,0,0,0
desk_lamp,Desk Lamp,corrupt,D,6,not modeled,s006,mid,zoom,mid,-31241148.568083,-31.241148568083,-31241148.568083,0,0,0,0,0,0,0,0,0
telephone,Telephone,base,D,12,not modeled,s006,mid,zoom,mid,-31241148.568083,-31.241148568083,-31241148.568083,0,0,0,0,0,0,0,0,0
glass_partition,Glass Partition,base,D,12,not modeled,s006,mid,zoom,mid,-31241148.568083,-31.241148568083,-31241148.568083,0,0,0,0,0,0,0,0,0
electric_kettle,Electric Kettle,base,D,11,not modeled,s006,mid,zoom,mid,-31241148.568083,-31.241148568083,-31241148.568083,0,0,0,0,0,0,0,0,0
electric_kettle,Electric Kettle,corrupt,D,8,not modeled,s006,mid,zoom,mid,-31241148.568083,-31.241148568083,-31241148.568083,0,0,0,0,0,0,0,0,0
chrome_toaster,Chrome Toaster,base,D,14,not modeled,s006,mid,zoom,mid,-31241148.568083,-31.241148568083,-30673399.488123,567749.0799599998,638717714.9550018,45622693.925357275,0.5677490799599987,638.7177149549971,45.622693925356934,0.094613583138177,0,0.018173118018459514
chrome_toaster,Chrome Toaster,corrupt,D,8,not modeled,s006,mid,zoom,mid,-31241148.568083,-31.241148568083,-28757246.343259,2483902.224824,2794390002.927006,349298750.3658757,2.483902224824,2794.390002926997,349.29875036587464,0.41393442622950694,0,0.0795073913307284
first_aid_kit,First Aid Kit,base,D,16,proc,s006,mid,zoom,mid,-31241148.568083,-31.241148568083,-31241148.568083,0,0,0,0,0,0,0,0,0
first_aid_kit,First Aid Kit,corrupt,D,8,partial,s006,mid,zoom,mid,-31241148.568083,-31.241148568083,-31728492.997658,-487344.42957499996,-548262483.2718735,-68532810.40898418,-0.48734442957500335,-548.2624832718793,-68.53281040898491,0,0,-0.015599440222658372
nightstand,Nightstand,base,D,13,proc,s006,mid,zoom,mid,-31241148.568083,-31.241148568083,-31241148.568083,0,0,0,0,0,0,0,0,0
nightstand,Nightstand,corrupt,D,8,proc,s006,mid,zoom,mid,-31241148.568083,-31.241148568083,-31241148.568083,0,0,0,0,0,0,0,0,0
receipt_printer,Receipt Printer,base,C,19,proc,s006,mid,zoom,mid,-31241148.568083,-31.241148568083,-31241148.568083,0,0,0,0,0,0,0,0,0
receipt_printer,Receipt Printer,corrupt,C,9,proc,s006,mid,zoom,mid,-31241148.568083,-31.241148568083,-31241148.568083,0,0,0,0,0,0,0,0,0
microwave_oven,Microwave Oven,base,D,18,proc,s006,mid,zoom,mid,-31241148.568083,-31.241148568083,-31241148.568083,0,0,0,0,0,0,0,0,0
microwave_oven,Microwave Oven,corrupt,D,10,partial,s006,mid,zoom,mid,-31241148.568083,-31.241148568083,-47673963.568083,-16432815.000000004,-18486916875,-1848691687.5,-16.432815000000005,-18486.91687500001,-1848.691687500001,0,0,-0.5259990670377694
framed_diploma,Framed Diploma,base,D,18,proc,s006,mid,zoom,mid,-31241148.568083,-31.241148568083,-31241148.568083,0,0,0,0,0,0,0,0,0
framed_diploma,Framed Diploma,corrupt,D,9,partial,s006,mid,zoom,mid,-31241148.568083,-31.241148568083,-31728492.997658,-487344.42957499996,-548262483.2718735,-60918053.69687483,-0.48734442957500335,-548.2624832718793,-60.91805369687548,0,0,-0.015599440222658372
laminated_blueprint,Laminated Blueprint,base,D,19,not modeled,s006,mid,zoom,mid,-31241148.568083,-31.241148568083,-31241148.568083,0,0,0,0,0,0,0,0,0
laminated_blueprint,Laminated Blueprint,corrupt,D,10,not modeled,s006,mid,zoom,mid,-31241148.568083,-31.241148568083,-31241148.568083,0,0,0,0,0,0,0,0,0
console_television,Console Television,base,D,26,proc,s006,mid,zoom,mid,-31241148.568083,-31.241148568083,-31241148.568083,0,0,0,0,0,0,0,0,0
console_television,Console Television,corrupt,D,13,partial,s006,mid,zoom,mid,-31241148.568083,-31.241148568083,-32053389.284041,-812240.7159579992,-913770805.4527435,-70290061.95790336,-0.812240715958005,-913.7708054527611,-70.2900619579047,0,0,-0.025999067037753263
desk_speakers,Desk Speakers,base,C,10,modeled,s006,mid,zoom,mid,-31241148.568083,-31.241148568083,-31241148.568083,0,0,0,0,0,0,0,0,0
desk_speakers,Desk Speakers,corrupt,C,6,modeled,s006,mid,zoom,mid,-31241148.568083,-31.241148568083,-31241148.568083,0,0,0,0,0,0,0,0,0
curved_monitor,Curved Monitor,base,C,13,proc,s006,mid,zoom,mid,-31241148.568083,-31.241148568083,-31241148.568083,0,0,0,0,0,0,0,0,0
curved_monitor,Curved Monitor,corrupt,C,7,partial,s006,mid,zoom,mid,-31241148.568083,-31.241148568083,-47673963.568083,-16432815.000000004,-18486916875,-2640988125,-16.432815000000005,-18486.91687500001,-2640.988125000001,0,0,-0.5259990670377694
tower_upgrade,Tower Upgrade,base,C,14,proc,s006,mid,zoom,mid,-31241148.568083,-31.241148568083,-31241148.568083,0,0,0,0,0,0,0,0,0
tower_upgrade,Tower Upgrade,corrupt,C,5,partial,s006,mid,zoom,mid,-31241148.568083,-31.241148568083,-32201940.568083,-960792,-1080891000,-216178200,-0.960792000000005,-1080.8910000000033,-216.17820000000066,0,0,-0.030754054957556114
copy_machine,Copy Machine,base,C,19,not modeled,s006,mid,zoom,mid,-31241148.568083,-31.241148568083,-31241148.568083,0,0,0,0,0,0,0,0,0
whiteboard,Whiteboard,base,D,17,not modeled,s006,mid,zoom,mid,-31241148.568083,-31.241148568083,-31241148.568083,0,0,0,0,0,0,0,0,0
high_roller_pass,High Roller Pass,base,D,19,not modeled,s006,mid,zoom,mid,-31241148.568083,-31.241148568083,-31241148.568083,0,0,0,0,0,0,0,0,0
high_roller_pass,High Roller Pass,corrupt,D,9,partial,s006,mid,zoom,mid,-31241148.568083,-31.241148568083,-47673963.568083,-16432815.000000004,-18486916875,-2054101875,-16.432815000000005,-18486.91687500001,-2054.101875000001,0,0,-0.5259990670377694
window,Window,base,D,20,proc,s006,mid,zoom,mid,-31241148.568083,-31.241148568083,-31241148.568083,0,0,0,0,0,0,0,0,0
window,Window,corrupt,D,10,partial,s006,mid,zoom,mid,-31241148.568083,-31.241148568083,-47673963.568083,-16432815.000000004,-18486916875,-1848691687.5,-16.432815000000005,-18486.91687500001,-1848.691687500001,0,0,-0.5259990670377694
bookshelf,Bookshelf,base,D,22,modeled,s006,mid,zoom,mid,-31241148.568083,-31.241148568083,-31241148.568083,0,0,0,0,0,0,0,0,0
bookshelf,Bookshelf,corrupt,D,11,modeled,s006,mid,zoom,mid,-31241148.568083,-31.241148568083,-31241148.568083,0,0,0,0,0,0,0,0,0
cereal_shelf,Cereal Shelf,base,D,24,not modeled,s006,mid,zoom,mid,-31241148.568083,-31.241148568083,-31241148.568083,0,0,0,0,0,0,0,0,0
cereal_shelf,Cereal Shelf,corrupt,D,12,not modeled,s006,mid,zoom,mid,-31241148.568083,-31.241148568083,-31241148.568083,0,0,0,0,0,0,0,0,0
fire_extinguisher,Fire Extinguisher,base,D,24,proc,s006,mid,zoom,mid,-31241148.568083,-31.241148568083,-31241148.568083,0,0,0,0,0,0,0,0,0
fire_extinguisher,Fire Extinguisher,corrupt,D,12,partial,s006,mid,zoom,mid,-31241148.568083,-31.241148568083,-31647268.926062,-406120.3579789996,-456885402.72637177,-38073783.56053098,-0.4061203579790025,-456.88540272638056,-38.073783560531716,0,0,-0.012999533518876632
blackout_curtains,Blackout Curtains,base,D,24,proc,s006,mid,zoom,mid,-31241148.568083,-31.241148568083,-31241148.568083,0,0,0,0,0,0,0,0,0
blackout_curtains,Blackout Curtains,corrupt,D,12,partial,s006,mid,zoom,mid,-31241148.568083,-31.241148568083,-50960526.568083,-19719378.000000004,-22184300250,-1848691687.5,-19.719378,-22184.30025,-1848.6916875,0,0,-0.6311988804453232
tip_jar,Tip Jar,base,D,24,not modeled,s006,mid,zoom,mid,-31241148.568083,-31.241148568083,-31241148.568083,0,0,0,0,0,0,0,0,0
tip_jar,Tip Jar,corrupt,D,12,not modeled,s006,mid,zoom,mid,-31241148.568083,-31.241148568083,-31241148.568083,0,0,0,0,0,0,0,0,0
shredder,Shredder,base,D,18,proc,s006,mid,zoom,mid,-31241148.568083,-31.241148568083,-31241148.568083,0,0,0,0,0,0,0,0,0
shredder,Shredder,corrupt,D,9,partial,s006,mid,zoom,mid,-31241148.568083,-31.241148568083,-31728492.997658,-487344.42957499996,-548262483.2718735,-60918053.69687483,-0.48734442957500335,-548.2624832718793,-60.91805369687548,0,0,-0.015599440222658372
cool_towel,Cool Towel,base,D,16,proc,s006,mid,zoom,mid,-31241148.568083,-31.241148568083,-31241148.568083,0,0,0,0,0,0,0,0,0
waste_basket,Waste Basket,base,D,18,proc,s006,mid,zoom,mid,-31241148.568083,-31.241148568083,-31241148.568083,0,0,0,0,0,0,0,0,0
waste_basket,Waste Basket,corrupt,D,9,proc,s006,mid,zoom,mid,-31241148.568083,-31.241148568083,-31241148.568083,0,0,0,0,0,0,0,0,0
cleaning_robot,Cleaning Robot,base,D,24,proc,s006,mid,zoom,mid,-31241148.568083,-31.241148568083,-31241148.568083,0,0,0,0,0,0,0,0,0
wall_hanger,Wall Hanger,base,A,2,modeled,s006,mid,zoom,capped,-17490642.857143,-17.490642857143,-16867266.233766,623376.623376999,701298701.2991257,350649350.64956284,0.623376623377002,701.2987012991252,350.6493506495626,0,0,0.03564057813474925
wall_hanger,Wall Hanger,corrupt,A,2,modeled,s006,mid,zoom,capped,-17490642.857143,-17.490642857143,-5023110.3896104,12467532.4675326,14025974025.974173,7012987012.987086,12.467532467532601,14025.974025974174,7012.987012987087,0,0,0.712811562694563
mirror,Mirror,base,A,3,modeled,s006,mid,zoom,capped,-17490642.857143,-17.490642857143,-17490642.857143,0,0,0,0,0,0,0,0,0
mirror,Mirror,corrupt,A,2,modeled,s006,mid,zoom,capped,-17490642.857143,-17.490642857143,-17490642.857143,0,0,0,0,0,0,0,0,0
fight_night_poster,Fight Night Poster,base,A,4,not modeled,s006,mid,zoom,capped,-17490642.857143,-17.490642857143,-17490642.857143,0,0,0,0,0,0,0,0,0
fight_night_poster,Fight Night Poster,corrupt,A,3,not modeled,s006,mid,zoom,capped,-17490642.857143,-17.490642857143,-17490642.857143,0,0,0,0,0,0,0,0,0
energy_drink,Energy Drink,base,A,3,proc,s006,mid,zoom,capped,-17490642.857143,-17.490642857143,-17490642.857143,0,0,0,0,0,0,0,0,0
energy_drink,Energy Drink,corrupt,A,2,proc,s006,mid,zoom,capped,-17490642.857143,-17.490642857143,-17490642.857143,0,0,0,0,0,0,0,0,0
corkboard,Corkboard,base,A,4,modeled,s006,mid,zoom,capped,-17490642.857143,-17.490642857143,-14838250,2652392.857143,2983941964.2858734,745985491.0714684,2.652392857143001,2983.941964285874,745.9854910714685,0.1298701298701299,0.04999999999999999,0.15164639051901913
corkboard,Corkboard,corrupt,A,2,modeled,s006,mid,zoom,capped,-17490642.857143,-17.490642857143,-6881071.4285714,10609571.4285716,11935767857.143047,5967883928.571524,10.609571428571602,11935.76785714305,5967.883928571525,0.51948051948052,0.2,0.6065855620760537
stack_of_books,Stack of Books,base,A,4,modeled,s006,mid,zoom,capped,-17490642.857143,-17.490642857143,-17240179.03525,250463.8218929991,281771799.6296234,70442949.90740585,0.25046382189299976,281.7717996296233,70.44294990740582,0,0,0.014319875143452046
stack_of_books,Stack of Books,corrupt,A,3,modeled,s006,mid,zoom,capped,-17490642.857143,-17.490642857143,-17039807.977737,450834.8794060014,507189239.3317528,169063079.77725092,0.45083487940600264,507.1892393317503,169.0630797772501,0,0,0.02577577525813381
throw_pillow,Throw Pillow,base,A,4,modeled,s006,mid,zoom,capped,-17490642.857143,-17.490642857143,-17227267.857143,263375,296296875,74074218.75,0.2633749999999999,296.296875,74.07421875,0,0,0.015058051447916927
throw_pillow,Throw Pillow,corrupt,A,2,modeled,s006,mid,zoom,capped,-17490642.857143,-17.490642857143,-18735242.857143,-1244600,-1400175000,-700087500,-1.2445999999999984,-1400.1749999999993,-700.0874999999996,0,0,-0.07115804777248184
starter_gift_box,Starter Gift Box,base,A,4,not modeled,s006,mid,zoom,capped,-17490642.857143,-17.490642857143,-17490642.857143,0,0,0,0,0,0,0,0,0
starter_gift_box,Starter Gift Box,corrupt,A,3,not modeled,s006,mid,zoom,capped,-17490642.857143,-17.490642857143,-17490642.857143,0,0,0,0,0,0,0,0,0
lava_lamp,Lava Lamp,base,A,5,modeled,s006,mid,zoom,capped,-17490642.857143,-17.490642857143,-17058592.764378,432050.0927649997,486056354.3606224,97211270.87212448,0.4320500927649995,486.0563543606222,97.21127087212444,0,0,0.024701784622430552
lava_lamp,Lava Lamp,corrupt,A,3,modeled,s006,mid,zoom,capped,-17490642.857143,-17.490642857143,-16194492.57885,1296150.2782930005,1458169063.0796242,486056354.3598747,1.296150278293002,1458.1690630796256,486.05635435987523,0,0,0.07410535386717738
comfort_bed,Comfort Bed,base,A,4,modeled,s006,mid,zoom,capped,-17490642.857143,-17.490642857143,-15490392.857143,2000250,2250281250,562570312.5,2.000250000000001,2250.28125,562.5703125,0,0,0.11436114820577441
comfort_bed,Comfort Bed,corrupt,A,2,not modeled,s006,mid,zoom,capped,-17490642.857143,-17.490642857143,-17490642.857143,0,0,0,0,0,0,0,0,0
yellow_sticky_note,Yellow Sticky Note,base,A,5,modeled,s006,mid,zoom,capped,-17490642.857143,-17.490642857143,-16017428.571429,1473214.2857140005,1657366071.4282532,331473214.2856506,1.4732142857140005,1657.3660714282487,331.47321428564976,0,0,0.08422871004494582
yellow_sticky_note,Yellow Sticky Note,corrupt,A,4,modeled,s006,mid,zoom,capped,-17490642.857143,-17.490642857143,187928.57142856,17678571.42857156,19888392857.143,4972098214.28575,17.678571428571562,19888.392857143004,4972.098214285751,0,0,1.010744520539553
rubber_duck,Rubber Duck,base,A,5,not modeled,s006,mid,zoom,capped,-17490642.857143,-17.490642857143,-17490642.857143,0,0,0,0,0,0,0,0,0
rubber_duck,Rubber Duck,corrupt,A,2,modeled,s006,mid,zoom,capped,-17490642.857143,-17.490642857143,-27743892.857143,-10253250,-11534906250,-5767453125,-10.253249999999998,-11534.90625,-5767.453125,0,0,-0.5862134447398357
stash_box,Stash Box,base,B,6,not modeled,s006,mid,zoom,capped,-17490642.857143,-17.490642857143,-17490642.857143,0,0,0,0,0,0,0,0,0
stash_box,Stash Box,corrupt,B,3,not modeled,s006,mid,zoom,capped,-17490642.857143,-17.490642857143,-17490642.857143,0,0,0,0,0,0,0,0,0
dogs_playing_poker,Dogs Playing Poker,base,B,6,proc,s006,mid,zoom,capped,-17490642.857143,-17.490642857143,-17490642.857143,0,0,0,0,0,0,0,0,0
dogs_playing_poker,Dogs Playing Poker,corrupt,B,3,proc,s006,mid,zoom,capped,-17490642.857143,-17.490642857143,-17490642.857143,0,0,0,0,0,0,0,0,0
calculator,Calculator,base,B,7,modeled,s006,mid,zoom,capped,-17490642.857143,-17.490642857143,-12427542.639543,5063100.217599999,5695987744.799997,813712534.9714282,5.063100217600001,5695.987744799997,813.7125349714281,0.27383836421901997,0.036750000000000005,0.28947479283371685
calculator,Calculator,corrupt,B,4,modeled,s006,mid,zoom,capped,-17490642.857143,-17.490642857143,50438249.38512,67928892.24226299,76420003772.54587,19105000943.136467,67.928892242263,76420.00377254588,19105.00094313647,7.07372039724982,0.3675,3.8837275906369286
ring_binder,Ring Binder,base,B,7,not modeled,s006,mid,zoom,capped,-17490642.857143,-17.490642857143,-17490642.857143,0,0,0,0,0,0,0,0,0
ring_binder,Ring Binder,corrupt,B,4,not modeled,s006,mid,zoom,capped,-17490642.857143,-17.490642857143,-17490642.857143,0,0,0,0,0,0,0,0,0
space_heater,Space Heater,base,B,8,modeled,s006,mid,zoom,capped,-17490642.857143,-17.490642857143,-12813942.857143,4676700,5261287500,657660937.5,4.676700000000002,5261.2875,657.6609375,0,0,0.26738296803596806
space_heater,Space Heater,corrupt,B,8,modeled,s006,mid,zoom,capped,-17490642.857143,-17.490642857143,-64257642.857143,-46767000,-52612875000,-6576609375,-46.766999999999996,-52612.875,-6576.609375,0,0,-2.6738296803596806
pencil_holder,Pencil Holder,base,B,8,not modeled,s006,mid,zoom,capped,-17490642.857143,-17.490642857143,-17490642.857143,0,0,0,0,0,0,0,0,0
pencil_holder,Pencil Holder,corrupt,B,4,not modeled,s006,mid,zoom,capped,-17490642.857143,-17.490642857143,-17490642.857143,0,0,0,0,0,0,0,0,0
bonsai,Bonsai,base,B,10,not modeled,s006,mid,zoom,capped,-17490642.857143,-17.490642857143,-17490642.857143,0,0,0,0,0,0,0,0,0
bonsai,Bonsai,corrupt,B,5,not modeled,s006,mid,zoom,capped,-17490642.857143,-17.490642857143,-17490642.857143,0,0,0,0,0,0,0,0,0
desk_plant,Desk Plant,base,B,8,modeled,s006,mid,zoom,capped,-17490642.857143,-17.490642857143,-17490642.857143,0,0,0,0,0,0,0,0,0
desk_plant,Desk Plant,corrupt,B,5,modeled,s006,mid,zoom,capped,-17490642.857143,-17.490642857143,-17490642.857143,0,0,0,0,0,0,0,0,0
desk,Desk,base,B,9,not modeled,s006,mid,zoom,capped,-17490642.857143,-17.490642857143,-17490642.857143,0,0,0,0,0,0,0,0,0
desk,Desk,corrupt,B,5,not modeled,s006,mid,zoom,capped,-17490642.857143,-17.490642857143,-17490642.857143,0,0,0,0,0,0,0,0,0
rebuy_sticky_note,Rebuy Sticky Note,base,B,10,not modeled,s006,mid,zoom,capped,-17490642.857143,-17.490642857143,-17490642.857143,0,0,0,0,0,0,0,0,0
rebuy_sticky_note,Rebuy Sticky Note,corrupt,B,5,not modeled,s006,mid,zoom,capped,-17490642.857143,-17.490642857143,-17490642.857143,0,0,0,0,0,0,0,0,0
gaming_chair,Gaming Chair,base,B,10,proc,s006,mid,zoom,capped,-17490642.857143,-17.490642857143,-17490642.857143,0,0,0,0,0,0,0,0,0
gaming_chair,Gaming Chair,corrupt,B,5,partial,s006,mid,zoom,capped,-17490642.857143,-17.490642857143,-26844042.857143,-9353400,-10522575000,-2104515000,-9.353399999999997,-10522.574999999997,-2104.5149999999994,0,0,-0.5347659360719361
headset,Headset,base,B,6,modeled,s006,mid,zoom,capped,-17490642.857143,-17.490642857143,-14307771.428571,3182871.428571999,3580730357.1434975,596788392.8572496,3.1828714285720014,3580.7303571435004,596.7883928572501,0.15584415584415,0.06,0.18197566862284578
headset,Headset,corrupt,B,5,modeled,s006,mid,zoom,capped,-17490642.857143,-17.490642857143,1076107.1428571,18566750.0000001,20887593750.00011,4177518750.000022,18.566750000000102,20887.593750000113,4177.518750000023,0.9090909090909199,0.35000000000000003,1.0615247336330826
prize_vase,Prize Vase,base,C,12,proc,s006,mid,zoom,capped,-17490642.857143,-17.490642857143,-17490642.857143,0,0,0,0,0,0,0,0,0
prize_vase,Prize Vase,corrupt,C,6,proc,s006,mid,zoom,capped,-17490642.857143,-17.490642857143,-17490642.857143,0,0,0,0,0,0,0,0,0
compact_fridge,Compact Fridge,base,B,12,not modeled,s006,mid,zoom,capped,-17490642.857143,-17.490642857143,-17490642.857143,0,0,0,0,0,0,0,0,0
compact_fridge,Compact Fridge,corrupt,B,6,not modeled,s006,mid,zoom,capped,-17490642.857143,-17.490642857143,-17490642.857143,0,0,0,0,0,0,0,0,0
wall_clock,Wall Clock,base,B,12,proc,s006,mid,zoom,capped,-17490642.857143,-17.490642857143,-17490642.857143,0,0,0,0,0,0,0,0,0
wall_clock,Wall Clock,corrupt,B,7,partial,s006,mid,zoom,capped,-17490642.857143,-17.490642857143,-29182392.857143,-11691750,-13153218750,-1879031250,-11.691749999999999,-13153.218750000004,-1879.0312500000005,0,0,-0.6684574200899202
house_cat,House Cat,base,B,8,proc,s006,mid,zoom,capped,-17490642.857143,-17.490642857143,-17490642.857143,0,0,0,0,0,0,0,0,0
house_cat,House Cat,corrupt,B,4,proc,s006,mid,zoom,capped,-17490642.857143,-17.490642857143,-17490642.857143,0,0,0,0,0,0,0,0,0
candle,Candle,base,B,7,proc,s006,mid,zoom,capped,-17490642.857143,-17.490642857143,-17490642.857143,0,0,0,0,0,0,0,0,0
dusty_console,Dusty Console,base,B,5,modeled,s006,mid,zoom,capped,-17490642.857143,-17.490642857143,-17490642.857143,0,0,0,0,0,0,0,0,0
handheld,Handheld,base,B,5,modeled,s006,mid,zoom,capped,-17490642.857143,-17.490642857143,-15899207.142857,1591435.7142859995,1790365178.5717506,358073035.7143501,1.5914357142860016,1790.3651785717484,358.07303571434966,0.07792207792207995,0.030000000000000027,0.09098783431142289
red_rug,Red Rug,base,B,8,modeled,s006,mid,zoom,capped,-17490642.857143,-17.490642857143,-17490642.857143,0,0,0,0,0,0,0,0,0
dish_soap,Dish Soap,base,B,12,proc,s006,mid,zoom,capped,-17490642.857143,-17.490642857143,-17490642.857143,0,0,0,0,0,0,0,0,0
rolled_vouchers,Rolled Vouchers,base,C,9,proc,s006,mid,zoom,capped,-17490642.857143,-17.490642857143,-17490642.857143,0,0,0,0,0,0,0,0,0
rolled_vouchers,Rolled Vouchers,corrupt,C,5,proc,s006,mid,zoom,capped,-17490642.857143,-17.490642857143,-17490642.857143,0,0,0,0,0,0,0,0,0
second_monitor,Second Monitor,base,C,10,modeled,s006,mid,zoom,capped,-17490642.857143,-17.490642857143,-17490642.857143,0,0,0,0,0,0,0,0,0
second_monitor,Second Monitor,corrupt,C,6,modeled,s006,mid,zoom,capped,-17490642.857143,-17.490642857143,-17490642.857143,0,0,0,0,0,0,0,0,0
laptop_terminal,Laptop Terminal,base,D,12,not modeled,s006,mid,zoom,capped,-17490642.857143,-17.490642857143,-17490642.857143,0,0,0,0,0,0,0,0,0
laptop_terminal,Laptop Terminal,corrupt,D,6,not modeled,s006,mid,zoom,capped,-17490642.857143,-17.490642857143,-17490642.857143,0,0,0,0,0,0,0,0,0
gaming_keyboard,Gaming Keyboard,base,D,12,not modeled,s006,mid,zoom,capped,-17490642.857143,-17.490642857143,-17490642.857143,0,0,0,0,0,0,0,0,0
gaming_keyboard,Gaming Keyboard,corrupt,D,6,not modeled,s006,mid,zoom,capped,-17490642.857143,-17.490642857143,-17490642.857143,0,0,0,0,0,0,0,0,0
box_of_mice,Box of Mice,base,D,13,not modeled,s006,mid,zoom,capped,-17490642.857143,-17.490642857143,-17490642.857143,0,0,0,0,0,0,0,0,0
box_of_mice,Box of Mice,corrupt,D,7,not modeled,s006,mid,zoom,capped,-17490642.857143,-17.490642857143,-17490642.857143,0,0,0,0,0,0,0,0,0
wacom_tablet,Wacom Tablet,base,D,13,not modeled,s006,mid,zoom,capped,-17490642.857143,-17.490642857143,-17490642.857143,0,0,0,0,0,0,0,0,0
wacom_tablet,Wacom Tablet,corrupt,D,7,not modeled,s006,mid,zoom,capped,-17490642.857143,-17.490642857143,-17490642.857143,0,0,0,0,0,0,0,0,0
desk_lamp,Desk Lamp,base,D,10,not modeled,s006,mid,zoom,capped,-17490642.857143,-17.490642857143,-17490642.857143,0,0,0,0,0,0,0,0,0
desk_lamp,Desk Lamp,corrupt,D,6,not modeled,s006,mid,zoom,capped,-17490642.857143,-17.490642857143,-17490642.857143,0,0,0,0,0,0,0,0,0
telephone,Telephone,base,D,12,not modeled,s006,mid,zoom,capped,-17490642.857143,-17.490642857143,-17490642.857143,0,0,0,0,0,0,0,0,0
glass_partition,Glass Partition,base,D,12,not modeled,s006,mid,zoom,capped,-17490642.857143,-17.490642857143,-17490642.857143,0,0,0,0,0,0,0,0,0
electric_kettle,Electric Kettle,base,D,11,not modeled,s006,mid,zoom,capped,-17490642.857143,-17.490642857143,-17490642.857143,0,0,0,0,0,0,0,0,0
electric_kettle,Electric Kettle,corrupt,D,8,not modeled,s006,mid,zoom,capped,-17490642.857143,-17.490642857143,-17490642.857143,0,0,0,0,0,0,0,0,0
chrome_toaster,Chrome Toaster,base,D,14,not modeled,s006,mid,zoom,capped,-17490642.857143,-17.490642857143,-15986190.166976,1504452.6901670005,1692509276.4378777,120893519.74556269,1.5044526901670014,1692.509276437875,120.8935197455625,0.3339517625232199,0,0.08601471669479532
chrome_toaster,Chrome Toaster,corrupt,D,8,not modeled,s006,mid,zoom,capped,-17490642.857143,-17.490642857143,-10908662.337662,6581980.519481,7404728084.416124,925591010.5520155,6.581980519481002,7404.728084416125,925.5910105520156,1.4610389610389203,0,0.37631438553975083
first_aid_kit,First Aid Kit,base,D,16,proc,s006,mid,zoom,capped,-17490642.857143,-17.490642857143,-17490642.857143,0,0,0,0,0,0,0,0,0
first_aid_kit,First Aid Kit,corrupt,D,8,partial,s006,mid,zoom,capped,-17490642.857143,-17.490642857143,-19258500,-1767857.1428570002,-1988839285.7141266,-248604910.71426582,-1.7678571428570002,-1988.8392857141262,-248.60491071426577,0,0,-0.1010744520539464
nightstand,Nightstand,base,D,13,proc,s006,mid,zoom,capped,-17490642.857143,-17.490642857143,-17490642.857143,0,0,0,0,0,0,0,0,0
nightstand,Nightstand,corrupt,D,8,proc,s006,mid,zoom,capped,-17490642.857143,-17.490642857143,-17490642.857143,0,0,0,0,0,0,0,0,0
receipt_printer,Receipt Printer,base,C,19,proc,s006,mid,zoom,capped,-17490642.857143,-17.490642857143,-17490642.857143,0,0,0,0,0,0,0,0,0
receipt_printer,Receipt Printer,corrupt,C,9,proc,s006,mid,zoom,capped,-17490642.857143,-17.490642857143,-17490642.857143,0,0,0,0,0,0,0,0,0
microwave_oven,Microwave Oven,base,D,18,proc,s006,mid,zoom,capped,-17490642.857143,-17.490642857143,-17490642.857143,0,0,0,0,0,0,0,0,0
microwave_oven,Microwave Oven,corrupt,D,10,partial,s006,mid,zoom,capped,-17490642.857143,-17.490642857143,-29182392.857143,-11691750,-13153218750,-1315321875,-11.691749999999999,-13153.218750000004,-1315.3218750000003,0,0,-0.6684574200899202
framed_diploma,Framed Diploma,base,D,18,proc,s006,mid,zoom,capped,-17490642.857143,-17.490642857143,-17490642.857143,0,0,0,0,0,0,0,0,0
framed_diploma,Framed Diploma,corrupt,D,9,partial,s006,mid,zoom,capped,-17490642.857143,-17.490642857143,-19258500,-1767857.1428570002,-1988839285.7141266,-220982142.85712516,-1.7678571428570002,-1988.8392857141262,-220.98214285712513,0,0,-0.1010744520539464
laminated_blueprint,Laminated Blueprint,base,D,19,not modeled,s006,mid,zoom,capped,-17490642.857143,-17.490642857143,-17490642.857143,0,0,0,0,0,0,0,0,0
laminated_blueprint,Laminated Blueprint,corrupt,D,10,not modeled,s006,mid,zoom,capped,-17490642.857143,-17.490642857143,-17490642.857143,0,0,0,0,0,0,0,0,0
console_television,Console Television,base,D,26,proc,s006,mid,zoom,capped,-17490642.857143,-17.490642857143,-17490642.857143,0,0,0,0,0,0,0,0,0
console_television,Console Television,corrupt,D,13,partial,s006,mid,zoom,capped,-17490642.857143,-17.490642857143,-20437071.428571,-2946428.571428001,-3314732142.8565025,-254979395.60434633,-2.9464285714279974,-3314.7321428564974,-254.97939560434594,0,0,-0.16845742008989165
desk_speakers,Desk Speakers,base,C,10,modeled,s006,mid,zoom,capped,-17490642.857143,-17.490642857143,-17490642.857143,0,0,0,0,0,0,0,0,0
desk_speakers,Desk Speakers,corrupt,C,6,modeled,s006,mid,zoom,capped,-17490642.857143,-17.490642857143,-17490642.857143,0,0,0,0,0,0,0,0,0
curved_monitor,Curved Monitor,base,C,13,proc,s006,mid,zoom,capped,-17490642.857143,-17.490642857143,-17490642.857143,0,0,0,0,0,0,0,0,0
curved_monitor,Curved Monitor,corrupt,C,7,partial,s006,mid,zoom,capped,-17490642.857143,-17.490642857143,-29182392.857143,-11691750,-13153218750,-1879031250,-11.691749999999999,-13153.218750000004,-1879.0312500000005,0,0,-0.6684574200899202
tower_upgrade,Tower Upgrade,base,C,14,proc,s006,mid,zoom,capped,-17490642.857143,-17.490642857143,-17490642.857143,0,0,0,0,0,0,0,0,0
tower_upgrade,Tower Upgrade,corrupt,C,5,partial,s006,mid,zoom,capped,-17490642.857143,-17.490642857143,-18438792.857143,-948150,-1066668750,-213333750,-0.9481499999999983,-1066.6687500000007,-213.33375000000015,0,0,-0.054208985212500935
copy_machine,Copy Machine,base,C,19,not modeled,s006,mid,zoom,capped,-17490642.857143,-17.490642857143,-17490642.857143,0,0,0,0,0,0,0,0,0
whiteboard,Whiteboard,base,D,17,not modeled,s006,mid,zoom,capped,-17490642.857143,-17.490642857143,-17490642.857143,0,0,0,0,0,0,0,0,0
high_roller_pass,High Roller Pass,base,D,19,not modeled,s006,mid,zoom,capped,-17490642.857143,-17.490642857143,-17490642.857143,0,0,0,0,0,0,0,0,0
high_roller_pass,High Roller Pass,corrupt,D,9,partial,s006,mid,zoom,capped,-17490642.857143,-17.490642857143,-29182392.857143,-11691750,-13153218750,-1461468750,-11.691749999999999,-13153.218750000004,-1461.4687500000005,0,0,-0.6684574200899202
window,Window,base,D,20,proc,s006,mid,zoom,capped,-17490642.857143,-17.490642857143,-17490642.857143,0,0,0,0,0,0,0,0,0
window,Window,corrupt,D,10,partial,s006,mid,zoom,capped,-17490642.857143,-17.490642857143,-29182392.857143,-11691750,-13153218750,-1315321875,-11.691749999999999,-13153.218750000004,-1315.3218750000003,0,0,-0.6684574200899202
bookshelf,Bookshelf,base,D,22,modeled,s006,mid,zoom,capped,-17490642.857143,-17.490642857143,-17490642.857143,0,0,0,0,0,0,0,0,0
bookshelf,Bookshelf,corrupt,D,11,modeled,s006,mid,zoom,capped,-17490642.857143,-17.490642857143,-17490642.857143,0,0,0,0,0,0,0,0,0
cereal_shelf,Cereal Shelf,base,D,24,not modeled,s006,mid,zoom,capped,-17490642.857143,-17.490642857143,-17490642.857143,0,0,0,0,0,0,0,0,0
cereal_shelf,Cereal Shelf,corrupt,D,12,not modeled,s006,mid,zoom,capped,-17490642.857143,-17.490642857143,-17490642.857143,0,0,0,0,0,0,0,0,0
fire_extinguisher,Fire Extinguisher,base,D,24,proc,s006,mid,zoom,capped,-17490642.857143,-17.490642857143,-17490642.857143,0,0,0,0,0,0,0,0,0
fire_extinguisher,Fire Extinguisher,corrupt,D,12,partial,s006,mid,zoom,capped,-17490642.857143,-17.490642857143,-18963857.142857,-1473214.2857140005,-1657366071.4282494,-138113839.28568745,-1.4732142857140005,-1657.3660714282523,-138.1138392856877,0,0,-0.08422871004494582
blackout_curtains,Blackout Curtains,base,D,24,proc,s006,mid,zoom,capped,-17490642.857143,-17.490642857143,-17490642.857143,0,0,0,0,0,0,0,0,0
blackout_curtains,Blackout Curtains,corrupt,D,12,partial,s006,mid,zoom,capped,-17490642.857143,-17.490642857143,-31520742.857143,-14030100,-15783862500,-1315321875,-14.030099999999997,-15783.8625,-1315.3218749999999,0,0,-0.8021489041079042
tip_jar,Tip Jar,base,D,24,not modeled,s006,mid,zoom,capped,-17490642.857143,-17.490642857143,-17490642.857143,0,0,0,0,0,0,0,0,0
tip_jar,Tip Jar,corrupt,D,12,not modeled,s006,mid,zoom,capped,-17490642.857143,-17.490642857143,-17490642.857143,0,0,0,0,0,0,0,0,0
shredder,Shredder,base,D,18,proc,s006,mid,zoom,capped,-17490642.857143,-17.490642857143,-17490642.857143,0,0,0,0,0,0,0,0,0
shredder,Shredder,corrupt,D,9,partial,s006,mid,zoom,capped,-17490642.857143,-17.490642857143,-19258500,-1767857.1428570002,-1988839285.7141266,-220982142.85712516,-1.7678571428570002,-1988.8392857141262,-220.98214285712513,0,0,-0.1010744520539464
cool_towel,Cool Towel,base,D,16,proc,s006,mid,zoom,capped,-17490642.857143,-17.490642857143,-17490642.857143,0,0,0,0,0,0,0,0,0
waste_basket,Waste Basket,base,D,18,proc,s006,mid,zoom,capped,-17490642.857143,-17.490642857143,-17490642.857143,0,0,0,0,0,0,0,0,0
waste_basket,Waste Basket,corrupt,D,9,proc,s006,mid,zoom,capped,-17490642.857143,-17.490642857143,-17490642.857143,0,0,0,0,0,0,0,0,0
cleaning_robot,Cleaning Robot,base,D,24,proc,s006,mid,zoom,capped,-17490642.857143,-17.490642857143,-17490642.857143,0,0,0,0,0,0,0,0,0
wall_hanger,Wall Hanger,base,A,2,modeled,s006,mid,ko,naked,-2655321.7145044,-2.6553217145044,-2655321.7145044,0,0,0,0,0,0,0,0,0
wall_hanger,Wall Hanger,corrupt,A,2,modeled,s006,mid,ko,naked,-2655321.7145044,-2.6553217145044,-2655321.7145044,0,0,0,0,0,0,0,0,0
mirror,Mirror,base,A,3,modeled,s006,mid,ko,naked,-2655321.7145044,-2.6553217145044,-2655321.7145044,0,0,0,0,0,0,0,0,0
mirror,Mirror,corrupt,A,2,modeled,s006,mid,ko,naked,-2655321.7145044,-2.6553217145044,-2655321.7145044,0,0,0,0,0,0,0,0,0
fight_night_poster,Fight Night Poster,base,A,4,not modeled,s006,mid,ko,naked,-2655321.7145044,-2.6553217145044,-2655321.7145044,0,0,0,0,0,0,0,0,0
fight_night_poster,Fight Night Poster,corrupt,A,3,not modeled,s006,mid,ko,naked,-2655321.7145044,-2.6553217145044,-2655321.7145044,0,0,0,0,0,0,0,0,0
energy_drink,Energy Drink,base,A,3,proc,s006,mid,ko,naked,-2655321.7145044,-2.6553217145044,-2655321.7145044,0,0,0,0,0,0,0,0,0
energy_drink,Energy Drink,corrupt,A,2,proc,s006,mid,ko,naked,-2655321.7145044,-2.6553217145044,-2655321.7145044,0,0,0,0,0,0,0,0,0
corkboard,Corkboard,base,A,4,modeled,s006,mid,ko,naked,-2655321.7145044,-2.6553217145044,-2240344.6644811,414977.05002329964,81191161.96108037,20297790.490270093,0.4149770500233001,81.19116196108047,20.297790490270117,0,0.05,0.15628127008359613
corkboard,Corkboard,corrupt,A,2,modeled,s006,mid,ko,naked,-2655321.7145044,-2.6553217145044,2967890.2506249,5623211.9651293,1100193645.3513849,550096822.6756924,5.6232119651293,1100.193645351385,550.0968226756925,0,0.19999999999999998,2.1177139984255504
stack_of_books,Stack of Books,base,A,4,modeled,s006,mid,ko,naked,-2655321.7145044,-2.6553217145044,-2655321.7145044,0,0,0,0,0,0,0,0,0
stack_of_books,Stack of Books,corrupt,A,3,modeled,s006,mid,ko,naked,-2655321.7145044,-2.6553217145044,-2655321.7145044,0,0,0,0,0,0,0,0,0
throw_pillow,Throw Pillow,base,A,4,modeled,s006,mid,ko,naked,-2655321.7145044,-2.6553217145044,-2655321.7145044,0,0,0,0,0,0,0,0,0
throw_pillow,Throw Pillow,corrupt,A,2,modeled,s006,mid,ko,naked,-2655321.7145044,-2.6553217145044,-2655321.7145044,0,0,0,0,0,0,0,0,0
starter_gift_box,Starter Gift Box,base,A,4,not modeled,s006,mid,ko,naked,-2655321.7145044,-2.6553217145044,-2655321.7145044,0,0,0,0,0,0,0,0,0
starter_gift_box,Starter Gift Box,corrupt,A,3,not modeled,s006,mid,ko,naked,-2655321.7145044,-2.6553217145044,-2655321.7145044,0,0,0,0,0,0,0,0,0
lava_lamp,Lava Lamp,base,A,5,modeled,s006,mid,ko,naked,-2655321.7145044,-2.6553217145044,-2655321.7145044,0,0,0,0,0,0,0,0,0
lava_lamp,Lava Lamp,corrupt,A,3,modeled,s006,mid,ko,naked,-2655321.7145044,-2.6553217145044,-2655321.7145044,0,0,0,0,0,0,0,0,0
comfort_bed,Comfort Bed,base,A,4,modeled,s006,mid,ko,naked,-2655321.7145044,-2.6553217145044,-2655321.7145044,0,0,0,0,0,0,0,0,0
comfort_bed,Comfort Bed,corrupt,A,2,not modeled,s006,mid,ko,naked,-2655321.7145044,-2.6553217145044,-2655321.7145044,0,0,0,0,0,0,0,0,0
yellow_sticky_note,Yellow Sticky Note,base,A,5,modeled,s006,mid,ko,naked,-2655321.7145044,-2.6553217145044,-2655321.7145044,0,0,0,0,0,0,0,0,0
yellow_sticky_note,Yellow Sticky Note,corrupt,A,4,modeled,s006,mid,ko,naked,-2655321.7145044,-2.6553217145044,-2655321.7145044,0,0,0,0,0,0,0,0,0
rubber_duck,Rubber Duck,base,A,5,not modeled,s006,mid,ko,naked,-2655321.7145044,-2.6553217145044,-2655321.7145044,0,0,0,0,0,0,0,0,0
rubber_duck,Rubber Duck,corrupt,A,2,modeled,s006,mid,ko,naked,-2655321.7145044,-2.6553217145044,-2655321.7145044,0,0,0,0,0,0,0,0,0
stash_box,Stash Box,base,B,6,not modeled,s006,mid,ko,naked,-2655321.7145044,-2.6553217145044,-2655321.7145044,0,0,0,0,0,0,0,0,0
stash_box,Stash Box,corrupt,B,3,not modeled,s006,mid,ko,naked,-2655321.7145044,-2.6553217145044,-2655321.7145044,0,0,0,0,0,0,0,0,0
dogs_playing_poker,Dogs Playing Poker,base,B,6,proc,s006,mid,ko,naked,-2655321.7145044,-2.6553217145044,-2655321.7145044,0,0,0,0,0,0,0,0,0
dogs_playing_poker,Dogs Playing Poker,corrupt,B,3,proc,s006,mid,ko,naked,-2655321.7145044,-2.6553217145044,-2655321.7145044,0,0,0,0,0,0,0,0,0
calculator,Calculator,base,B,7,modeled,s006,mid,ko,naked,-2655321.7145044,-2.6553217145044,-2655321.7145044,0,0,0,0,0,0,0,0,0
calculator,Calculator,corrupt,B,4,modeled,s006,mid,ko,naked,-2655321.7145044,-2.6553217145044,-2655321.7145044,0,0,0,0,0,0,0,0,0
ring_binder,Ring Binder,base,B,7,not modeled,s006,mid,ko,naked,-2655321.7145044,-2.6553217145044,-2655321.7145044,0,0,0,0,0,0,0,0,0
ring_binder,Ring Binder,corrupt,B,4,not modeled,s006,mid,ko,naked,-2655321.7145044,-2.6553217145044,-2655321.7145044,0,0,0,0,0,0,0,0,0
space_heater,Space Heater,base,B,8,modeled,s006,mid,ko,naked,-2655321.7145044,-2.6553217145044,-2655321.7145044,0,0,0,0,0,0,0,0,0
space_heater,Space Heater,corrupt,B,8,modeled,s006,mid,ko,naked,-2655321.7145044,-2.6553217145044,-2655321.7145044,0,0,0,0,0,0,0,0,0
pencil_holder,Pencil Holder,base,B,8,not modeled,s006,mid,ko,naked,-2655321.7145044,-2.6553217145044,-2655321.7145044,0,0,0,0,0,0,0,0,0
pencil_holder,Pencil Holder,corrupt,B,4,not modeled,s006,mid,ko,naked,-2655321.7145044,-2.6553217145044,-2655321.7145044,0,0,0,0,0,0,0,0,0
bonsai,Bonsai,base,B,10,not modeled,s006,mid,ko,naked,-2655321.7145044,-2.6553217145044,-2655321.7145044,0,0,0,0,0,0,0,0,0
bonsai,Bonsai,corrupt,B,5,not modeled,s006,mid,ko,naked,-2655321.7145044,-2.6553217145044,-2655321.7145044,0,0,0,0,0,0,0,0,0
desk_plant,Desk Plant,base,B,8,modeled,s006,mid,ko,naked,-2655321.7145044,-2.6553217145044,-2655321.7145044,0,0,0,0,0,0,0,0,0
desk_plant,Desk Plant,corrupt,B,5,modeled,s006,mid,ko,naked,-2655321.7145044,-2.6553217145044,-2655321.7145044,0,0,0,0,0,0,0,0,0
desk,Desk,base,B,9,not modeled,s006,mid,ko,naked,-2655321.7145044,-2.6553217145044,-2655321.7145044,0,0,0,0,0,0,0,0,0
desk,Desk,corrupt,B,5,not modeled,s006,mid,ko,naked,-2655321.7145044,-2.6553217145044,-2655321.7145044,0,0,0,0,0,0,0,0,0
rebuy_sticky_note,Rebuy Sticky Note,base,B,10,not modeled,s006,mid,ko,naked,-2655321.7145044,-2.6553217145044,-2655321.7145044,0,0,0,0,0,0,0,0,0
rebuy_sticky_note,Rebuy Sticky Note,corrupt,B,5,not modeled,s006,mid,ko,naked,-2655321.7145044,-2.6553217145044,-2655321.7145044,0,0,0,0,0,0,0,0,0
gaming_chair,Gaming Chair,base,B,10,proc,s006,mid,ko,naked,-2655321.7145044,-2.6553217145044,-2655321.7145044,0,0,0,0,0,0,0,0,0
gaming_chair,Gaming Chair,corrupt,B,5,partial,s006,mid,ko,naked,-2655321.7145044,-2.6553217145044,-2655321.7145044,0,0,0,0,0,0,0,0,0
headset,Headset,base,B,6,modeled,s006,mid,ko,naked,-2655321.7145044,-2.6553217145044,-2655321.7145044,0,0,0,0,0,0,0,0,0
headset,Headset,corrupt,B,5,modeled,s006,mid,ko,naked,-2655321.7145044,-2.6553217145044,-2655321.7145044,0,0,0,0,0,0,0,0,0
prize_vase,Prize Vase,base,C,12,proc,s006,mid,ko,naked,-2655321.7145044,-2.6553217145044,-2655321.7145044,0,0,0,0,0,0,0,0,0
prize_vase,Prize Vase,corrupt,C,6,proc,s006,mid,ko,naked,-2655321.7145044,-2.6553217145044,-2655321.7145044,0,0,0,0,0,0,0,0,0
compact_fridge,Compact Fridge,base,B,12,not modeled,s006,mid,ko,naked,-2655321.7145044,-2.6553217145044,-2655321.7145044,0,0,0,0,0,0,0,0,0
compact_fridge,Compact Fridge,corrupt,B,6,not modeled,s006,mid,ko,naked,-2655321.7145044,-2.6553217145044,-2655321.7145044,0,0,0,0,0,0,0,0,0
wall_clock,Wall Clock,base,B,12,proc,s006,mid,ko,naked,-2655321.7145044,-2.6553217145044,-2655321.7145044,0,0,0,0,0,0,0,0,0
wall_clock,Wall Clock,corrupt,B,7,partial,s006,mid,ko,naked,-2655321.7145044,-2.6553217145044,-2655321.7145044,0,0,0,0,0,0,0,0,0
house_cat,House Cat,base,B,8,proc,s006,mid,ko,naked,-2655321.7145044,-2.6553217145044,-2655321.7145044,0,0,0,0,0,0,0,0,0
house_cat,House Cat,corrupt,B,4,proc,s006,mid,ko,naked,-2655321.7145044,-2.6553217145044,-2655321.7145044,0,0,0,0,0,0,0,0,0
candle,Candle,base,B,7,proc,s006,mid,ko,naked,-2655321.7145044,-2.6553217145044,-2655321.7145044,0,0,0,0,0,0,0,0,0
dusty_console,Dusty Console,base,B,5,modeled,s006,mid,ko,naked,-2655321.7145044,-2.6553217145044,-2655321.7145044,0,0,0,0,0,0,0,0,0
handheld,Handheld,base,B,5,modeled,s006,mid,ko,naked,-2655321.7145044,-2.6553217145044,-2655321.7145044,0,0,0,0,0,0,0,0,0
red_rug,Red Rug,base,B,8,modeled,s006,mid,ko,naked,-2655321.7145044,-2.6553217145044,-2655321.7145044,0,0,0,0,0,0,0,0,0
dish_soap,Dish Soap,base,B,12,proc,s006,mid,ko,naked,-2655321.7145044,-2.6553217145044,-2655321.7145044,0,0,0,0,0,0,0,0,0
rolled_vouchers,Rolled Vouchers,base,C,9,proc,s006,mid,ko,naked,-2655321.7145044,-2.6553217145044,-2655321.7145044,0,0,0,0,0,0,0,0,0
rolled_vouchers,Rolled Vouchers,corrupt,C,5,proc,s006,mid,ko,naked,-2655321.7145044,-2.6553217145044,-2655321.7145044,0,0,0,0,0,0,0,0,0
second_monitor,Second Monitor,base,C,10,modeled,s006,mid,ko,naked,-2655321.7145044,-2.6553217145044,-2655321.7145044,0,0,0,0,0,0,0,0,0
second_monitor,Second Monitor,corrupt,C,6,modeled,s006,mid,ko,naked,-2655321.7145044,-2.6553217145044,-2655321.7145044,0,0,0,0,0,0,0,0,0
laptop_terminal,Laptop Terminal,base,D,12,not modeled,s006,mid,ko,naked,-2655321.7145044,-2.6553217145044,-2655321.7145044,0,0,0,0,0,0,0,0,0
laptop_terminal,Laptop Terminal,corrupt,D,6,not modeled,s006,mid,ko,naked,-2655321.7145044,-2.6553217145044,-2655321.7145044,0,0,0,0,0,0,0,0,0
gaming_keyboard,Gaming Keyboard,base,D,12,not modeled,s006,mid,ko,naked,-2655321.7145044,-2.6553217145044,-2655321.7145044,0,0,0,0,0,0,0,0,0
gaming_keyboard,Gaming Keyboard,corrupt,D,6,not modeled,s006,mid,ko,naked,-2655321.7145044,-2.6553217145044,-2655321.7145044,0,0,0,0,0,0,0,0,0
box_of_mice,Box of Mice,base,D,13,not modeled,s006,mid,ko,naked,-2655321.7145044,-2.6553217145044,-2655321.7145044,0,0,0,0,0,0,0,0,0
box_of_mice,Box of Mice,corrupt,D,7,not modeled,s006,mid,ko,naked,-2655321.7145044,-2.6553217145044,-2655321.7145044,0,0,0,0,0,0,0,0,0
wacom_tablet,Wacom Tablet,base,D,13,not modeled,s006,mid,ko,naked,-2655321.7145044,-2.6553217145044,-2655321.7145044,0,0,0,0,0,0,0,0,0
wacom_tablet,Wacom Tablet,corrupt,D,7,not modeled,s006,mid,ko,naked,-2655321.7145044,-2.6553217145044,-2655321.7145044,0,0,0,0,0,0,0,0,0
desk_lamp,Desk Lamp,base,D,10,not modeled,s006,mid,ko,naked,-2655321.7145044,-2.6553217145044,-2655321.7145044,0,0,0,0,0,0,0,0,0
desk_lamp,Desk Lamp,corrupt,D,6,not modeled,s006,mid,ko,naked,-2655321.7145044,-2.6553217145044,-2655321.7145044,0,0,0,0,0,0,0,0,0
telephone,Telephone,base,D,12,not modeled,s006,mid,ko,naked,-2655321.7145044,-2.6553217145044,-2655321.7145044,0,0,0,0,0,0,0,0,0
glass_partition,Glass Partition,base,D,12,not modeled,s006,mid,ko,naked,-2655321.7145044,-2.6553217145044,-2655321.7145044,0,0,0,0,0,0,0,0,0
electric_kettle,Electric Kettle,base,D,11,not modeled,s006,mid,ko,naked,-2655321.7145044,-2.6553217145044,-2655321.7145044,0,0,0,0,0,0,0,0,0
electric_kettle,Electric Kettle,corrupt,D,8,not modeled,s006,mid,ko,naked,-2655321.7145044,-2.6553217145044,-2655321.7145044,0,0,0,0,0,0,0,0,0
chrome_toaster,Chrome Toaster,base,D,14,not modeled,s006,mid,ko,naked,-2655321.7145044,-2.6553217145044,-2655321.7145044,0,0,0,0,0,0,0,0,0
chrome_toaster,Chrome Toaster,corrupt,D,8,not modeled,s006,mid,ko,naked,-2655321.7145044,-2.6553217145044,-2655321.7145044,0,0,0,0,0,0,0,0,0
first_aid_kit,First Aid Kit,base,D,16,proc,s006,mid,ko,naked,-2655321.7145044,-2.6553217145044,-2655321.7145044,0,0,0,0,0,0,0,0,0
first_aid_kit,First Aid Kit,corrupt,D,8,partial,s006,mid,ko,naked,-2655321.7145044,-2.6553217145044,-2655321.7145044,0,0,0,0,0,0,0,0,0
nightstand,Nightstand,base,D,13,proc,s006,mid,ko,naked,-2655321.7145044,-2.6553217145044,-2655321.7145044,0,0,0,0,0,0,0,0,0
nightstand,Nightstand,corrupt,D,8,proc,s006,mid,ko,naked,-2655321.7145044,-2.6553217145044,-2655321.7145044,0,0,0,0,0,0,0,0,0
receipt_printer,Receipt Printer,base,C,19,proc,s006,mid,ko,naked,-2655321.7145044,-2.6553217145044,-2655321.7145044,0,0,0,0,0,0,0,0,0
receipt_printer,Receipt Printer,corrupt,C,9,proc,s006,mid,ko,naked,-2655321.7145044,-2.6553217145044,-2655321.7145044,0,0,0,0,0,0,0,0,0
microwave_oven,Microwave Oven,base,D,18,proc,s006,mid,ko,naked,-2655321.7145044,-2.6553217145044,-2655321.7145044,0,0,0,0,0,0,0,0,0
microwave_oven,Microwave Oven,corrupt,D,10,partial,s006,mid,ko,naked,-2655321.7145044,-2.6553217145044,-2655321.7145044,0,0,0,0,0,0,0,0,0
framed_diploma,Framed Diploma,base,D,18,proc,s006,mid,ko,naked,-2655321.7145044,-2.6553217145044,-2655321.7145044,0,0,0,0,0,0,0,0,0
framed_diploma,Framed Diploma,corrupt,D,9,partial,s006,mid,ko,naked,-2655321.7145044,-2.6553217145044,-2655321.7145044,0,0,0,0,0,0,0,0,0
laminated_blueprint,Laminated Blueprint,base,D,19,not modeled,s006,mid,ko,naked,-2655321.7145044,-2.6553217145044,-2655321.7145044,0,0,0,0,0,0,0,0,0
laminated_blueprint,Laminated Blueprint,corrupt,D,10,not modeled,s006,mid,ko,naked,-2655321.7145044,-2.6553217145044,-2655321.7145044,0,0,0,0,0,0,0,0,0
console_television,Console Television,base,D,26,proc,s006,mid,ko,naked,-2655321.7145044,-2.6553217145044,-2655321.7145044,0,0,0,0,0,0,0,0,0
console_television,Console Television,corrupt,D,13,partial,s006,mid,ko,naked,-2655321.7145044,-2.6553217145044,-2655321.7145044,0,0,0,0,0,0,0,0,0
desk_speakers,Desk Speakers,base,C,10,modeled,s006,mid,ko,naked,-2655321.7145044,-2.6553217145044,-2240344.6644811,414977.05002329964,81191161.96108037,8119116.196108038,0.4149770500233001,81.19116196108047,8.119116196108047,0,0.05,0.15628127008359613
desk_speakers,Desk Speakers,corrupt,C,6,modeled,s006,mid,ko,naked,-2655321.7145044,-2.6553217145044,9294522.922177,11949844.6366814,2338013081.089839,389668846.8483065,11.9498446366814,2338.013081089839,389.6688468483065,0,0.3,4.500337782577042
curved_monitor,Curved Monitor,base,C,13,proc,s006,mid,ko,naked,-2655321.7145044,-2.6553217145044,-2655321.7145044,0,0,0,0,0,0,0,0,0
curved_monitor,Curved Monitor,corrupt,C,7,partial,s006,mid,ko,naked,-2655321.7145044,-2.6553217145044,-2655321.7145044,0,0,0,0,0,0,0,0,0
tower_upgrade,Tower Upgrade,base,C,14,proc,s006,mid,ko,naked,-2655321.7145044,-2.6553217145044,-2655321.7145044,0,0,0,0,0,0,0,0,0
tower_upgrade,Tower Upgrade,corrupt,C,5,partial,s006,mid,ko,naked,-2655321.7145044,-2.6553217145044,-2655321.7145044,0,0,0,0,0,0,0,0,0
copy_machine,Copy Machine,base,C,19,not modeled,s006,mid,ko,naked,-2655321.7145044,-2.6553217145044,-2655321.7145044,0,0,0,0,0,0,0,0,0
whiteboard,Whiteboard,base,D,17,not modeled,s006,mid,ko,naked,-2655321.7145044,-2.6553217145044,-2655321.7145044,0,0,0,0,0,0,0,0,0
high_roller_pass,High Roller Pass,base,D,19,not modeled,s006,mid,ko,naked,-2655321.7145044,-2.6553217145044,-2655321.7145044,0,0,0,0,0,0,0,0,0
high_roller_pass,High Roller Pass,corrupt,D,9,partial,s006,mid,ko,naked,-2655321.7145044,-2.6553217145044,-2655321.7145044,0,0,0,0,0,0,0,0,0
window,Window,base,D,20,proc,s006,mid,ko,naked,-2655321.7145044,-2.6553217145044,-2655321.7145044,0,0,0,0,0,0,0,0,0
window,Window,corrupt,D,10,partial,s006,mid,ko,naked,-2655321.7145044,-2.6553217145044,-2655321.7145044,0,0,0,0,0,0,0,0,0
bookshelf,Bookshelf,base,D,22,modeled,s006,mid,ko,naked,-2655321.7145044,-2.6553217145044,-2655321.7145044,0,0,0,0,0,0,0,0,0
bookshelf,Bookshelf,corrupt,D,11,modeled,s006,mid,ko,naked,-2655321.7145044,-2.6553217145044,-2655321.7145044,0,0,0,0,0,0,0,0,0
cereal_shelf,Cereal Shelf,base,D,24,not modeled,s006,mid,ko,naked,-2655321.7145044,-2.6553217145044,-2655321.7145044,0,0,0,0,0,0,0,0,0
cereal_shelf,Cereal Shelf,corrupt,D,12,not modeled,s006,mid,ko,naked,-2655321.7145044,-2.6553217145044,-2655321.7145044,0,0,0,0,0,0,0,0,0
fire_extinguisher,Fire Extinguisher,base,D,24,proc,s006,mid,ko,naked,-2655321.7145044,-2.6553217145044,-2655321.7145044,0,0,0,0,0,0,0,0,0
fire_extinguisher,Fire Extinguisher,corrupt,D,12,partial,s006,mid,ko,naked,-2655321.7145044,-2.6553217145044,-2655321.7145044,0,0,0,0,0,0,0,0,0
blackout_curtains,Blackout Curtains,base,D,24,proc,s006,mid,ko,naked,-2655321.7145044,-2.6553217145044,-2655321.7145044,0,0,0,0,0,0,0,0,0
blackout_curtains,Blackout Curtains,corrupt,D,12,partial,s006,mid,ko,naked,-2655321.7145044,-2.6553217145044,-2655321.7145044,0,0,0,0,0,0,0,0,0
tip_jar,Tip Jar,base,D,24,not modeled,s006,mid,ko,naked,-2655321.7145044,-2.6553217145044,-2655321.7145044,0,0,0,0,0,0,0,0,0
tip_jar,Tip Jar,corrupt,D,12,not modeled,s006,mid,ko,naked,-2655321.7145044,-2.6553217145044,-2655321.7145044,0,0,0,0,0,0,0,0,0
shredder,Shredder,base,D,18,proc,s006,mid,ko,naked,-2655321.7145044,-2.6553217145044,-2655321.7145044,0,0,0,0,0,0,0,0,0
shredder,Shredder,corrupt,D,9,partial,s006,mid,ko,naked,-2655321.7145044,-2.6553217145044,-2655321.7145044,0,0,0,0,0,0,0,0,0
cool_towel,Cool Towel,base,D,16,proc,s006,mid,ko,naked,-2655321.7145044,-2.6553217145044,-2655321.7145044,0,0,0,0,0,0,0,0,0
waste_basket,Waste Basket,base,D,18,proc,s006,mid,ko,naked,-2655321.7145044,-2.6553217145044,-2655321.7145044,0,0,0,0,0,0,0,0,0
waste_basket,Waste Basket,corrupt,D,9,proc,s006,mid,ko,naked,-2655321.7145044,-2.6553217145044,-2655321.7145044,0,0,0,0,0,0,0,0,0
cleaning_robot,Cleaning Robot,base,D,24,proc,s006,mid,ko,naked,-2655321.7145044,-2.6553217145044,-2655321.7145044,0,0,0,0,0,0,0,0,0
wall_hanger,Wall Hanger,base,A,2,modeled,s006,mid,ko,mid,483509.37516234,0.48350937516234,483509.37516234,0,0,0,0,0,0,0,0,0
wall_hanger,Wall Hanger,corrupt,A,2,modeled,s006,mid,ko,mid,483509.37516234,0.48350937516234,483509.37516234,0,0,0,0,0,0,0,0,0
mirror,Mirror,base,A,3,modeled,s006,mid,ko,mid,483509.37516234,0.48350937516234,483509.37516234,0,0,0,0,0,0,0,0,0
mirror,Mirror,corrupt,A,2,modeled,s006,mid,ko,mid,483509.37516234,0.48350937516234,483509.37516234,0,0,0,0,0,0,0,0,0
fight_night_poster,Fight Night Poster,base,A,4,not modeled,s006,mid,ko,mid,483509.37516234,0.48350937516234,483509.37516234,0,0,0,0,0,0,0,0,0
fight_night_poster,Fight Night Poster,corrupt,A,3,not modeled,s006,mid,ko,mid,483509.37516234,0.48350937516234,483509.37516234,0,0,0,0,0,0,0,0,0
energy_drink,Energy Drink,base,A,3,proc,s006,mid,ko,mid,483509.37516234,0.48350937516234,483509.37516234,0,0,0,0,0,0,0,0,0
energy_drink,Energy Drink,corrupt,A,2,proc,s006,mid,ko,mid,483509.37516234,0.48350937516234,483509.37516234,0,0,0,0,0,0,0,0,0
corkboard,Corkboard,base,A,4,modeled,s006,mid,ko,mid,483509.37516234,0.48350937516234,2809907.1691509,2326397.7939885603,455164785.7803706,113791196.44509265,2.32639779398856,455.16478578037055,113.79119644509264,1.0499999999999998,0.05000000000000002,4.811484354791392
corkboard,Corkboard,corrupt,A,2,modeled,s006,mid,ko,mid,483509.37516234,0.48350937516234,12883287.405701,12399778.03053866,2426043527.7140856,1213021763.8570428,12.39977803053866,2426.043527714086,1213.021763857043,4.2,0.19999999999999998,25.64537249432938
stack_of_books,Stack of Books,base,A,4,modeled,s006,mid,ko,mid,483509.37516234,0.48350937516234,483509.37516234,0,0,0,0,0,0,0,0,0
stack_of_books,Stack of Books,corrupt,A,3,modeled,s006,mid,ko,mid,483509.37516234,0.48350937516234,483509.37516234,0,0,0,0,0,0,0,0,0
throw_pillow,Throw Pillow,base,A,4,modeled,s006,mid,ko,mid,483509.37516234,0.48350937516234,483509.37516234,0,0,0,0,0,0,0,0,0
throw_pillow,Throw Pillow,corrupt,A,2,modeled,s006,mid,ko,mid,483509.37516234,0.48350937516234,483509.37516234,0,0,0,0,0,0,0,0,0
starter_gift_box,Starter Gift Box,base,A,4,not modeled,s006,mid,ko,mid,483509.37516234,0.48350937516234,483509.37516234,0,0,0,0,0,0,0,0,0
starter_gift_box,Starter Gift Box,corrupt,A,3,not modeled,s006,mid,ko,mid,483509.37516234,0.48350937516234,483509.37516234,0,0,0,0,0,0,0,0,0
lava_lamp,Lava Lamp,base,A,5,modeled,s006,mid,ko,mid,483509.37516234,0.48350937516234,483509.37516234,0,0,0,0,0,0,0,0,0
lava_lamp,Lava Lamp,corrupt,A,3,modeled,s006,mid,ko,mid,483509.37516234,0.48350937516234,483509.37516234,0,0,0,0,0,0,0,0,0
comfort_bed,Comfort Bed,base,A,4,modeled,s006,mid,ko,mid,483509.37516234,0.48350937516234,483509.37516234,0,0,0,0,0,0,0,0,0
comfort_bed,Comfort Bed,corrupt,A,2,not modeled,s006,mid,ko,mid,483509.37516234,0.48350937516234,483509.37516234,0,0,0,0,0,0,0,0,0
yellow_sticky_note,Yellow Sticky Note,base,A,5,modeled,s006,mid,ko,mid,483509.37516234,0.48350937516234,483509.37516234,0,0,0,0,0,0,0,0,0
yellow_sticky_note,Yellow Sticky Note,corrupt,A,4,modeled,s006,mid,ko,mid,483509.37516234,0.48350937516234,483509.37516234,0,0,0,0,0,0,0,0,0
rubber_duck,Rubber Duck,base,A,5,not modeled,s006,mid,ko,mid,483509.37516234,0.48350937516234,483509.37516234,0,0,0,0,0,0,0,0,0
rubber_duck,Rubber Duck,corrupt,A,2,modeled,s006,mid,ko,mid,483509.37516234,0.48350937516234,483509.37516234,0,0,0,0,0,0,0,0,0
stash_box,Stash Box,base,B,6,not modeled,s006,mid,ko,mid,483509.37516234,0.48350937516234,483509.37516234,0,0,0,0,0,0,0,0,0
stash_box,Stash Box,corrupt,B,3,not modeled,s006,mid,ko,mid,483509.37516234,0.48350937516234,483509.37516234,0,0,0,0,0,0,0,0,0
dogs_playing_poker,Dogs Playing Poker,base,B,6,proc,s006,mid,ko,mid,483509.37516234,0.48350937516234,483509.37516234,0,0,0,0,0,0,0,0,0
dogs_playing_poker,Dogs Playing Poker,corrupt,B,3,proc,s006,mid,ko,mid,483509.37516234,0.48350937516234,483509.37516234,0,0,0,0,0,0,0,0,0
calculator,Calculator,base,B,7,modeled,s006,mid,ko,mid,483509.37516234,0.48350937516234,3007533.647124,2524024.27196166,493830835.81858575,70547262.25979796,2.52402427196166,493.83083581858574,70.54726225979796,2.7084345996094,0.053746875,5.2202178522685525
calculator,Calculator,corrupt,B,4,modeled,s006,mid,ko,mid,483509.37516234,0.48350937516234,28771747.267934,28288237.892771658,5534655239.890107,1383663809.9725268,28.28823789277166,5534.655239890108,1383.663809972527,28.427318181818,0.378,58.50607939768237
ring_binder,Ring Binder,base,B,7,not modeled,s006,mid,ko,mid,483509.37516234,0.48350937516234,483509.37516234,0,0,0,0,0,0,0,0,0
ring_binder,Ring Binder,corrupt,B,4,not modeled,s006,mid,ko,mid,483509.37516234,0.48350937516234,483509.37516234,0,0,0,0,0,0,0,0,0
space_heater,Space Heater,base,B,8,modeled,s006,mid,ko,mid,483509.37516234,0.48350937516234,483509.37516234,0,0,0,0,0,0,0,0,0
space_heater,Space Heater,corrupt,B,8,modeled,s006,mid,ko,mid,483509.37516234,0.48350937516234,483509.37516234,0,0,0,0,0,0,0,0,0
pencil_holder,Pencil Holder,base,B,8,not modeled,s006,mid,ko,mid,483509.37516234,0.48350937516234,483509.37516234,0,0,0,0,0,0,0,0,0
pencil_holder,Pencil Holder,corrupt,B,4,not modeled,s006,mid,ko,mid,483509.37516234,0.48350937516234,483509.37516234,0,0,0,0,0,0,0,0,0
bonsai,Bonsai,base,B,10,not modeled,s006,mid,ko,mid,483509.37516234,0.48350937516234,483509.37516234,0,0,0,0,0,0,0,0,0
bonsai,Bonsai,corrupt,B,5,not modeled,s006,mid,ko,mid,483509.37516234,0.48350937516234,483509.37516234,0,0,0,0,0,0,0,0,0
desk_plant,Desk Plant,base,B,8,modeled,s006,mid,ko,mid,483509.37516234,0.48350937516234,483509.37516234,0,0,0,0,0,0,0,0,0
desk_plant,Desk Plant,corrupt,B,5,modeled,s006,mid,ko,mid,483509.37516234,0.48350937516234,483509.37516234,0,0,0,0,0,0,0,0,0
desk,Desk,base,B,9,not modeled,s006,mid,ko,mid,483509.37516234,0.48350937516234,483509.37516234,0,0,0,0,0,0,0,0,0
desk,Desk,corrupt,B,5,not modeled,s006,mid,ko,mid,483509.37516234,0.48350937516234,483509.37516234,0,0,0,0,0,0,0,0,0
rebuy_sticky_note,Rebuy Sticky Note,base,B,10,not modeled,s006,mid,ko,mid,483509.37516234,0.48350937516234,483509.37516234,0,0,0,0,0,0,0,0,0
rebuy_sticky_note,Rebuy Sticky Note,corrupt,B,5,not modeled,s006,mid,ko,mid,483509.37516234,0.48350937516234,483509.37516234,0,0,0,0,0,0,0,0,0
gaming_chair,Gaming Chair,base,B,10,proc,s006,mid,ko,mid,483509.37516234,0.48350937516234,483509.37516234,0,0,0,0,0,0,0,0,0
gaming_chair,Gaming Chair,corrupt,B,5,partial,s006,mid,ko,mid,483509.37516234,0.48350937516234,483509.37516234,0,0,0,0,0,0,0,0,0
headset,Headset,base,B,6,modeled,s006,mid,ko,mid,483509.37516234,0.48350937516234,483509.37516234,0,0,0,0,0,0,0,0,0
headset,Headset,corrupt,B,5,modeled,s006,mid,ko,mid,483509.37516234,0.48350937516234,483509.37516234,0,0,0,0,0,0,0,0,0
prize_vase,Prize Vase,base,C,12,proc,s006,mid,ko,mid,483509.37516234,0.48350937516234,483509.37516234,0,0,0,0,0,0,0,0,0
prize_vase,Prize Vase,corrupt,C,6,proc,s006,mid,ko,mid,483509.37516234,0.48350937516234,483509.37516234,0,0,0,0,0,0,0,0,0
compact_fridge,Compact Fridge,base,B,12,not modeled,s006,mid,ko,mid,483509.37516234,0.48350937516234,483509.37516234,0,0,0,0,0,0,0,0,0
compact_fridge,Compact Fridge,corrupt,B,6,not modeled,s006,mid,ko,mid,483509.37516234,0.48350937516234,483509.37516234,0,0,0,0,0,0,0,0,0
wall_clock,Wall Clock,base,B,12,proc,s006,mid,ko,mid,483509.37516234,0.48350937516234,483509.37516234,0,0,0,0,0,0,0,0,0
wall_clock,Wall Clock,corrupt,B,7,partial,s006,mid,ko,mid,483509.37516234,0.48350937516234,483509.37516234,0,0,0,0,0,0,0,0,0
house_cat,House Cat,base,B,8,proc,s006,mid,ko,mid,483509.37516234,0.48350937516234,483509.37516234,0,0,0,0,0,0,0,0,0
house_cat,House Cat,corrupt,B,4,proc,s006,mid,ko,mid,483509.37516234,0.48350937516234,483509.37516234,0,0,0,0,0,0,0,0,0
candle,Candle,base,B,7,proc,s006,mid,ko,mid,483509.37516234,0.48350937516234,483509.37516234,0,0,0,0,0,0,0,0,0
dusty_console,Dusty Console,base,B,5,modeled,s006,mid,ko,mid,483509.37516234,0.48350937516234,483509.37516234,0,0,0,0,0,0,0,0,0
handheld,Handheld,base,B,5,modeled,s006,mid,ko,mid,483509.37516234,0.48350937516234,483509.37516234,0,0,0,0,0,0,0,0,0
red_rug,Red Rug,base,B,8,modeled,s006,mid,ko,mid,483509.37516234,0.48350937516234,483509.37516234,0,0,0,0,0,0,0,0,0
dish_soap,Dish Soap,base,B,12,proc,s006,mid,ko,mid,483509.37516234,0.48350937516234,483509.37516234,0,0,0,0,0,0,0,0,0
rolled_vouchers,Rolled Vouchers,base,C,9,proc,s006,mid,ko,mid,483509.37516234,0.48350937516234,483509.37516234,0,0,0,0,0,0,0,0,0
rolled_vouchers,Rolled Vouchers,corrupt,C,5,proc,s006,mid,ko,mid,483509.37516234,0.48350937516234,483509.37516234,0,0,0,0,0,0,0,0,0
second_monitor,Second Monitor,base,C,10,modeled,s006,mid,ko,mid,483509.37516234,0.48350937516234,483509.37516234,0,0,0,0,0,0,0,0,0
second_monitor,Second Monitor,corrupt,C,6,modeled,s006,mid,ko,mid,483509.37516234,0.48350937516234,483509.37516234,0,0,0,0,0,0,0,0,0
laptop_terminal,Laptop Terminal,base,D,12,not modeled,s006,mid,ko,mid,483509.37516234,0.48350937516234,483509.37516234,0,0,0,0,0,0,0,0,0
laptop_terminal,Laptop Terminal,corrupt,D,6,not modeled,s006,mid,ko,mid,483509.37516234,0.48350937516234,483509.37516234,0,0,0,0,0,0,0,0,0
gaming_keyboard,Gaming Keyboard,base,D,12,not modeled,s006,mid,ko,mid,483509.37516234,0.48350937516234,483509.37516234,0,0,0,0,0,0,0,0,0
gaming_keyboard,Gaming Keyboard,corrupt,D,6,not modeled,s006,mid,ko,mid,483509.37516234,0.48350937516234,483509.37516234,0,0,0,0,0,0,0,0,0
box_of_mice,Box of Mice,base,D,13,not modeled,s006,mid,ko,mid,483509.37516234,0.48350937516234,483509.37516234,0,0,0,0,0,0,0,0,0
box_of_mice,Box of Mice,corrupt,D,7,not modeled,s006,mid,ko,mid,483509.37516234,0.48350937516234,483509.37516234,0,0,0,0,0,0,0,0,0
wacom_tablet,Wacom Tablet,base,D,13,not modeled,s006,mid,ko,mid,483509.37516234,0.48350937516234,483509.37516234,0,0,0,0,0,0,0,0,0
wacom_tablet,Wacom Tablet,corrupt,D,7,not modeled,s006,mid,ko,mid,483509.37516234,0.48350937516234,483509.37516234,0,0,0,0,0,0,0,0,0
desk_lamp,Desk Lamp,base,D,10,not modeled,s006,mid,ko,mid,483509.37516234,0.48350937516234,483509.37516234,0,0,0,0,0,0,0,0,0
desk_lamp,Desk Lamp,corrupt,D,6,not modeled,s006,mid,ko,mid,483509.37516234,0.48350937516234,483509.37516234,0,0,0,0,0,0,0,0,0
telephone,Telephone,base,D,12,not modeled,s006,mid,ko,mid,483509.37516234,0.48350937516234,483509.37516234,0,0,0,0,0,0,0,0,0
glass_partition,Glass Partition,base,D,12,not modeled,s006,mid,ko,mid,483509.37516234,0.48350937516234,483509.37516234,0,0,0,0,0,0,0,0,0
electric_kettle,Electric Kettle,base,D,11,not modeled,s006,mid,ko,mid,483509.37516234,0.48350937516234,483509.37516234,0,0,0,0,0,0,0,0,0
electric_kettle,Electric Kettle,corrupt,D,8,not modeled,s006,mid,ko,mid,483509.37516234,0.48350937516234,483509.37516234,0,0,0,0,0,0,0,0,0
chrome_toaster,Chrome Toaster,base,D,14,not modeled,s006,mid,ko,mid,483509.37516234,0.48350937516234,483509.37516234,0,0,0,0,0,0,0.14591999999999983,0,0
chrome_toaster,Chrome Toaster,corrupt,D,8,not modeled,s006,mid,ko,mid,483509.37516234,0.48350937516234,483509.37516234,0,0,0,0,0,0,0.6383999999999999,0,0
first_aid_kit,First Aid Kit,base,D,16,proc,s006,mid,ko,mid,483509.37516234,0.48350937516234,483509.37516234,0,0,0,0,0,0,0,0,0
first_aid_kit,First Aid Kit,corrupt,D,8,partial,s006,mid,ko,mid,483509.37516234,0.48350937516234,483509.37516234,0,0,0,0,0,0,0,0,0
nightstand,Nightstand,base,D,13,proc,s006,mid,ko,mid,483509.37516234,0.48350937516234,483509.37516234,0,0,0,0,0,0,0,0,0
nightstand,Nightstand,corrupt,D,8,proc,s006,mid,ko,mid,483509.37516234,0.48350937516234,483509.37516234,0,0,0,0,0,0,0,0,0
receipt_printer,Receipt Printer,base,C,19,proc,s006,mid,ko,mid,483509.37516234,0.48350937516234,483509.37516234,0,0,0,0,0,0,0,0,0
receipt_printer,Receipt Printer,corrupt,C,9,proc,s006,mid,ko,mid,483509.37516234,0.48350937516234,483509.37516234,0,0,0,0,0,0,0,0,0
microwave_oven,Microwave Oven,base,D,18,proc,s006,mid,ko,mid,483509.37516234,0.48350937516234,483509.37516234,0,0,0,0,0,0,0,0,0
microwave_oven,Microwave Oven,corrupt,D,10,partial,s006,mid,ko,mid,483509.37516234,0.48350937516234,483509.37516234,0,0,0,0,0,0,0,0,0
framed_diploma,Framed Diploma,base,D,18,proc,s006,mid,ko,mid,483509.37516234,0.48350937516234,483509.37516234,0,0,0,0,0,0,0,0,0
framed_diploma,Framed Diploma,corrupt,D,9,partial,s006,mid,ko,mid,483509.37516234,0.48350937516234,483509.37516234,0,0,0,0,0,0,0,0,0
laminated_blueprint,Laminated Blueprint,base,D,19,not modeled,s006,mid,ko,mid,483509.37516234,0.48350937516234,483509.37516234,0,0,0,0,0,0,0,0,0
laminated_blueprint,Laminated Blueprint,corrupt,D,10,not modeled,s006,mid,ko,mid,483509.37516234,0.48350937516234,483509.37516234,0,0,0,0,0,0,0,0,0
console_television,Console Television,base,D,26,proc,s006,mid,ko,mid,483509.37516234,0.48350937516234,483509.37516234,0,0,0,0,0,0,0,0,0
console_television,Console Television,corrupt,D,13,partial,s006,mid,ko,mid,483509.37516234,0.48350937516234,483509.37516234,0,0,0,0,0,0,0,0,0
desk_speakers,Desk Speakers,base,C,10,modeled,s006,mid,ko,mid,483509.37516234,0.48350937516234,2809907.1691509,2326397.7939885603,455164785.7803706,45516478.57803706,2.32639779398856,455.16478578037055,45.51647857803705,1.0499999999999998,0.05000000000000002,4.811484354791392
desk_speakers,Desk Speakers,corrupt,C,6,modeled,s006,mid,ko,mid,483509.37516234,0.48350937516234,21472484.914758,20988975.53959566,4106538692.529586,684423115.4215976,20.98897553959566,4106.538692529586,684.4231154215977,6.300000000000001,0.30000000000000004,43.40965577461355
curved_monitor,Curved Monitor,base,C,13,proc,s006,mid,ko,mid,483509.37516234,0.48350937516234,483509.37516234,0,0,0,0,0,0,0,0,0
curved_monitor,Curved Monitor,corrupt,C,7,partial,s006,mid,ko,mid,483509.37516234,0.48350937516234,483509.37516234,0,0,0,0,0,0,0,0,0
tower_upgrade,Tower Upgrade,base,C,14,proc,s006,mid,ko,mid,483509.37516234,0.48350937516234,483509.37516234,0,0,0,0,0,0,0,0,0
tower_upgrade,Tower Upgrade,corrupt,C,5,partial,s006,mid,ko,mid,483509.37516234,0.48350937516234,483509.37516234,0,0,0,0,0,0,0,0,0
copy_machine,Copy Machine,base,C,19,not modeled,s006,mid,ko,mid,483509.37516234,0.48350937516234,483509.37516234,0,0,0,0,0,0,0,0,0
whiteboard,Whiteboard,base,D,17,not modeled,s006,mid,ko,mid,483509.37516234,0.48350937516234,483509.37516234,0,0,0,0,0,0,0,0,0
high_roller_pass,High Roller Pass,base,D,19,not modeled,s006,mid,ko,mid,483509.37516234,0.48350937516234,483509.37516234,0,0,0,0,0,0,0,0,0
high_roller_pass,High Roller Pass,corrupt,D,9,partial,s006,mid,ko,mid,483509.37516234,0.48350937516234,483509.37516234,0,0,0,0,0,0,0,0,0
window,Window,base,D,20,proc,s006,mid,ko,mid,483509.37516234,0.48350937516234,483509.37516234,0,0,0,0,0,0,0,0,0
window,Window,corrupt,D,10,partial,s006,mid,ko,mid,483509.37516234,0.48350937516234,483509.37516234,0,0,0,0,0,0,0,0,0
bookshelf,Bookshelf,base,D,22,modeled,s006,mid,ko,mid,483509.37516234,0.48350937516234,483509.37516234,0,0,0,0,0,0,0,0,0
bookshelf,Bookshelf,corrupt,D,11,modeled,s006,mid,ko,mid,483509.37516234,0.48350937516234,483509.37516234,0,0,0,0,0,0,0,0,0
cereal_shelf,Cereal Shelf,base,D,24,not modeled,s006,mid,ko,mid,483509.37516234,0.48350937516234,483509.37516234,0,0,0,0,0,0,0,0,0
cereal_shelf,Cereal Shelf,corrupt,D,12,not modeled,s006,mid,ko,mid,483509.37516234,0.48350937516234,483509.37516234,0,0,0,0,0,0,0,0,0
fire_extinguisher,Fire Extinguisher,base,D,24,proc,s006,mid,ko,mid,483509.37516234,0.48350937516234,483509.37516234,0,0,0,0,0,0,0,0,0
fire_extinguisher,Fire Extinguisher,corrupt,D,12,partial,s006,mid,ko,mid,483509.37516234,0.48350937516234,483509.37516234,0,0,0,0,0,0,0,0,0
blackout_curtains,Blackout Curtains,base,D,24,proc,s006,mid,ko,mid,483509.37516234,0.48350937516234,483509.37516234,0,0,0,0,0,0,0,0,0
blackout_curtains,Blackout Curtains,corrupt,D,12,partial,s006,mid,ko,mid,483509.37516234,0.48350937516234,483509.37516234,0,0,0,0,0,0,0,0,0
tip_jar,Tip Jar,base,D,24,not modeled,s006,mid,ko,mid,483509.37516234,0.48350937516234,483509.37516234,0,0,0,0,0,0,0,0,0
tip_jar,Tip Jar,corrupt,D,12,not modeled,s006,mid,ko,mid,483509.37516234,0.48350937516234,483509.37516234,0,0,0,0,0,0,0,0,0
shredder,Shredder,base,D,18,proc,s006,mid,ko,mid,483509.37516234,0.48350937516234,483509.37516234,0,0,0,0,0,0,0,0,0
shredder,Shredder,corrupt,D,9,partial,s006,mid,ko,mid,483509.37516234,0.48350937516234,483509.37516234,0,0,0,0,0,0,0,0,0
cool_towel,Cool Towel,base,D,16,proc,s006,mid,ko,mid,483509.37516234,0.48350937516234,483509.37516234,0,0,0,0,0,0,0,0,0
waste_basket,Waste Basket,base,D,18,proc,s006,mid,ko,mid,483509.37516234,0.48350937516234,483509.37516234,0,0,0,0,0,0,0,0,0
waste_basket,Waste Basket,corrupt,D,9,proc,s006,mid,ko,mid,483509.37516234,0.48350937516234,483509.37516234,0,0,0,0,0,0,0,0,0
cleaning_robot,Cleaning Robot,base,D,24,proc,s006,mid,ko,mid,483509.37516234,0.48350937516234,483509.37516234,0,0,0,0,0,0,0,0,0
wall_hanger,Wall Hanger,base,A,2,modeled,s006,mid,ko,capped,5570596.5992092,5.5705965992092,5570596.5992092,0,0,0,0,0,0,0,0,0
wall_hanger,Wall Hanger,corrupt,A,2,modeled,s006,mid,ko,capped,5570596.5992092,5.5705965992092,5570596.5992092,0,0,0,0,0,0,0,0,0
mirror,Mirror,base,A,3,modeled,s006,mid,ko,capped,5570596.5992092,5.5705965992092,5570596.5992092,0,0,0,0,0,0,0,0,0
mirror,Mirror,corrupt,A,2,modeled,s006,mid,ko,capped,5570596.5992092,5.5705965992092,5570596.5992092,0,0,0,0,0,0,0,0,0
fight_night_poster,Fight Night Poster,base,A,4,not modeled,s006,mid,ko,capped,5570596.5992092,5.5705965992092,5570596.5992092,0,0,0,0,0,0,0,0,0
fight_night_poster,Fight Night Poster,corrupt,A,3,not modeled,s006,mid,ko,capped,5570596.5992092,5.5705965992092,5570596.5992092,0,0,0,0,0,0,0,0,0
energy_drink,Energy Drink,base,A,3,proc,s006,mid,ko,capped,5570596.5992092,5.5705965992092,5570596.5992092,0,0,0,0,0,0,0,0,0
energy_drink,Energy Drink,corrupt,A,2,proc,s006,mid,ko,capped,5570596.5992092,5.5705965992092,5570596.5992092,0,0,0,0,0,0,0,0,0
corkboard,Corkboard,base,A,4,modeled,s006,mid,ko,capped,5570596.5992092,5.5705965992092,8933519.9056164,3362923.306407201,657963255.601409,164490813.90035224,3.3629233064072004,657.963255601409,164.49081390035224,1.75,0.04999999999999999,0.6036917673924909
corkboard,Corkboard,corrupt,A,2,modeled,s006,mid,ko,capped,5570596.5992092,5.5705965992092,21290773.6202,15720177.0209908,3075686808.4547224,1537843404.2273612,15.7201770209908,3075.6868084547223,1537.8434042273611,7,0.2,2.8219916378835315
stack_of_books,Stack of Books,base,A,4,modeled,s006,mid,ko,capped,5570596.5992092,5.5705965992092,5570596.5992092,0,0,0,0,0,0,0,0,0
stack_of_books,Stack of Books,corrupt,A,3,modeled,s006,mid,ko,capped,5570596.5992092,5.5705965992092,5570596.5992092,0,0,0,0,0,0,0,0,0
throw_pillow,Throw Pillow,base,A,4,modeled,s006,mid,ko,capped,5570596.5992092,5.5705965992092,5570596.5992092,0,0,0,0,0,0,0,0,0
throw_pillow,Throw Pillow,corrupt,A,2,modeled,s006,mid,ko,capped,5570596.5992092,5.5705965992092,5570596.5992092,0,0,0,0,0,0,0,0,0
starter_gift_box,Starter Gift Box,base,A,4,not modeled,s006,mid,ko,capped,5570596.5992092,5.5705965992092,5570596.5992092,0,0,0,0,0,0,0,0,0
starter_gift_box,Starter Gift Box,corrupt,A,3,not modeled,s006,mid,ko,capped,5570596.5992092,5.5705965992092,5570596.5992092,0,0,0,0,0,0,0,0,0
lava_lamp,Lava Lamp,base,A,5,modeled,s006,mid,ko,capped,5570596.5992092,5.5705965992092,5570596.5992092,0,0,0,0,0,0,0,0,0
lava_lamp,Lava Lamp,corrupt,A,3,modeled,s006,mid,ko,capped,5570596.5992092,5.5705965992092,5570596.5992092,0,0,0,0,0,0,0,0,0
comfort_bed,Comfort Bed,base,A,4,modeled,s006,mid,ko,capped,5570596.5992092,5.5705965992092,5570596.5992092,0,0,0,0,0,0,0,0,0
comfort_bed,Comfort Bed,corrupt,A,2,not modeled,s006,mid,ko,capped,5570596.5992092,5.5705965992092,5570596.5992092,0,0,0,0,0,0,0,0,0
yellow_sticky_note,Yellow Sticky Note,base,A,5,modeled,s006,mid,ko,capped,5570596.5992092,5.5705965992092,5570596.5992092,0,0,0,0,0,0,0,0,0
yellow_sticky_note,Yellow Sticky Note,corrupt,A,4,modeled,s006,mid,ko,capped,5570596.5992092,5.5705965992092,5570596.5992092,0,0,0,0,0,0,0,0,0
rubber_duck,Rubber Duck,base,A,5,not modeled,s006,mid,ko,capped,5570596.5992092,5.5705965992092,5570596.5992092,0,0,0,0,0,0,0,0,0
rubber_duck,Rubber Duck,corrupt,A,2,modeled,s006,mid,ko,capped,5570596.5992092,5.5705965992092,5570596.5992092,0,0,0,0,0,0,0,0,0
stash_box,Stash Box,base,B,6,not modeled,s006,mid,ko,capped,5570596.5992092,5.5705965992092,5570596.5992092,0,0,0,0,0,0,0,0,0
stash_box,Stash Box,corrupt,B,3,not modeled,s006,mid,ko,capped,5570596.5992092,5.5705965992092,5570596.5992092,0,0,0,0,0,0,0,0,0
dogs_playing_poker,Dogs Playing Poker,base,B,6,proc,s006,mid,ko,capped,5570596.5992092,5.5705965992092,5570596.5992092,0,0,0,0,0,0,0,0,0
dogs_playing_poker,Dogs Playing Poker,corrupt,B,3,proc,s006,mid,ko,capped,5570596.5992092,5.5705965992092,5570596.5992092,0,0,0,0,0,0,0,0,0
calculator,Calculator,base,B,7,modeled,s006,mid,ko,capped,5570596.5992092,5.5705965992092,7997737.9075151,2427141.3083059005,474875473.36419797,67839353.33774257,2.4271413083059006,474.8754733641981,67.8393533377426,2.7916875,0.036750000000000005,0.4357058108731939
calculator,Calculator,corrupt,B,4,modeled,s006,mid,ko,capped,5570596.5992092,5.5705965992092,37250459.072241,31679862.4730318,6198233962.114918,1549558490.5287294,31.6798624730318,6198.2339621149185,1549.5584905287296,29.84375,0.36750000000000005,5.68697838890884
ring_binder,Ring Binder,base,B,7,not modeled,s006,mid,ko,capped,5570596.5992092,5.5705965992092,5570596.5992092,0,0,0,0,0,0,0,0,0
ring_binder,Ring Binder,corrupt,B,4,not modeled,s006,mid,ko,capped,5570596.5992092,5.5705965992092,5570596.5992092,0,0,0,0,0,0,0,0,0
space_heater,Space Heater,base,B,8,modeled,s006,mid,ko,capped,5570596.5992092,5.5705965992092,5570596.5992092,0,0,0,0,0,0,0,0,0
space_heater,Space Heater,corrupt,B,8,modeled,s006,mid,ko,capped,5570596.5992092,5.5705965992092,5570596.5992092,0,0,0,0,0,0,0,0,0
pencil_holder,Pencil Holder,base,B,8,not modeled,s006,mid,ko,capped,5570596.5992092,5.5705965992092,5570596.5992092,0,0,0,0,0,0,0,0,0
pencil_holder,Pencil Holder,corrupt,B,4,not modeled,s006,mid,ko,capped,5570596.5992092,5.5705965992092,5570596.5992092,0,0,0,0,0,0,0,0,0
bonsai,Bonsai,base,B,10,not modeled,s006,mid,ko,capped,5570596.5992092,5.5705965992092,5570596.5992092,0,0,0,0,0,0,0,0,0
bonsai,Bonsai,corrupt,B,5,not modeled,s006,mid,ko,capped,5570596.5992092,5.5705965992092,5570596.5992092,0,0,0,0,0,0,0,0,0
desk_plant,Desk Plant,base,B,8,modeled,s006,mid,ko,capped,5570596.5992092,5.5705965992092,5570596.5992092,0,0,0,0,0,0,0,0,0
desk_plant,Desk Plant,corrupt,B,5,modeled,s006,mid,ko,capped,5570596.5992092,5.5705965992092,5570596.5992092,0,0,0,0,0,0,0,0,0
desk,Desk,base,B,9,not modeled,s006,mid,ko,capped,5570596.5992092,5.5705965992092,5570596.5992092,0,0,0,0,0,0,0,0,0
desk,Desk,corrupt,B,5,not modeled,s006,mid,ko,capped,5570596.5992092,5.5705965992092,5570596.5992092,0,0,0,0,0,0,0,0,0
rebuy_sticky_note,Rebuy Sticky Note,base,B,10,not modeled,s006,mid,ko,capped,5570596.5992092,5.5705965992092,5570596.5992092,0,0,0,0,0,0,0,0,0
rebuy_sticky_note,Rebuy Sticky Note,corrupt,B,5,not modeled,s006,mid,ko,capped,5570596.5992092,5.5705965992092,5570596.5992092,0,0,0,0,0,0,0,0,0
gaming_chair,Gaming Chair,base,B,10,proc,s006,mid,ko,capped,5570596.5992092,5.5705965992092,5570596.5992092,0,0,0,0,0,0,0,0,0
gaming_chair,Gaming Chair,corrupt,B,5,partial,s006,mid,ko,capped,5570596.5992092,5.5705965992092,5570596.5992092,0,0,0,0,0,0,0,0,0
headset,Headset,base,B,6,modeled,s006,mid,ko,capped,5570596.5992092,5.5705965992092,5570596.5992092,0,0,0,0,0,0,0,0,0
headset,Headset,corrupt,B,5,modeled,s006,mid,ko,capped,5570596.5992092,5.5705965992092,5570596.5992092,0,0,0,0,0,0,0,0,0
prize_vase,Prize Vase,base,C,12,proc,s006,mid,ko,capped,5570596.5992092,5.5705965992092,5570596.5992092,0,0,0,0,0,0,0,0,0
prize_vase,Prize Vase,corrupt,C,6,proc,s006,mid,ko,capped,5570596.5992092,5.5705965992092,5570596.5992092,0,0,0,0,0,0,0,0,0
compact_fridge,Compact Fridge,base,B,12,not modeled,s006,mid,ko,capped,5570596.5992092,5.5705965992092,5570596.5992092,0,0,0,0,0,0,0,0,0
compact_fridge,Compact Fridge,corrupt,B,6,not modeled,s006,mid,ko,capped,5570596.5992092,5.5705965992092,5570596.5992092,0,0,0,0,0,0,0,0,0
wall_clock,Wall Clock,base,B,12,proc,s006,mid,ko,capped,5570596.5992092,5.5705965992092,5570596.5992092,0,0,0,0,0,0,0,0,0
wall_clock,Wall Clock,corrupt,B,7,partial,s006,mid,ko,capped,5570596.5992092,5.5705965992092,5570596.5992092,0,0,0,0,0,0,0,0,0
house_cat,House Cat,base,B,8,proc,s006,mid,ko,capped,5570596.5992092,5.5705965992092,5570596.5992092,0,0,0,0,0,0,0,0,0
house_cat,House Cat,corrupt,B,4,proc,s006,mid,ko,capped,5570596.5992092,5.5705965992092,5570596.5992092,0,0,0,0,0,0,0,0,0
candle,Candle,base,B,7,proc,s006,mid,ko,capped,5570596.5992092,5.5705965992092,5570596.5992092,0,0,0,0,0,0,0,0,0
dusty_console,Dusty Console,base,B,5,modeled,s006,mid,ko,capped,5570596.5992092,5.5705965992092,5570596.5992092,0,0,0,0,0,0,0,0,0
handheld,Handheld,base,B,5,modeled,s006,mid,ko,capped,5570596.5992092,5.5705965992092,5570596.5992092,0,0,0,0,0,0,0,0,0
red_rug,Red Rug,base,B,8,modeled,s006,mid,ko,capped,5570596.5992092,5.5705965992092,5570596.5992092,0,0,0,0,0,0,0,0,0
dish_soap,Dish Soap,base,B,12,proc,s006,mid,ko,capped,5570596.5992092,5.5705965992092,5570596.5992092,0,0,0,0,0,0,0,0,0
rolled_vouchers,Rolled Vouchers,base,C,9,proc,s006,mid,ko,capped,5570596.5992092,5.5705965992092,5570596.5992092,0,0,0,0,0,0,0,0,0
rolled_vouchers,Rolled Vouchers,corrupt,C,5,proc,s006,mid,ko,capped,5570596.5992092,5.5705965992092,5570596.5992092,0,0,0,0,0,0,0,0,0
second_monitor,Second Monitor,base,C,10,modeled,s006,mid,ko,capped,5570596.5992092,5.5705965992092,5570596.5992092,0,0,0,0,0,0,0,0,0
second_monitor,Second Monitor,corrupt,C,6,modeled,s006,mid,ko,capped,5570596.5992092,5.5705965992092,5570596.5992092,0,0,0,0,0,0,0,0,0
laptop_terminal,Laptop Terminal,base,D,12,not modeled,s006,mid,ko,capped,5570596.5992092,5.5705965992092,5570596.5992092,0,0,0,0,0,0,0,0,0
laptop_terminal,Laptop Terminal,corrupt,D,6,not modeled,s006,mid,ko,capped,5570596.5992092,5.5705965992092,5570596.5992092,0,0,0,0,0,0,0,0,0
gaming_keyboard,Gaming Keyboard,base,D,12,not modeled,s006,mid,ko,capped,5570596.5992092,5.5705965992092,5570596.5992092,0,0,0,0,0,0,0,0,0
gaming_keyboard,Gaming Keyboard,corrupt,D,6,not modeled,s006,mid,ko,capped,5570596.5992092,5.5705965992092,5570596.5992092,0,0,0,0,0,0,0,0,0
box_of_mice,Box of Mice,base,D,13,not modeled,s006,mid,ko,capped,5570596.5992092,5.5705965992092,5570596.5992092,0,0,0,0,0,0,0,0,0
box_of_mice,Box of Mice,corrupt,D,7,not modeled,s006,mid,ko,capped,5570596.5992092,5.5705965992092,5570596.5992092,0,0,0,0,0,0,0,0,0
wacom_tablet,Wacom Tablet,base,D,13,not modeled,s006,mid,ko,capped,5570596.5992092,5.5705965992092,5570596.5992092,0,0,0,0,0,0,0,0,0
wacom_tablet,Wacom Tablet,corrupt,D,7,not modeled,s006,mid,ko,capped,5570596.5992092,5.5705965992092,5570596.5992092,0,0,0,0,0,0,0,0,0
desk_lamp,Desk Lamp,base,D,10,not modeled,s006,mid,ko,capped,5570596.5992092,5.5705965992092,5570596.5992092,0,0,0,0,0,0,0,0,0
desk_lamp,Desk Lamp,corrupt,D,6,not modeled,s006,mid,ko,capped,5570596.5992092,5.5705965992092,5570596.5992092,0,0,0,0,0,0,0,0,0
telephone,Telephone,base,D,12,not modeled,s006,mid,ko,capped,5570596.5992092,5.5705965992092,5570596.5992092,0,0,0,0,0,0,0,0,0
glass_partition,Glass Partition,base,D,12,not modeled,s006,mid,ko,capped,5570596.5992092,5.5705965992092,5570596.5992092,0,0,0,0,0,0,0,0,0
electric_kettle,Electric Kettle,base,D,11,not modeled,s006,mid,ko,capped,5570596.5992092,5.5705965992092,5570596.5992092,0,0,0,0,0,0,0,0,0
electric_kettle,Electric Kettle,corrupt,D,8,not modeled,s006,mid,ko,capped,5570596.5992092,5.5705965992092,5570596.5992092,0,0,0,0,0,0,0,0,0
chrome_toaster,Chrome Toaster,base,D,14,not modeled,s006,mid,ko,capped,5570596.5992092,5.5705965992092,5570596.5992092,0,0,0,0,0,0,0.40000000000000036,0,0
chrome_toaster,Chrome Toaster,corrupt,D,8,not modeled,s006,mid,ko,capped,5570596.5992092,5.5705965992092,5570596.5992092,0,0,0,0,0,0,1.75,0,0
first_aid_kit,First Aid Kit,base,D,16,proc,s006,mid,ko,capped,5570596.5992092,5.5705965992092,5570596.5992092,0,0,0,0,0,0,0,0,0
first_aid_kit,First Aid Kit,corrupt,D,8,partial,s006,mid,ko,capped,5570596.5992092,5.5705965992092,5570596.5992092,0,0,0,0,0,0,0,0,0
nightstand,Nightstand,base,D,13,proc,s006,mid,ko,capped,5570596.5992092,5.5705965992092,5570596.5992092,0,0,0,0,0,0,0,0,0
nightstand,Nightstand,corrupt,D,8,proc,s006,mid,ko,capped,5570596.5992092,5.5705965992092,5570596.5992092,0,0,0,0,0,0,0,0,0
receipt_printer,Receipt Printer,base,C,19,proc,s006,mid,ko,capped,5570596.5992092,5.5705965992092,5570596.5992092,0,0,0,0,0,0,0,0,0
receipt_printer,Receipt Printer,corrupt,C,9,proc,s006,mid,ko,capped,5570596.5992092,5.5705965992092,5570596.5992092,0,0,0,0,0,0,0,0,0
microwave_oven,Microwave Oven,base,D,18,proc,s006,mid,ko,capped,5570596.5992092,5.5705965992092,5570596.5992092,0,0,0,0,0,0,0,0,0
microwave_oven,Microwave Oven,corrupt,D,10,partial,s006,mid,ko,capped,5570596.5992092,5.5705965992092,5570596.5992092,0,0,0,0,0,0,0,0,0
framed_diploma,Framed Diploma,base,D,18,proc,s006,mid,ko,capped,5570596.5992092,5.5705965992092,5570596.5992092,0,0,0,0,0,0,0,0,0
framed_diploma,Framed Diploma,corrupt,D,9,partial,s006,mid,ko,capped,5570596.5992092,5.5705965992092,5570596.5992092,0,0,0,0,0,0,0,0,0
laminated_blueprint,Laminated Blueprint,base,D,19,not modeled,s006,mid,ko,capped,5570596.5992092,5.5705965992092,5570596.5992092,0,0,0,0,0,0,0,0,0
laminated_blueprint,Laminated Blueprint,corrupt,D,10,not modeled,s006,mid,ko,capped,5570596.5992092,5.5705965992092,5570596.5992092,0,0,0,0,0,0,0,0,0
console_television,Console Television,base,D,26,proc,s006,mid,ko,capped,5570596.5992092,5.5705965992092,5570596.5992092,0,0,0,0,0,0,0,0,0
console_television,Console Television,corrupt,D,13,partial,s006,mid,ko,capped,5570596.5992092,5.5705965992092,5570596.5992092,0,0,0,0,0,0,0,0,0
desk_speakers,Desk Speakers,base,C,10,modeled,s006,mid,ko,capped,5570596.5992092,5.5705965992092,8933519.9056164,3362923.306407201,657963255.601409,65796325.56014089,3.3629233064072004,657.963255601409,65.7963255601409,1.75,0.04999999999999999,0.6036917673924909
desk_speakers,Desk Speakers,corrupt,C,6,modeled,s006,mid,ko,capped,5570596.5992092,5.5705965992092,30693152.631363,25122556.0321538,4915282701.943135,819213783.6571892,25.1225560321538,4915.282701943135,819.2137836571892,10.5,0.30000000000000004,4.509850172191645
curved_monitor,Curved Monitor,base,C,13,proc,s006,mid,ko,capped,5570596.5992092,5.5705965992092,5570596.5992092,0,0,0,0,0,0,0,0,0
curved_monitor,Curved Monitor,corrupt,C,7,partial,s006,mid,ko,capped,5570596.5992092,5.5705965992092,5570596.5992092,0,0,0,0,0,0,0,0,0
tower_upgrade,Tower Upgrade,base,C,14,proc,s006,mid,ko,capped,5570596.5992092,5.5705965992092,5570596.5992092,0,0,0,0,0,0,0,0,0
tower_upgrade,Tower Upgrade,corrupt,C,5,partial,s006,mid,ko,capped,5570596.5992092,5.5705965992092,5570596.5992092,0,0,0,0,0,0,0,0,0
copy_machine,Copy Machine,base,C,19,not modeled,s006,mid,ko,capped,5570596.5992092,5.5705965992092,5570596.5992092,0,0,0,0,0,0,0,0,0
whiteboard,Whiteboard,base,D,17,not modeled,s006,mid,ko,capped,5570596.5992092,5.5705965992092,5570596.5992092,0,0,0,0,0,0,0,0,0
high_roller_pass,High Roller Pass,base,D,19,not modeled,s006,mid,ko,capped,5570596.5992092,5.5705965992092,5570596.5992092,0,0,0,0,0,0,0,0,0
high_roller_pass,High Roller Pass,corrupt,D,9,partial,s006,mid,ko,capped,5570596.5992092,5.5705965992092,5570596.5992092,0,0,0,0,0,0,0,0,0
window,Window,base,D,20,proc,s006,mid,ko,capped,5570596.5992092,5.5705965992092,5570596.5992092,0,0,0,0,0,0,0,0,0
window,Window,corrupt,D,10,partial,s006,mid,ko,capped,5570596.5992092,5.5705965992092,5570596.5992092,0,0,0,0,0,0,0,0,0
bookshelf,Bookshelf,base,D,22,modeled,s006,mid,ko,capped,5570596.5992092,5.5705965992092,5570596.5992092,0,0,0,0,0,0,0,0,0
bookshelf,Bookshelf,corrupt,D,11,modeled,s006,mid,ko,capped,5570596.5992092,5.5705965992092,5570596.5992092,0,0,0,0,0,0,0,0,0
cereal_shelf,Cereal Shelf,base,D,24,not modeled,s006,mid,ko,capped,5570596.5992092,5.5705965992092,5570596.5992092,0,0,0,0,0,0,0,0,0
cereal_shelf,Cereal Shelf,corrupt,D,12,not modeled,s006,mid,ko,capped,5570596.5992092,5.5705965992092,5570596.5992092,0,0,0,0,0,0,0,0,0
fire_extinguisher,Fire Extinguisher,base,D,24,proc,s006,mid,ko,capped,5570596.5992092,5.5705965992092,5570596.5992092,0,0,0,0,0,0,0,0,0
fire_extinguisher,Fire Extinguisher,corrupt,D,12,partial,s006,mid,ko,capped,5570596.5992092,5.5705965992092,5570596.5992092,0,0,0,0,0,0,0,0,0
blackout_curtains,Blackout Curtains,base,D,24,proc,s006,mid,ko,capped,5570596.5992092,5.5705965992092,5570596.5992092,0,0,0,0,0,0,0,0,0
blackout_curtains,Blackout Curtains,corrupt,D,12,partial,s006,mid,ko,capped,5570596.5992092,5.5705965992092,5570596.5992092,0,0,0,0,0,0,0,0,0
tip_jar,Tip Jar,base,D,24,not modeled,s006,mid,ko,capped,5570596.5992092,5.5705965992092,5570596.5992092,0,0,0,0,0,0,0,0,0
tip_jar,Tip Jar,corrupt,D,12,not modeled,s006,mid,ko,capped,5570596.5992092,5.5705965992092,5570596.5992092,0,0,0,0,0,0,0,0,0
shredder,Shredder,base,D,18,proc,s006,mid,ko,capped,5570596.5992092,5.5705965992092,5570596.5992092,0,0,0,0,0,0,0,0,0
shredder,Shredder,corrupt,D,9,partial,s006,mid,ko,capped,5570596.5992092,5.5705965992092,5570596.5992092,0,0,0,0,0,0,0,0,0
cool_towel,Cool Towel,base,D,16,proc,s006,mid,ko,capped,5570596.5992092,5.5705965992092,5570596.5992092,0,0,0,0,0,0,0,0,0
waste_basket,Waste Basket,base,D,18,proc,s006,mid,ko,capped,5570596.5992092,5.5705965992092,5570596.5992092,0,0,0,0,0,0,0,0,0
waste_basket,Waste Basket,corrupt,D,9,proc,s006,mid,ko,capped,5570596.5992092,5.5705965992092,5570596.5992092,0,0,0,0,0,0,0,0,0
cleaning_robot,Cleaning Robot,base,D,24,proc,s006,mid,ko,capped,5570596.5992092,5.5705965992092,5570596.5992092,0,0,0,0,0,0,0,0,0
